method,scenario,scale,epoch,served_rate,runtime_sec,feasible,orders_dispatched,orders_pending
OR-Tools,ORTEC-SYNTH-300-s101_dyn5e,300,0,0.2,3.04,True,60.0,0.0
OR-Tools,ORTEC-SYNTH-300-s101_dyn5e,300,1,0.4,2.45,True,60.0,0.0
OR-Tools,ORTEC-SYNTH-300-s101_dyn5e,300,2,0.6,3.07,True,60.0,0.0
OR-Tools,ORTEC-SYNTH-300-s101_dyn5e,300,3,0.8,2.38,True,60.0,0.0
OR-Tools,ORTEC-SYNTH-300-s101_dyn5e,300,4,1.0,2.21,True,60.0,0.0
OR-Tools,ORTEC-SYNTH-300-s100_dyn5e,300,0,0.2,3.6,True,60.0,0.0
OR-Tools,ORTEC-SYNTH-300-s100_dyn5e,300,1,0.4,2.25,True,60.0,0.0
OR-Tools,ORTEC-SYNTH-300-s100_dyn5e,300,2,0.6,1.95,True,60.0,0.0
OR-Tools,ORTEC-SYNTH-300-s100_dyn5e,300,3,0.8,3.62,True,60.0,0.0
OR-Tools,ORTEC-SYNTH-300-s100_dyn5e,300,4,1.0,2.74,True,60.0,0.0
OR-Tools,ORTEC-SYNTH-300-s103_dyn5e,300,0,0.2,7.15,True,60.0,0.0
OR-Tools,ORTEC-SYNTH-300-s103_dyn5e,300,1,0.4,9.19,True,60.0,0.0
OR-Tools,ORTEC-SYNTH-300-s103_dyn5e,300,2,0.6,7.55,True,60.0,0.0
OR-Tools,ORTEC-SYNTH-300-s103_dyn5e,300,3,0.8,7.89,True,60.0,0.0
OR-Tools,ORTEC-SYNTH-300-s103_dyn5e,300,4,1.0,8.23,True,60.0,0.0
OR-Tools,ORTEC-SYNTH-300-s102_dyn5e,300,0,0.2,11.04,True,60.0,0.0
OR-Tools,ORTEC-SYNTH-300-s102_dyn5e,300,1,0.4,6.8,True,60.0,0.0
OR-Tools,ORTEC-SYNTH-300-s102_dyn5e,300,2,0.6,7.3,True,60.0,0.0
OR-Tools,ORTEC-SYNTH-300-s102_dyn5e,300,3,0.8,7.52,True,60.0,0.0
OR-Tools,ORTEC-SYNTH-300-s102_dyn5e,300,4,1.0,7.58,True,60.0,0.0
OR-Tools,ORTEC-SYNTH-300-s104_dyn5e,300,0,0.2,11.37,True,60.0,0.0
OR-Tools,ORTEC-SYNTH-300-s104_dyn5e,300,1,0.4,7.59,True,60.0,0.0
OR-Tools,ORTEC-SYNTH-300-s104_dyn5e,300,2,0.6,13.35,True,60.0,0.0
OR-Tools,ORTEC-SYNTH-300-s104_dyn5e,300,3,0.8,5.96,True,60.0,0.0
OR-Tools,ORTEC-SYNTH-300-s104_dyn5e,300,4,1.0,12.38,True,60.0,0.0
OR-Tools,ORTEC-SYNTH-300-s105_dyn5e,300,0,0.2,8.35,True,60.0,0.0
OR-Tools,ORTEC-SYNTH-300-s105_dyn5e,300,1,0.4,9.42,True,60.0,0.0
OR-Tools,ORTEC-SYNTH-300-s105_dyn5e,300,2,0.6,9.11,True,60.0,0.0
OR-Tools,ORTEC-SYNTH-300-s105_dyn5e,300,3,0.8,12.88,True,60.0,0.0
OR-Tools,ORTEC-SYNTH-300-s105_dyn5e,300,4,1.0,10.5,True,60.0,0.0
OR-Tools,ORTEC-SYNTH-300-s106_dyn5e,300,0,0.2,7.19,True,60.0,0.0
OR-Tools,ORTEC-SYNTH-300-s106_dyn5e,300,1,0.4,7.97,True,60.0,0.0
OR-Tools,ORTEC-SYNTH-300-s106_dyn5e,300,2,0.6,11.89,True,60.0,0.0
OR-Tools,ORTEC-SYNTH-300-s106_dyn5e,300,3,0.8,7.14,True,60.0,0.0
OR-Tools,ORTEC-SYNTH-300-s106_dyn5e,300,4,1.0,7.72,True,60.0,0.0
OR-Tools,ORTEC-SYNTH-300-s107_dyn5e,300,0,0.2,9.22,True,60.0,0.0
OR-Tools,ORTEC-SYNTH-300-s107_dyn5e,300,1,0.4,10.06,True,60.0,0.0
OR-Tools,ORTEC-SYNTH-300-s107_dyn5e,300,2,0.6,6.05,True,60.0,0.0
OR-Tools,ORTEC-SYNTH-300-s107_dyn5e,300,3,0.8,7.43,True,60.0,0.0
OR-Tools,ORTEC-SYNTH-300-s107_dyn5e,300,4,1.0,8.35,True,60.0,0.0
OR-Tools,ORTEC-SYNTH-300-s108_dyn5e,300,0,0.2,4.97,True,60.0,0.0
OR-Tools,ORTEC-SYNTH-300-s108_dyn5e,300,1,0.4,7.62,True,60.0,0.0
OR-Tools,ORTEC-SYNTH-300-s108_dyn5e,300,2,0.6,11.45,True,60.0,0.0
OR-Tools,ORTEC-SYNTH-300-s108_dyn5e,300,3,0.8,8.33,True,60.0,0.0
OR-Tools,ORTEC-SYNTH-300-s108_dyn5e,300,4,1.0,8.11,True,60.0,0.0
OR-Tools,ORTEC-SYNTH-300-s109_dyn5e,300,0,0.2,8.13,True,60.0,0.0
OR-Tools,ORTEC-SYNTH-300-s109_dyn5e,300,1,0.4,6.2,True,60.0,0.0
OR-Tools,ORTEC-SYNTH-300-s109_dyn5e,300,2,0.6,13.73,True,60.0,0.0
OR-Tools,ORTEC-SYNTH-300-s109_dyn5e,300,3,0.8,6.16,True,60.0,0.0
OR-Tools,ORTEC-SYNTH-300-s109_dyn5e,300,4,1.0,9.12,True,60.0,0.0
OR-Tools,ORTEC-SYNTH-300-s111_dyn5e,300,0,0.2,7.92,True,60.0,0.0
OR-Tools,ORTEC-SYNTH-300-s111_dyn5e,300,1,0.4,7.58,True,60.0,0.0
OR-Tools,ORTEC-SYNTH-300-s111_dyn5e,300,2,0.6,7.68,True,60.0,0.0
OR-Tools,ORTEC-SYNTH-300-s111_dyn5e,300,3,0.8,8.34,True,60.0,0.0
OR-Tools,ORTEC-SYNTH-300-s111_dyn5e,300,4,1.0,8.43,True,60.0,0.0
OR-Tools,ORTEC-SYNTH-300-s110_dyn5e,300,0,0.2,7.95,True,60.0,0.0
OR-Tools,ORTEC-SYNTH-300-s110_dyn5e,300,1,0.4,8.76,True,60.0,0.0
OR-Tools,ORTEC-SYNTH-300-s110_dyn5e,300,2,0.6,8.65,True,60.0,0.0
OR-Tools,ORTEC-SYNTH-300-s110_dyn5e,300,3,0.8,10.01,True,60.0,0.0
OR-Tools,ORTEC-SYNTH-300-s110_dyn5e,300,4,1.0,7.28,True,60.0,0.0
OR-Tools,ORTEC-SYNTH-300-s42_dyn5e,300,0,0.2,9.2,True,60.0,0.0
OR-Tools,ORTEC-SYNTH-300-s42_dyn5e,300,1,0.4,7.47,True,60.0,0.0
OR-Tools,ORTEC-SYNTH-300-s42_dyn5e,300,2,0.6,7.69,True,60.0,0.0
OR-Tools,ORTEC-SYNTH-300-s42_dyn5e,300,3,0.8,9.19,True,60.0,0.0
OR-Tools,ORTEC-SYNTH-300-s42_dyn5e,300,4,1.0,8.57,True,60.0,0.0
OR-Tools,ORTEC-SYNTH-300-s43_dyn5e,300,0,0.2,11.38,True,60.0,0.0
OR-Tools,ORTEC-SYNTH-300-s43_dyn5e,300,1,0.4,8.72,True,60.0,0.0
OR-Tools,ORTEC-SYNTH-300-s43_dyn5e,300,2,0.6,11.34,True,60.0,0.0
OR-Tools,ORTEC-SYNTH-300-s43_dyn5e,300,3,0.8,8.92,True,60.0,0.0
OR-Tools,ORTEC-SYNTH-300-s43_dyn5e,300,4,1.0,5.75,True,60.0,0.0
OR-Tools,ORTEC-SYNTH-300-s44_dyn5e,300,0,0.2,6.49,True,60.0,0.0
OR-Tools,ORTEC-SYNTH-300-s44_dyn5e,300,1,0.4,9.5,True,60.0,0.0
OR-Tools,ORTEC-SYNTH-300-s44_dyn5e,300,2,0.6,9.66,True,60.0,0.0
OR-Tools,ORTEC-SYNTH-300-s44_dyn5e,300,3,0.8,9.67,True,60.0,0.0
OR-Tools,ORTEC-SYNTH-300-s44_dyn5e,300,4,1.0,7.77,True,60.0,0.0
OR-Tools,ORTEC-SYNTH-300-s45_dyn5e,300,0,0.2,7.98,True,60.0,0.0
OR-Tools,ORTEC-SYNTH-300-s45_dyn5e,300,1,0.4,6.98,True,60.0,0.0
OR-Tools,ORTEC-SYNTH-300-s45_dyn5e,300,2,0.6,8.85,True,60.0,0.0
OR-Tools,ORTEC-SYNTH-300-s45_dyn5e,300,3,0.8,11.52,True,60.0,0.0
OR-Tools,ORTEC-SYNTH-300-s45_dyn5e,300,4,1.0,7.35,True,60.0,0.0
OR-Tools,ORTEC-SYNTH-300-s46_dyn5e,300,0,0.2,8.61,True,60.0,0.0
OR-Tools,ORTEC-SYNTH-300-s46_dyn5e,300,1,0.4,12.15,True,60.0,0.0
OR-Tools,ORTEC-SYNTH-300-s46_dyn5e,300,2,0.6,9.13,True,60.0,0.0
OR-Tools,ORTEC-SYNTH-300-s46_dyn5e,300,3,0.8,6.63,True,60.0,0.0
OR-Tools,ORTEC-SYNTH-300-s46_dyn5e,300,4,1.0,7.28,True,60.0,0.0
OR-Tools,ORTEC-SYNTH-300-s47_dyn5e,300,0,0.2,7.94,True,60.0,0.0
OR-Tools,ORTEC-SYNTH-300-s47_dyn5e,300,1,0.4,9.3,True,60.0,0.0
OR-Tools,ORTEC-SYNTH-300-s47_dyn5e,300,2,0.6,6.9,True,60.0,0.0
OR-Tools,ORTEC-SYNTH-300-s47_dyn5e,300,3,0.8,6.62,True,60.0,0.0
OR-Tools,ORTEC-SYNTH-300-s47_dyn5e,300,4,1.0,6.18,True,60.0,0.0
OR-Tools,ORTEC-SYNTH-300-s49_dyn5e,300,0,0.2,6.84,True,60.0,0.0
OR-Tools,ORTEC-SYNTH-300-s49_dyn5e,300,1,0.4,10.19,True,60.0,0.0
OR-Tools,ORTEC-SYNTH-300-s49_dyn5e,300,2,0.6,10.0,True,60.0,0.0
OR-Tools,ORTEC-SYNTH-300-s49_dyn5e,300,3,0.8,6.03,True,60.0,0.0
OR-Tools,ORTEC-SYNTH-300-s49_dyn5e,300,4,1.0,6.23,True,60.0,0.0
OR-Tools,ORTEC-SYNTH-300-s48_dyn5e,300,0,0.2,7.75,True,60.0,0.0
OR-Tools,ORTEC-SYNTH-300-s48_dyn5e,300,1,0.4,9.9,True,60.0,0.0
OR-Tools,ORTEC-SYNTH-300-s48_dyn5e,300,2,0.6,7.82,True,60.0,0.0
OR-Tools,ORTEC-SYNTH-300-s48_dyn5e,300,3,0.8,9.25,True,60.0,0.0
OR-Tools,ORTEC-SYNTH-300-s48_dyn5e,300,4,1.0,10.16,True,60.0,0.0
OR-Tools,ORTEC-SYNTH-300-s50_dyn5e,300,0,0.2,7.98,True,60.0,0.0
OR-Tools,ORTEC-SYNTH-300-s50_dyn5e,300,1,0.4,7.99,True,60.0,0.0
OR-Tools,ORTEC-SYNTH-300-s50_dyn5e,300,2,0.6,8.83,True,60.0,0.0
OR-Tools,ORTEC-SYNTH-300-s50_dyn5e,300,3,0.8,8.35,True,60.0,0.0
OR-Tools,ORTEC-SYNTH-300-s50_dyn5e,300,4,1.0,9.07,True,60.0,0.0
OR-Tools,ORTEC-SYNTH-300-s51_dyn5e,300,0,0.2,11.55,True,60.0,0.0
OR-Tools,ORTEC-SYNTH-300-s51_dyn5e,300,1,0.4,7.81,True,60.0,0.0
OR-Tools,ORTEC-SYNTH-300-s51_dyn5e,300,2,0.6,10.05,True,60.0,0.0
OR-Tools,ORTEC-SYNTH-300-s51_dyn5e,300,3,0.8,6.55,True,60.0,0.0
OR-Tools,ORTEC-SYNTH-300-s51_dyn5e,300,4,1.0,8.21,True,60.0,0.0
OR-Tools,ORTEC-SYNTH-300-s52_dyn5e,300,0,0.2,8.44,True,60.0,0.0
OR-Tools,ORTEC-SYNTH-300-s52_dyn5e,300,1,0.4,9.51,True,60.0,0.0
OR-Tools,ORTEC-SYNTH-300-s52_dyn5e,300,2,0.6,8.33,True,60.0,0.0
OR-Tools,ORTEC-SYNTH-300-s52_dyn5e,300,3,0.8,6.09,True,60.0,0.0
OR-Tools,ORTEC-SYNTH-300-s52_dyn5e,300,4,1.0,6.47,True,60.0,0.0
OR-Tools,ORTEC-SYNTH-300-s53_dyn5e,300,0,0.2,6.99,True,60.0,0.0
OR-Tools,ORTEC-SYNTH-300-s53_dyn5e,300,1,0.4,6.98,True,60.0,0.0
OR-Tools,ORTEC-SYNTH-300-s53_dyn5e,300,2,0.6,9.81,True,60.0,0.0
OR-Tools,ORTEC-SYNTH-300-s53_dyn5e,300,3,0.8,10.29,True,60.0,0.0
OR-Tools,ORTEC-SYNTH-300-s53_dyn5e,300,4,1.0,12.3,True,60.0,0.0
OR-Tools,ORTEC-SYNTH-300-s54_dyn5e,300,0,0.2,7.12,True,60.0,0.0
OR-Tools,ORTEC-SYNTH-300-s54_dyn5e,300,1,0.4,10.04,True,60.0,0.0
OR-Tools,ORTEC-SYNTH-300-s54_dyn5e,300,2,0.6,9.28,True,60.0,0.0
OR-Tools,ORTEC-SYNTH-300-s54_dyn5e,300,3,0.8,7.6,True,60.0,0.0
OR-Tools,ORTEC-SYNTH-300-s54_dyn5e,300,4,1.0,6.33,True,60.0,0.0
OR-Tools,ORTEC-SYNTH-300-s55_dyn5e,300,0,0.2,8.61,True,60.0,0.0
OR-Tools,ORTEC-SYNTH-300-s55_dyn5e,300,1,0.4,12.52,True,60.0,0.0
OR-Tools,ORTEC-SYNTH-300-s55_dyn5e,300,2,0.6,8.86,True,60.0,0.0
OR-Tools,ORTEC-SYNTH-300-s55_dyn5e,300,3,0.8,6.29,True,60.0,0.0
OR-Tools,ORTEC-SYNTH-300-s55_dyn5e,300,4,1.0,15.26,True,60.0,0.0
OR-Tools,ORTEC-SYNTH-300-s56_dyn5e,300,0,0.2,7.46,True,60.0,0.0
OR-Tools,ORTEC-SYNTH-300-s56_dyn5e,300,1,0.4,6.37,True,60.0,0.0
OR-Tools,ORTEC-SYNTH-300-s56_dyn5e,300,2,0.6,9.37,True,60.0,0.0
OR-Tools,ORTEC-SYNTH-300-s56_dyn5e,300,3,0.8,10.51,True,60.0,0.0
OR-Tools,ORTEC-SYNTH-300-s56_dyn5e,300,4,1.0,7.79,True,60.0,0.0
OR-Tools,ORTEC-SYNTH-300-s57_dyn5e,300,0,0.2,9.87,True,60.0,0.0
OR-Tools,ORTEC-SYNTH-300-s57_dyn5e,300,1,0.4,9.11,True,60.0,0.0
OR-Tools,ORTEC-SYNTH-300-s57_dyn5e,300,2,0.6,8.52,True,60.0,0.0
OR-Tools,ORTEC-SYNTH-300-s57_dyn5e,300,3,0.8,5.09,True,60.0,0.0
OR-Tools,ORTEC-SYNTH-300-s57_dyn5e,300,4,1.0,10.96,True,60.0,0.0
OR-Tools,ORTEC-SYNTH-300-s58_dyn5e,300,0,0.2,11.47,True,60.0,0.0
OR-Tools,ORTEC-SYNTH-300-s58_dyn5e,300,1,0.4,8.27,True,60.0,0.0
OR-Tools,ORTEC-SYNTH-300-s58_dyn5e,300,2,0.6,10.13,True,60.0,0.0
OR-Tools,ORTEC-SYNTH-300-s58_dyn5e,300,3,0.8,7.93,True,60.0,0.0
OR-Tools,ORTEC-SYNTH-300-s58_dyn5e,300,4,1.0,7.43,True,60.0,0.0
OR-Tools,ORTEC-SYNTH-300-s60_dyn5e,300,0,0.2,9.7,True,60.0,0.0
OR-Tools,ORTEC-SYNTH-300-s60_dyn5e,300,1,0.4,8.71,True,60.0,0.0
OR-Tools,ORTEC-SYNTH-300-s60_dyn5e,300,2,0.6,5.39,True,60.0,0.0
OR-Tools,ORTEC-SYNTH-300-s60_dyn5e,300,3,0.8,10.22,True,60.0,0.0
OR-Tools,ORTEC-SYNTH-300-s60_dyn5e,300,4,1.0,7.68,True,60.0,0.0
OR-Tools,ORTEC-SYNTH-300-s61_dyn5e,300,0,0.2,7.74,True,60.0,0.0
OR-Tools,ORTEC-SYNTH-300-s61_dyn5e,300,1,0.4,7.22,True,60.0,0.0
OR-Tools,ORTEC-SYNTH-300-s61_dyn5e,300,2,0.6,7.51,True,60.0,0.0
OR-Tools,ORTEC-SYNTH-300-s61_dyn5e,300,3,0.8,6.22,True,60.0,0.0
OR-Tools,ORTEC-SYNTH-300-s61_dyn5e,300,4,1.0,5.46,True,60.0,0.0
OR-Tools,ORTEC-SYNTH-300-s62_dyn5e,300,0,0.2,7.8,True,60.0,0.0
OR-Tools,ORTEC-SYNTH-300-s62_dyn5e,300,1,0.4,9.44,True,60.0,0.0
OR-Tools,ORTEC-SYNTH-300-s62_dyn5e,300,2,0.6,6.42,True,60.0,0.0
OR-Tools,ORTEC-SYNTH-300-s62_dyn5e,300,3,0.8,11.24,True,60.0,0.0
OR-Tools,ORTEC-SYNTH-300-s62_dyn5e,300,4,1.0,10.09,True,60.0,0.0
OR-Tools,ORTEC-SYNTH-300-s63_dyn5e,300,0,0.2,6.33,True,60.0,0.0
OR-Tools,ORTEC-SYNTH-300-s63_dyn5e,300,1,0.4,9.27,True,60.0,0.0
OR-Tools,ORTEC-SYNTH-300-s63_dyn5e,300,2,0.6,7.43,True,60.0,0.0
OR-Tools,ORTEC-SYNTH-300-s63_dyn5e,300,3,0.8,7.38,True,60.0,0.0
OR-Tools,ORTEC-SYNTH-300-s63_dyn5e,300,4,1.0,8.97,True,60.0,0.0
OR-Tools,ORTEC-SYNTH-300-s64_dyn5e,300,0,0.2,8.76,True,60.0,0.0
OR-Tools,ORTEC-SYNTH-300-s64_dyn5e,300,1,0.4,8.07,True,60.0,0.0
OR-Tools,ORTEC-SYNTH-300-s64_dyn5e,300,2,0.6,10.91,True,60.0,0.0
OR-Tools,ORTEC-SYNTH-300-s64_dyn5e,300,3,0.8,9.55,True,60.0,0.0
OR-Tools,ORTEC-SYNTH-300-s64_dyn5e,300,4,1.0,10.28,True,60.0,0.0
OR-Tools,ORTEC-SYNTH-300-s65_dyn5e,300,0,0.2,9.09,True,60.0,0.0
OR-Tools,ORTEC-SYNTH-300-s65_dyn5e,300,1,0.4,6.64,True,60.0,0.0
OR-Tools,ORTEC-SYNTH-300-s65_dyn5e,300,2,0.6,7.17,True,60.0,0.0
OR-Tools,ORTEC-SYNTH-300-s65_dyn5e,300,3,0.8,9.92,True,60.0,0.0
OR-Tools,ORTEC-SYNTH-300-s65_dyn5e,300,4,1.0,10.95,True,60.0,0.0
OR-Tools,ORTEC-SYNTH-300-s66_dyn5e,300,0,0.2,9.39,True,60.0,0.0
OR-Tools,ORTEC-SYNTH-300-s66_dyn5e,300,1,0.4,5.03,True,60.0,0.0
OR-Tools,ORTEC-SYNTH-300-s66_dyn5e,300,2,0.6,9.16,True,60.0,0.0
OR-Tools,ORTEC-SYNTH-300-s66_dyn5e,300,3,0.8,6.37,True,60.0,0.0
OR-Tools,ORTEC-SYNTH-300-s66_dyn5e,300,4,1.0,6.79,True,60.0,0.0
OR-Tools,ORTEC-SYNTH-300-s67_dyn5e,300,0,0.2,6.89,True,60.0,0.0
OR-Tools,ORTEC-SYNTH-300-s67_dyn5e,300,1,0.4,10.45,True,60.0,0.0
OR-Tools,ORTEC-SYNTH-300-s67_dyn5e,300,2,0.6,7.78,True,60.0,0.0
OR-Tools,ORTEC-SYNTH-300-s67_dyn5e,300,3,0.8,10.35,True,60.0,0.0
OR-Tools,ORTEC-SYNTH-300-s67_dyn5e,300,4,1.0,6.84,True,60.0,0.0
OR-Tools,ORTEC-SYNTH-300-s69_dyn5e,300,0,0.2,7.61,True,60.0,0.0
OR-Tools,ORTEC-SYNTH-300-s69_dyn5e,300,1,0.4,6.43,True,60.0,0.0
OR-Tools,ORTEC-SYNTH-300-s69_dyn5e,300,2,0.6,7.39,True,60.0,0.0
OR-Tools,ORTEC-SYNTH-300-s69_dyn5e,300,3,0.8,5.9,True,60.0,0.0
OR-Tools,ORTEC-SYNTH-300-s69_dyn5e,300,4,1.0,7.36,True,60.0,0.0
OR-Tools,ORTEC-SYNTH-300-s70_dyn5e,300,0,0.2,6.49,True,60.0,0.0
OR-Tools,ORTEC-SYNTH-300-s70_dyn5e,300,1,0.4,7.91,True,60.0,0.0
OR-Tools,ORTEC-SYNTH-300-s70_dyn5e,300,2,0.6,7.22,True,60.0,0.0
OR-Tools,ORTEC-SYNTH-300-s70_dyn5e,300,3,0.8,10.39,True,60.0,0.0
OR-Tools,ORTEC-SYNTH-300-s70_dyn5e,300,4,1.0,7.68,True,60.0,0.0
OR-Tools,ORTEC-SYNTH-300-s72_dyn5e,300,0,0.2,8.93,True,60.0,0.0
OR-Tools,ORTEC-SYNTH-300-s72_dyn5e,300,1,0.4,11.07,True,60.0,0.0
OR-Tools,ORTEC-SYNTH-300-s72_dyn5e,300,2,0.6,8.76,True,60.0,0.0
OR-Tools,ORTEC-SYNTH-300-s72_dyn5e,300,3,0.8,7.96,True,60.0,0.0
OR-Tools,ORTEC-SYNTH-300-s72_dyn5e,300,4,1.0,9.87,True,60.0,0.0
OR-Tools,ORTEC-SYNTH-300-s59_dyn5e,300,0,0.2,8.06,True,60.0,0.0
OR-Tools,ORTEC-SYNTH-300-s59_dyn5e,300,1,0.4,7.36,True,60.0,0.0
OR-Tools,ORTEC-SYNTH-300-s59_dyn5e,300,2,0.6,7.61,True,60.0,0.0
OR-Tools,ORTEC-SYNTH-300-s59_dyn5e,300,3,0.6,120.09,False,0.0,60.0
OR-Tools,ORTEC-SYNTH-300-s59_dyn5e,300,4,0.6,120.17,False,0.0,120.0
OR-Tools,ORTEC-SYNTH-300-s73_dyn5e,300,0,0.2,7.39,True,60.0,0.0
OR-Tools,ORTEC-SYNTH-300-s73_dyn5e,300,1,0.4,9.17,True,60.0,0.0
OR-Tools,ORTEC-SYNTH-300-s73_dyn5e,300,2,0.6,7.9,True,60.0,0.0
OR-Tools,ORTEC-SYNTH-300-s73_dyn5e,300,3,0.8,6.37,True,60.0,0.0
OR-Tools,ORTEC-SYNTH-300-s73_dyn5e,300,4,1.0,9.25,True,60.0,0.0
OR-Tools,ORTEC-SYNTH-300-s74_dyn5e,300,0,0.2,9.12,True,60.0,0.0
OR-Tools,ORTEC-SYNTH-300-s74_dyn5e,300,1,0.4,10.3,True,60.0,0.0
OR-Tools,ORTEC-SYNTH-300-s74_dyn5e,300,2,0.6,9.29,True,60.0,0.0
OR-Tools,ORTEC-SYNTH-300-s74_dyn5e,300,3,0.8,12.07,True,60.0,0.0
OR-Tools,ORTEC-SYNTH-300-s74_dyn5e,300,4,1.0,7.16,True,60.0,0.0
OR-Tools,ORTEC-SYNTH-300-s75_dyn5e,300,0,0.2,9.3,True,60.0,0.0
OR-Tools,ORTEC-SYNTH-300-s75_dyn5e,300,1,0.4,10.07,True,60.0,0.0
OR-Tools,ORTEC-SYNTH-300-s75_dyn5e,300,2,0.6,9.35,True,60.0,0.0
OR-Tools,ORTEC-SYNTH-300-s75_dyn5e,300,3,0.8,10.39,True,60.0,0.0
OR-Tools,ORTEC-SYNTH-300-s75_dyn5e,300,4,1.0,13.5,True,60.0,0.0
OR-Tools,ORTEC-SYNTH-300-s76_dyn5e,300,0,0.2,10.23,True,60.0,0.0
OR-Tools,ORTEC-SYNTH-300-s76_dyn5e,300,1,0.4,9.07,True,60.0,0.0
OR-Tools,ORTEC-SYNTH-300-s76_dyn5e,300,2,0.6,5.12,True,60.0,0.0
OR-Tools,ORTEC-SYNTH-300-s76_dyn5e,300,3,0.8,8.5,True,60.0,0.0
OR-Tools,ORTEC-SYNTH-300-s76_dyn5e,300,4,1.0,9.16,True,60.0,0.0
OR-Tools,ORTEC-SYNTH-300-s78_dyn5e,300,0,0.2,10.31,True,60.0,0.0
OR-Tools,ORTEC-SYNTH-300-s78_dyn5e,300,1,0.4,6.46,True,60.0,0.0
OR-Tools,ORTEC-SYNTH-300-s78_dyn5e,300,2,0.6,12.07,True,60.0,0.0
OR-Tools,ORTEC-SYNTH-300-s78_dyn5e,300,3,0.8,8.42,True,60.0,0.0
OR-Tools,ORTEC-SYNTH-300-s78_dyn5e,300,4,1.0,9.45,True,60.0,0.0
OR-Tools,ORTEC-SYNTH-300-s71_dyn5e,300,0,0.2,9.61,True,60.0,0.0
OR-Tools,ORTEC-SYNTH-300-s71_dyn5e,300,1,0.4,6.3,True,60.0,0.0
OR-Tools,ORTEC-SYNTH-300-s71_dyn5e,300,2,0.6,10.21,True,60.0,0.0
OR-Tools,ORTEC-SYNTH-300-s71_dyn5e,300,3,0.6,120.47,False,0.0,60.0
OR-Tools,ORTEC-SYNTH-300-s71_dyn5e,300,4,0.6,120.19,False,0.0,120.0
OR-Tools,ORTEC-SYNTH-300-s79_dyn5e,300,0,0.2,7.19,True,60.0,0.0
OR-Tools,ORTEC-SYNTH-300-s79_dyn5e,300,1,0.4,11.8,True,60.0,0.0
OR-Tools,ORTEC-SYNTH-300-s79_dyn5e,300,2,0.6,10.77,True,60.0,0.0
OR-Tools,ORTEC-SYNTH-300-s79_dyn5e,300,3,0.8,9.03,True,60.0,0.0
OR-Tools,ORTEC-SYNTH-300-s79_dyn5e,300,4,1.0,5.89,True,60.0,0.0
OR-Tools,ORTEC-SYNTH-300-s80_dyn5e,300,0,0.2,10.04,True,60.0,0.0
OR-Tools,ORTEC-SYNTH-300-s80_dyn5e,300,1,0.4,6.9,True,60.0,0.0
OR-Tools,ORTEC-SYNTH-300-s80_dyn5e,300,2,0.6,8.45,True,60.0,0.0
OR-Tools,ORTEC-SYNTH-300-s80_dyn5e,300,3,0.8,8.39,True,60.0,0.0
OR-Tools,ORTEC-SYNTH-300-s80_dyn5e,300,4,1.0,10.92,True,60.0,0.0
OR-Tools,ORTEC-SYNTH-300-s81_dyn5e,300,0,0.2,8.15,True,60.0,0.0
OR-Tools,ORTEC-SYNTH-300-s81_dyn5e,300,1,0.4,6.63,True,60.0,0.0
OR-Tools,ORTEC-SYNTH-300-s81_dyn5e,300,2,0.6,7.55,True,60.0,0.0
OR-Tools,ORTEC-SYNTH-300-s81_dyn5e,300,3,0.8,10.28,True,60.0,0.0
OR-Tools,ORTEC-SYNTH-300-s81_dyn5e,300,4,1.0,6.13,True,60.0,0.0
OR-Tools,ORTEC-SYNTH-300-s68_dyn5e,300,0,0.2,13.13,True,60.0,0.0
OR-Tools,ORTEC-SYNTH-300-s68_dyn5e,300,1,0.4,11.85,True,60.0,0.0
OR-Tools,ORTEC-SYNTH-300-s68_dyn5e,300,2,0.4,120.07,False,0.0,60.0
OR-Tools,ORTEC-SYNTH-300-s68_dyn5e,300,3,0.4,120.39,False,0.0,120.0
OR-Tools,ORTEC-SYNTH-300-s68_dyn5e,300,4,0.4,120.14,False,0.0,180.0
OR-Tools,ORTEC-SYNTH-300-s82_dyn5e,300,0,0.2,9.95,True,60.0,0.0
OR-Tools,ORTEC-SYNTH-300-s82_dyn5e,300,1,0.4,8.07,True,60.0,0.0
OR-Tools,ORTEC-SYNTH-300-s82_dyn5e,300,2,0.6,8.13,True,60.0,0.0
OR-Tools,ORTEC-SYNTH-300-s82_dyn5e,300,3,0.8,11.93,True,60.0,0.0
OR-Tools,ORTEC-SYNTH-300-s82_dyn5e,300,4,1.0,9.8,True,60.0,0.0
OR-Tools,ORTEC-SYNTH-300-s83_dyn5e,300,0,0.2,9.1,True,60.0,0.0
OR-Tools,ORTEC-SYNTH-300-s83_dyn5e,300,1,0.4,7.61,True,60.0,0.0
OR-Tools,ORTEC-SYNTH-300-s83_dyn5e,300,2,0.6,9.36,True,60.0,0.0
OR-Tools,ORTEC-SYNTH-300-s83_dyn5e,300,3,0.8,8.9,True,60.0,0.0
OR-Tools,ORTEC-SYNTH-300-s83_dyn5e,300,4,1.0,11.41,True,60.0,0.0
OR-Tools,ORTEC-SYNTH-300-s84_dyn5e,300,0,0.2,9.33,True,60.0,0.0
OR-Tools,ORTEC-SYNTH-300-s84_dyn5e,300,1,0.4,7.38,True,60.0,0.0
OR-Tools,ORTEC-SYNTH-300-s84_dyn5e,300,2,0.6,6.72,True,60.0,0.0
OR-Tools,ORTEC-SYNTH-300-s84_dyn5e,300,3,0.8,7.99,True,60.0,0.0
OR-Tools,ORTEC-SYNTH-300-s84_dyn5e,300,4,1.0,8.1,True,60.0,0.0
OR-Tools,ORTEC-SYNTH-300-s85_dyn5e,300,0,0.2,8.49,True,60.0,0.0
OR-Tools,ORTEC-SYNTH-300-s85_dyn5e,300,1,0.4,11.04,True,60.0,0.0
OR-Tools,ORTEC-SYNTH-300-s85_dyn5e,300,2,0.6,10.71,True,60.0,0.0
OR-Tools,ORTEC-SYNTH-300-s85_dyn5e,300,3,0.8,7.67,True,60.0,0.0
OR-Tools,ORTEC-SYNTH-300-s85_dyn5e,300,4,1.0,5.98,True,60.0,0.0
OR-Tools,ORTEC-SYNTH-300-s86_dyn5e,300,0,0.2,8.43,True,60.0,0.0
OR-Tools,ORTEC-SYNTH-300-s86_dyn5e,300,1,0.4,7.56,True,60.0,0.0
OR-Tools,ORTEC-SYNTH-300-s86_dyn5e,300,2,0.6,12.11,True,60.0,0.0
OR-Tools,ORTEC-SYNTH-300-s86_dyn5e,300,3,0.8,7.82,True,60.0,0.0
OR-Tools,ORTEC-SYNTH-300-s86_dyn5e,300,4,1.0,8.38,True,60.0,0.0
OR-Tools,ORTEC-SYNTH-300-s87_dyn5e,300,0,0.2,13.98,True,60.0,0.0
OR-Tools,ORTEC-SYNTH-300-s87_dyn5e,300,1,0.4,8.57,True,60.0,0.0
OR-Tools,ORTEC-SYNTH-300-s87_dyn5e,300,2,0.6,8.3,True,60.0,0.0
OR-Tools,ORTEC-SYNTH-300-s87_dyn5e,300,3,0.8,9.04,True,60.0,0.0
OR-Tools,ORTEC-SYNTH-300-s87_dyn5e,300,4,1.0,8.53,True,60.0,0.0
OR-Tools,ORTEC-SYNTH-300-s89_dyn5e,300,0,0.2,7.38,True,60.0,0.0
OR-Tools,ORTEC-SYNTH-300-s89_dyn5e,300,1,0.4,11.75,True,60.0,0.0
OR-Tools,ORTEC-SYNTH-300-s89_dyn5e,300,2,0.6,11.38,True,60.0,0.0
OR-Tools,ORTEC-SYNTH-300-s89_dyn5e,300,3,0.8,13.45,True,60.0,0.0
OR-Tools,ORTEC-SYNTH-300-s89_dyn5e,300,4,1.0,8.89,True,60.0,0.0
OR-Tools,ORTEC-SYNTH-300-s90_dyn5e,300,0,0.2,8.24,True,60.0,0.0
OR-Tools,ORTEC-SYNTH-300-s90_dyn5e,300,1,0.4,9.31,True,60.0,0.0
OR-Tools,ORTEC-SYNTH-300-s90_dyn5e,300,2,0.6,7.78,True,60.0,0.0
OR-Tools,ORTEC-SYNTH-300-s90_dyn5e,300,3,0.8,8.87,True,60.0,0.0
OR-Tools,ORTEC-SYNTH-300-s90_dyn5e,300,4,1.0,8.45,True,60.0,0.0
OR-Tools,ORTEC-SYNTH-300-s92_dyn5e,300,0,0.2,9.91,True,60.0,0.0
OR-Tools,ORTEC-SYNTH-300-s92_dyn5e,300,1,0.4,9.09,True,60.0,0.0
OR-Tools,ORTEC-SYNTH-300-s92_dyn5e,300,2,0.6,13.27,True,60.0,0.0
OR-Tools,ORTEC-SYNTH-300-s92_dyn5e,300,3,0.8,6.17,True,60.0,0.0
OR-Tools,ORTEC-SYNTH-300-s92_dyn5e,300,4,1.0,10.73,True,60.0,0.0
OR-Tools,ORTEC-SYNTH-300-s93_dyn5e,300,0,0.2,9.04,True,60.0,0.0
OR-Tools,ORTEC-SYNTH-300-s93_dyn5e,300,1,0.4,8.89,True,60.0,0.0
OR-Tools,ORTEC-SYNTH-300-s93_dyn5e,300,2,0.6,7.19,True,60.0,0.0
OR-Tools,ORTEC-SYNTH-300-s93_dyn5e,300,3,0.8,6.81,True,60.0,0.0
OR-Tools,ORTEC-SYNTH-300-s93_dyn5e,300,4,1.0,7.79,True,60.0,0.0
OR-Tools,ORTEC-SYNTH-300-s94_dyn5e,300,0,0.2,10.41,True,60.0,0.0
OR-Tools,ORTEC-SYNTH-300-s94_dyn5e,300,1,0.4,11.64,True,60.0,0.0
OR-Tools,ORTEC-SYNTH-300-s94_dyn5e,300,2,0.6,10.61,True,60.0,0.0
OR-Tools,ORTEC-SYNTH-300-s94_dyn5e,300,3,0.8,8.18,True,60.0,0.0
OR-Tools,ORTEC-SYNTH-300-s94_dyn5e,300,4,1.0,8.83,True,60.0,0.0
OR-Tools,ORTEC-SYNTH-300-s77_dyn5e,300,0,0.2,7.07,True,60.0,0.0
OR-Tools,ORTEC-SYNTH-300-s77_dyn5e,300,1,0.2,120.31,False,0.0,60.0
OR-Tools,ORTEC-SYNTH-300-s77_dyn5e,300,2,0.2,120.15,False,0.0,120.0
OR-Tools,ORTEC-SYNTH-300-s77_dyn5e,300,3,0.2,120.24,False,0.0,180.0
OR-Tools,ORTEC-SYNTH-300-s77_dyn5e,300,4,0.2,120.38,False,0.0,240.0
OR-Tools,ORTEC-SYNTH-300-s95_dyn5e,300,0,0.2,12.85,True,60.0,0.0
OR-Tools,ORTEC-SYNTH-300-s95_dyn5e,300,1,0.4,8.11,True,60.0,0.0
OR-Tools,ORTEC-SYNTH-300-s95_dyn5e,300,2,0.6,8.59,True,60.0,0.0
OR-Tools,ORTEC-SYNTH-300-s95_dyn5e,300,3,0.8,7.52,True,60.0,0.0
OR-Tools,ORTEC-SYNTH-300-s95_dyn5e,300,4,1.0,10.31,True,60.0,0.0
OR-Tools,ORTEC-SYNTH-300-s88_dyn5e,300,0,0.2,7.26,True,60.0,0.0
OR-Tools,ORTEC-SYNTH-300-s88_dyn5e,300,1,0.4,5.97,True,60.0,0.0
OR-Tools,ORTEC-SYNTH-300-s88_dyn5e,300,2,0.6,7.56,True,60.0,0.0
OR-Tools,ORTEC-SYNTH-300-s88_dyn5e,300,3,0.6,120.61,False,0.0,60.0
OR-Tools,ORTEC-SYNTH-300-s88_dyn5e,300,4,0.6,120.38,False,0.0,120.0
OR-Tools,ORTEC-SYNTH-300-s96_dyn5e,300,0,0.2,9.95,True,60.0,0.0
OR-Tools,ORTEC-SYNTH-300-s96_dyn5e,300,1,0.4,9.03,True,60.0,0.0
OR-Tools,ORTEC-SYNTH-300-s96_dyn5e,300,2,0.6,7.52,True,60.0,0.0
OR-Tools,ORTEC-SYNTH-300-s96_dyn5e,300,3,0.8,6.77,True,60.0,0.0
OR-Tools,ORTEC-SYNTH-300-s96_dyn5e,300,4,1.0,9.54,True,60.0,0.0
OR-Tools,ORTEC-SYNTH-300-s97_dyn5e,300,0,0.2,7.79,True,60.0,0.0
OR-Tools,ORTEC-SYNTH-300-s97_dyn5e,300,1,0.4,5.88,True,60.0,0.0
OR-Tools,ORTEC-SYNTH-300-s97_dyn5e,300,2,0.6,6.77,True,60.0,0.0
OR-Tools,ORTEC-SYNTH-300-s97_dyn5e,300,3,0.8,7.35,True,60.0,0.0
OR-Tools,ORTEC-SYNTH-300-s97_dyn5e,300,4,1.0,7.49,True,60.0,0.0
OR-Tools,ORTEC-SYNTH-300-s98_dyn5e,300,0,0.2,8.13,True,60.0,0.0
OR-Tools,ORTEC-SYNTH-300-s98_dyn5e,300,1,0.4,8.88,True,60.0,0.0
OR-Tools,ORTEC-SYNTH-300-s98_dyn5e,300,2,0.6,7.56,True,60.0,0.0
OR-Tools,ORTEC-SYNTH-300-s98_dyn5e,300,3,0.8,9.65,True,60.0,0.0
OR-Tools,ORTEC-SYNTH-300-s98_dyn5e,300,4,1.0,8.77,True,60.0,0.0
OR-Tools,ORTEC-SYNTH-300-s99_dyn5e,300,0,0.2,5.47,True,60.0,0.0
OR-Tools,ORTEC-SYNTH-300-s99_dyn5e,300,1,0.4,7.96,True,60.0,0.0
OR-Tools,ORTEC-SYNTH-300-s99_dyn5e,300,2,0.6,8.06,True,60.0,0.0
OR-Tools,ORTEC-SYNTH-300-s99_dyn5e,300,3,0.8,7.5,True,60.0,0.0
OR-Tools,ORTEC-SYNTH-300-s99_dyn5e,300,4,1.0,12.88,True,60.0,0.0
OR-Tools,ORTEC-SYNTH-500-s200_dyn5e,500,0,0.2,13.2,True,100.0,0.0
OR-Tools,ORTEC-SYNTH-500-s200_dyn5e,500,1,0.4,13.11,True,100.0,0.0
OR-Tools,ORTEC-SYNTH-500-s200_dyn5e,500,2,0.6,16.38,True,100.0,0.0
OR-Tools,ORTEC-SYNTH-500-s200_dyn5e,500,3,0.8,14.31,True,100.0,0.0
OR-Tools,ORTEC-SYNTH-500-s200_dyn5e,500,4,1.0,21.64,True,100.0,0.0
OR-Tools,ORTEC-SYNTH-500-s201_dyn5e,500,0,0.2,16.2,True,100.0,0.0
OR-Tools,ORTEC-SYNTH-500-s201_dyn5e,500,1,0.4,14.18,True,100.0,0.0
OR-Tools,ORTEC-SYNTH-500-s201_dyn5e,500,2,0.6,16.43,True,100.0,0.0
OR-Tools,ORTEC-SYNTH-500-s201_dyn5e,500,3,0.8,11.17,True,100.0,0.0
OR-Tools,ORTEC-SYNTH-500-s201_dyn5e,500,4,1.0,14.01,True,100.0,0.0
OR-Tools,ORTEC-SYNTH-500-s202_dyn5e,500,0,0.2,13.94,True,100.0,0.0
OR-Tools,ORTEC-SYNTH-500-s202_dyn5e,500,1,0.4,17.19,True,100.0,0.0
OR-Tools,ORTEC-SYNTH-500-s202_dyn5e,500,2,0.6,24.19,True,100.0,0.0
OR-Tools,ORTEC-SYNTH-500-s202_dyn5e,500,3,0.8,17.14,True,100.0,0.0
OR-Tools,ORTEC-SYNTH-500-s202_dyn5e,500,4,1.0,17.75,True,100.0,0.0
OR-Tools,ORTEC-SYNTH-500-s204_dyn5e,500,0,0.2,17.87,True,100.0,0.0
OR-Tools,ORTEC-SYNTH-500-s204_dyn5e,500,1,0.4,16.31,True,100.0,0.0
OR-Tools,ORTEC-SYNTH-500-s204_dyn5e,500,2,0.6,9.71,True,100.0,0.0
OR-Tools,ORTEC-SYNTH-500-s204_dyn5e,500,3,0.8,14.61,True,100.0,0.0
OR-Tools,ORTEC-SYNTH-500-s204_dyn5e,500,4,1.0,9.89,True,100.0,0.0
OR-Tools,ORTEC-SYNTH-500-s203_dyn5e,500,0,0.2,14.15,True,100.0,0.0
OR-Tools,ORTEC-SYNTH-500-s203_dyn5e,500,1,0.4,18.24,True,100.0,0.0
OR-Tools,ORTEC-SYNTH-500-s203_dyn5e,500,2,0.6,16.32,True,100.0,0.0
OR-Tools,ORTEC-SYNTH-500-s203_dyn5e,500,3,0.8,12.64,True,100.0,0.0
OR-Tools,ORTEC-SYNTH-500-s203_dyn5e,500,4,1.0,18.46,True,100.0,0.0
OR-Tools,ORTEC-SYNTH-500-s205_dyn5e,500,0,0.2,17.1,True,100.0,0.0
OR-Tools,ORTEC-SYNTH-500-s205_dyn5e,500,1,0.4,16.88,True,100.0,0.0
OR-Tools,ORTEC-SYNTH-500-s205_dyn5e,500,2,0.6,11.06,True,100.0,0.0
OR-Tools,ORTEC-SYNTH-500-s205_dyn5e,500,3,0.8,11.45,True,100.0,0.0
OR-Tools,ORTEC-SYNTH-500-s205_dyn5e,500,4,1.0,15.92,True,100.0,0.0
OR-Tools,ORTEC-SYNTH-500-s207_dyn5e,500,0,0.2,16.0,True,100.0,0.0
OR-Tools,ORTEC-SYNTH-500-s207_dyn5e,500,1,0.4,8.15,True,100.0,0.0
OR-Tools,ORTEC-SYNTH-500-s207_dyn5e,500,2,0.6,16.2,True,100.0,0.0
OR-Tools,ORTEC-SYNTH-500-s207_dyn5e,500,3,0.8,19.54,True,100.0,0.0
OR-Tools,ORTEC-SYNTH-500-s207_dyn5e,500,4,1.0,17.36,True,100.0,0.0
OR-Tools,ORTEC-SYNTH-500-s208_dyn5e,500,0,0.2,19.11,True,100.0,0.0
OR-Tools,ORTEC-SYNTH-500-s208_dyn5e,500,1,0.4,11.98,True,100.0,0.0
OR-Tools,ORTEC-SYNTH-500-s208_dyn5e,500,2,0.6,12.66,True,100.0,0.0
OR-Tools,ORTEC-SYNTH-500-s208_dyn5e,500,3,0.8,22.34,True,100.0,0.0
OR-Tools,ORTEC-SYNTH-500-s208_dyn5e,500,4,1.0,20.48,True,100.0,0.0
OR-Tools,ORTEC-SYNTH-500-s210_dyn5e,500,0,0.2,15.21,True,100.0,0.0
OR-Tools,ORTEC-SYNTH-500-s210_dyn5e,500,1,0.4,17.83,True,100.0,0.0
OR-Tools,ORTEC-SYNTH-500-s210_dyn5e,500,2,0.6,18.67,True,100.0,0.0
OR-Tools,ORTEC-SYNTH-500-s210_dyn5e,500,3,0.8,14.43,True,100.0,0.0
OR-Tools,ORTEC-SYNTH-500-s210_dyn5e,500,4,1.0,19.83,True,100.0,0.0
OR-Tools,ORTEC-SYNTH-500-s206_dyn5e,500,0,0.2,12.31,True,100.0,0.0
OR-Tools,ORTEC-SYNTH-500-s206_dyn5e,500,1,0.4,15.93,True,100.0,0.0
OR-Tools,ORTEC-SYNTH-500-s206_dyn5e,500,2,0.6,11.68,True,100.0,0.0
OR-Tools,ORTEC-SYNTH-500-s206_dyn5e,500,3,0.6,120.25,False,0.0,100.0
OR-Tools,ORTEC-SYNTH-500-s206_dyn5e,500,4,0.6,120.13,False,0.0,200.0
OR-Tools,ORTEC-SYNTH-500-s211_dyn5e,500,0,0.2,14.1,True,100.0,0.0
OR-Tools,ORTEC-SYNTH-500-s211_dyn5e,500,1,0.4,15.16,True,100.0,0.0
OR-Tools,ORTEC-SYNTH-500-s211_dyn5e,500,2,0.6,19.33,True,100.0,0.0
OR-Tools,ORTEC-SYNTH-500-s211_dyn5e,500,3,0.8,12.35,True,100.0,0.0
OR-Tools,ORTEC-SYNTH-500-s211_dyn5e,500,4,1.0,16.54,True,100.0,0.0
OR-Tools,ORTEC-SYNTH-300-s91_dyn5e,300,0,0.0,240.1,False,0.0,60.0
OR-Tools,ORTEC-SYNTH-300-s91_dyn5e,300,1,0.0,120.2,False,0.0,120.0
OR-Tools,ORTEC-SYNTH-300-s91_dyn5e,300,2,0.0,120.39,False,0.0,180.0
OR-Tools,ORTEC-SYNTH-300-s91_dyn5e,300,3,0.0,120.36,False,0.0,240.0
OR-Tools,ORTEC-SYNTH-300-s91_dyn5e,300,4,0.0,120.28,False,0.0,300.0
OR-Tools,ORTEC-SYNTH-500-s212_dyn5e,500,0,0.2,17.29,True,100.0,0.0
OR-Tools,ORTEC-SYNTH-500-s212_dyn5e,500,1,0.4,25.06,True,100.0,0.0
OR-Tools,ORTEC-SYNTH-500-s212_dyn5e,500,2,0.6,10.73,True,100.0,0.0
OR-Tools,ORTEC-SYNTH-500-s212_dyn5e,500,3,0.8,20.79,True,100.0,0.0
OR-Tools,ORTEC-SYNTH-500-s212_dyn5e,500,4,1.0,13.5,True,100.0,0.0
OR-Tools,ORTEC-SYNTH-500-s213_dyn5e,500,0,0.2,16.63,True,100.0,0.0
OR-Tools,ORTEC-SYNTH-500-s213_dyn5e,500,1,0.4,16.6,True,100.0,0.0
OR-Tools,ORTEC-SYNTH-500-s213_dyn5e,500,2,0.6,16.56,True,100.0,0.0
OR-Tools,ORTEC-SYNTH-500-s213_dyn5e,500,3,0.8,13.22,True,100.0,0.0
OR-Tools,ORTEC-SYNTH-500-s213_dyn5e,500,4,1.0,11.72,True,100.0,0.0
OR-Tools,ORTEC-SYNTH-500-s214_dyn5e,500,0,0.2,11.51,True,100.0,0.0
OR-Tools,ORTEC-SYNTH-500-s214_dyn5e,500,1,0.4,19.84,True,100.0,0.0
OR-Tools,ORTEC-SYNTH-500-s214_dyn5e,500,2,0.6,16.36,True,100.0,0.0
OR-Tools,ORTEC-SYNTH-500-s214_dyn5e,500,3,0.8,18.17,True,100.0,0.0
OR-Tools,ORTEC-SYNTH-500-s214_dyn5e,500,4,1.0,13.17,True,100.0,0.0
OR-Tools,ORTEC-SYNTH-500-s215_dyn5e,500,0,0.2,14.65,True,100.0,0.0
OR-Tools,ORTEC-SYNTH-500-s215_dyn5e,500,1,0.4,18.5,True,100.0,0.0
OR-Tools,ORTEC-SYNTH-500-s215_dyn5e,500,2,0.6,14.77,True,100.0,0.0
OR-Tools,ORTEC-SYNTH-500-s215_dyn5e,500,3,0.8,17.12,True,100.0,0.0
OR-Tools,ORTEC-SYNTH-500-s215_dyn5e,500,4,1.0,15.97,True,100.0,0.0
OR-Tools,ORTEC-SYNTH-500-s216_dyn5e,500,0,0.2,12.49,True,100.0,0.0
OR-Tools,ORTEC-SYNTH-500-s216_dyn5e,500,1,0.4,17.72,True,100.0,0.0
OR-Tools,ORTEC-SYNTH-500-s216_dyn5e,500,2,0.6,13.75,True,100.0,0.0
OR-Tools,ORTEC-SYNTH-500-s216_dyn5e,500,3,0.8,13.58,True,100.0,0.0
OR-Tools,ORTEC-SYNTH-500-s216_dyn5e,500,4,1.0,12.91,True,100.0,0.0
OR-Tools,ORTEC-SYNTH-500-s217_dyn5e,500,0,0.2,22.23,True,100.0,0.0
OR-Tools,ORTEC-SYNTH-500-s217_dyn5e,500,1,0.4,13.72,True,100.0,0.0
OR-Tools,ORTEC-SYNTH-500-s217_dyn5e,500,2,0.6,18.1,True,100.0,0.0
OR-Tools,ORTEC-SYNTH-500-s217_dyn5e,500,3,0.8,18.25,True,100.0,0.0
OR-Tools,ORTEC-SYNTH-500-s217_dyn5e,500,4,1.0,15.77,True,100.0,0.0
OR-Tools,ORTEC-SYNTH-500-s219_dyn5e,500,0,0.2,12.22,True,100.0,0.0
OR-Tools,ORTEC-SYNTH-500-s219_dyn5e,500,1,0.4,16.84,True,100.0,0.0
OR-Tools,ORTEC-SYNTH-500-s219_dyn5e,500,2,0.6,15.75,True,100.0,0.0
OR-Tools,ORTEC-SYNTH-500-s219_dyn5e,500,3,0.8,17.64,True,100.0,0.0
OR-Tools,ORTEC-SYNTH-500-s219_dyn5e,500,4,1.0,16.19,True,100.0,0.0
OR-Tools,ORTEC-SYNTH-500-s220_dyn5e,500,0,0.2,14.31,True,100.0,0.0
OR-Tools,ORTEC-SYNTH-500-s220_dyn5e,500,1,0.4,16.84,True,100.0,0.0
OR-Tools,ORTEC-SYNTH-500-s220_dyn5e,500,2,0.6,10.59,True,100.0,0.0
OR-Tools,ORTEC-SYNTH-500-s220_dyn5e,500,3,0.8,18.79,True,100.0,0.0
OR-Tools,ORTEC-SYNTH-500-s220_dyn5e,500,4,1.0,12.83,True,100.0,0.0
OR-Tools,ORTEC-SYNTH-500-s221_dyn5e,500,0,0.2,12.25,True,100.0,0.0
OR-Tools,ORTEC-SYNTH-500-s221_dyn5e,500,1,0.4,15.07,True,100.0,0.0
OR-Tools,ORTEC-SYNTH-500-s221_dyn5e,500,2,0.6,15.08,True,100.0,0.0
OR-Tools,ORTEC-SYNTH-500-s221_dyn5e,500,3,0.8,12.61,True,100.0,0.0
OR-Tools,ORTEC-SYNTH-500-s221_dyn5e,500,4,1.0,18.72,True,100.0,0.0
OR-Tools,ORTEC-SYNTH-500-s218_dyn5e,500,0,0.2,21.14,True,100.0,0.0
OR-Tools,ORTEC-SYNTH-500-s218_dyn5e,500,1,0.4,18.08,True,100.0,0.0
OR-Tools,ORTEC-SYNTH-500-s218_dyn5e,500,2,0.6,13.63,True,100.0,0.0
OR-Tools,ORTEC-SYNTH-500-s218_dyn5e,500,3,0.8,15.21,True,100.0,0.0
OR-Tools,ORTEC-SYNTH-500-s218_dyn5e,500,4,0.8,120.22,False,0.0,100.0
OR-Tools,ORTEC-SYNTH-500-s222_dyn5e,500,0,0.2,17.09,True,100.0,0.0
OR-Tools,ORTEC-SYNTH-500-s222_dyn5e,500,1,0.4,16.84,True,100.0,0.0
OR-Tools,ORTEC-SYNTH-500-s222_dyn5e,500,2,0.6,12.99,True,100.0,0.0
OR-Tools,ORTEC-SYNTH-500-s222_dyn5e,500,3,0.8,15.37,True,100.0,0.0
OR-Tools,ORTEC-SYNTH-500-s222_dyn5e,500,4,1.0,26.89,True,100.0,0.0
OR-Tools,ORTEC-SYNTH-500-s223_dyn5e,500,0,0.2,19.03,True,100.0,0.0
OR-Tools,ORTEC-SYNTH-500-s223_dyn5e,500,1,0.4,11.44,True,100.0,0.0
OR-Tools,ORTEC-SYNTH-500-s223_dyn5e,500,2,0.6,15.64,True,100.0,0.0
OR-Tools,ORTEC-SYNTH-500-s223_dyn5e,500,3,0.8,15.38,True,100.0,0.0
OR-Tools,ORTEC-SYNTH-500-s223_dyn5e,500,4,1.0,17.73,True,100.0,0.0
OR-Tools,ORTEC-SYNTH-500-s224_dyn5e,500,0,0.2,20.46,True,100.0,0.0
OR-Tools,ORTEC-SYNTH-500-s224_dyn5e,500,1,0.4,15.87,True,100.0,0.0
OR-Tools,ORTEC-SYNTH-500-s224_dyn5e,500,2,0.6,12.56,True,100.0,0.0
OR-Tools,ORTEC-SYNTH-500-s224_dyn5e,500,3,0.8,13.63,True,100.0,0.0
OR-Tools,ORTEC-SYNTH-500-s224_dyn5e,500,4,1.0,16.92,True,100.0,0.0
OR-Tools,ORTEC-SYNTH-500-s225_dyn5e,500,0,0.2,24.8,True,100.0,0.0
OR-Tools,ORTEC-SYNTH-500-s225_dyn5e,500,1,0.4,14.95,True,100.0,0.0
OR-Tools,ORTEC-SYNTH-500-s225_dyn5e,500,2,0.6,12.95,True,100.0,0.0
OR-Tools,ORTEC-SYNTH-500-s225_dyn5e,500,3,0.8,13.39,True,100.0,0.0
OR-Tools,ORTEC-SYNTH-500-s225_dyn5e,500,4,1.0,19.11,True,100.0,0.0
OR-Tools,ORTEC-SYNTH-500-s226_dyn5e,500,0,0.2,12.9,True,100.0,0.0
OR-Tools,ORTEC-SYNTH-500-s226_dyn5e,500,1,0.4,20.75,True,100.0,0.0
OR-Tools,ORTEC-SYNTH-500-s226_dyn5e,500,2,0.6,16.0,True,100.0,0.0
OR-Tools,ORTEC-SYNTH-500-s226_dyn5e,500,3,0.8,18.33,True,100.0,0.0
OR-Tools,ORTEC-SYNTH-500-s226_dyn5e,500,4,1.0,12.52,True,100.0,0.0
OR-Tools,ORTEC-SYNTH-500-s227_dyn5e,500,0,0.2,15.76,True,100.0,0.0
OR-Tools,ORTEC-SYNTH-500-s227_dyn5e,500,1,0.4,16.21,True,100.0,0.0
OR-Tools,ORTEC-SYNTH-500-s227_dyn5e,500,2,0.6,12.45,True,100.0,0.0
OR-Tools,ORTEC-SYNTH-500-s227_dyn5e,500,3,0.8,20.41,True,100.0,0.0
OR-Tools,ORTEC-SYNTH-500-s227_dyn5e,500,4,1.0,14.4,True,100.0,0.0
OR-Tools,ORTEC-SYNTH-500-s209_dyn5e,500,0,0.0,240.13,False,0.0,100.0
OR-Tools,ORTEC-SYNTH-500-s209_dyn5e,500,1,0.0,120.18,False,0.0,200.0
OR-Tools,ORTEC-SYNTH-500-s209_dyn5e,500,2,0.0,120.29,False,0.0,300.0
OR-Tools,ORTEC-SYNTH-500-s209_dyn5e,500,3,0.0,120.52,False,0.0,400.0
OR-Tools,ORTEC-SYNTH-500-s209_dyn5e,500,4,0.0,120.63,False,0.0,500.0
OR-Tools,ORTEC-SYNTH-500-s228_dyn5e,500,0,0.2,17.81,True,100.0,0.0
OR-Tools,ORTEC-SYNTH-500-s228_dyn5e,500,1,0.4,11.95,True,100.0,0.0
OR-Tools,ORTEC-SYNTH-500-s228_dyn5e,500,2,0.6,14.75,True,100.0,0.0
OR-Tools,ORTEC-SYNTH-500-s228_dyn5e,500,3,0.8,15.49,True,100.0,0.0
OR-Tools,ORTEC-SYNTH-500-s228_dyn5e,500,4,1.0,17.82,True,100.0,0.0
OR-Tools,ORTEC-SYNTH-500-s229_dyn5e,500,0,0.2,19.22,True,100.0,0.0
OR-Tools,ORTEC-SYNTH-500-s229_dyn5e,500,1,0.4,17.0,True,100.0,0.0
OR-Tools,ORTEC-SYNTH-500-s229_dyn5e,500,2,0.6,19.36,True,100.0,0.0
OR-Tools,ORTEC-SYNTH-500-s229_dyn5e,500,3,0.8,14.54,True,100.0,0.0
OR-Tools,ORTEC-SYNTH-500-s229_dyn5e,500,4,1.0,8.24,True,100.0,0.0
OR-Tools,ORTEC-SYNTH-500-s230_dyn5e,500,0,0.2,16.23,True,100.0,0.0
OR-Tools,ORTEC-SYNTH-500-s230_dyn5e,500,1,0.4,13.94,True,100.0,0.0
OR-Tools,ORTEC-SYNTH-500-s230_dyn5e,500,2,0.6,15.71,True,100.0,0.0
OR-Tools,ORTEC-SYNTH-500-s230_dyn5e,500,3,0.8,19.12,True,100.0,0.0
OR-Tools,ORTEC-SYNTH-500-s230_dyn5e,500,4,1.0,16.64,True,100.0,0.0
OR-Tools,ORTEC-SYNTH-500-s231_dyn5e,500,0,0.2,16.2,True,100.0,0.0
OR-Tools,ORTEC-SYNTH-500-s231_dyn5e,500,1,0.4,15.33,True,100.0,0.0
OR-Tools,ORTEC-SYNTH-500-s231_dyn5e,500,2,0.6,14.03,True,100.0,0.0
OR-Tools,ORTEC-SYNTH-500-s231_dyn5e,500,3,0.8,17.49,True,100.0,0.0
OR-Tools,ORTEC-SYNTH-500-s231_dyn5e,500,4,1.0,17.32,True,100.0,0.0
OR-Tools,ORTEC-SYNTH-500-s233_dyn5e,500,0,0.2,15.52,True,100.0,0.0
OR-Tools,ORTEC-SYNTH-500-s233_dyn5e,500,1,0.4,13.23,True,100.0,0.0
OR-Tools,ORTEC-SYNTH-500-s233_dyn5e,500,2,0.6,12.17,True,100.0,0.0
OR-Tools,ORTEC-SYNTH-500-s233_dyn5e,500,3,0.8,17.16,True,100.0,0.0
OR-Tools,ORTEC-SYNTH-500-s233_dyn5e,500,4,1.0,10.43,True,100.0,0.0
OR-Tools,ORTEC-SYNTH-500-s232_dyn5e,500,0,0.2,19.99,True,100.0,0.0
OR-Tools,ORTEC-SYNTH-500-s232_dyn5e,500,1,0.4,15.65,True,100.0,0.0
OR-Tools,ORTEC-SYNTH-500-s232_dyn5e,500,2,0.6,15.41,True,100.0,0.0
OR-Tools,ORTEC-SYNTH-500-s232_dyn5e,500,3,0.8,20.2,True,100.0,0.0
OR-Tools,ORTEC-SYNTH-500-s232_dyn5e,500,4,1.0,19.01,True,100.0,0.0
OR-Tools,ORTEC-SYNTH-500-s234_dyn5e,500,0,0.2,16.63,True,100.0,0.0
OR-Tools,ORTEC-SYNTH-500-s234_dyn5e,500,1,0.4,19.37,True,100.0,0.0
OR-Tools,ORTEC-SYNTH-500-s234_dyn5e,500,2,0.6,11.92,True,100.0,0.0
OR-Tools,ORTEC-SYNTH-500-s234_dyn5e,500,3,0.8,15.08,True,100.0,0.0
OR-Tools,ORTEC-SYNTH-500-s234_dyn5e,500,4,1.0,15.25,True,100.0,0.0
OR-Tools,ORTEC-SYNTH-500-s235_dyn5e,500,0,0.2,18.53,True,100.0,0.0
OR-Tools,ORTEC-SYNTH-500-s235_dyn5e,500,1,0.4,12.13,True,100.0,0.0
OR-Tools,ORTEC-SYNTH-500-s235_dyn5e,500,2,0.6,18.69,True,100.0,0.0
OR-Tools,ORTEC-SYNTH-500-s235_dyn5e,500,3,0.8,19.86,True,100.0,0.0
OR-Tools,ORTEC-SYNTH-500-s235_dyn5e,500,4,1.0,20.51,True,100.0,0.0
OR-Tools,ORTEC-SYNTH-500-s236_dyn5e,500,0,0.2,21.01,True,100.0,0.0
OR-Tools,ORTEC-SYNTH-500-s236_dyn5e,500,1,0.4,11.34,True,100.0,0.0
OR-Tools,ORTEC-SYNTH-500-s236_dyn5e,500,2,0.6,16.19,True,100.0,0.0
OR-Tools,ORTEC-SYNTH-500-s236_dyn5e,500,3,0.8,13.51,True,100.0,0.0
OR-Tools,ORTEC-SYNTH-500-s236_dyn5e,500,4,1.0,18.4,True,100.0,0.0
OR-Tools,ORTEC-SYNTH-500-s237_dyn5e,500,0,0.2,14.39,True,100.0,0.0
OR-Tools,ORTEC-SYNTH-500-s237_dyn5e,500,1,0.4,15.37,True,100.0,0.0
OR-Tools,ORTEC-SYNTH-500-s237_dyn5e,500,2,0.6,18.22,True,100.0,0.0
OR-Tools,ORTEC-SYNTH-500-s237_dyn5e,500,3,0.8,16.57,True,100.0,0.0
OR-Tools,ORTEC-SYNTH-500-s237_dyn5e,500,4,1.0,12.05,True,100.0,0.0
OR-Tools,ORTEC-SYNTH-500-s239_dyn5e,500,0,0.2,13.75,True,100.0,0.0
OR-Tools,ORTEC-SYNTH-500-s239_dyn5e,500,1,0.4,17.61,True,100.0,0.0
OR-Tools,ORTEC-SYNTH-500-s239_dyn5e,500,2,0.6,14.15,True,100.0,0.0
OR-Tools,ORTEC-SYNTH-500-s239_dyn5e,500,3,0.8,18.7,True,100.0,0.0
OR-Tools,ORTEC-SYNTH-500-s239_dyn5e,500,4,1.0,15.56,True,100.0,0.0
OR-Tools,ORTEC-SYNTH-500-s240_dyn5e,500,0,0.2,12.55,True,100.0,0.0
OR-Tools,ORTEC-SYNTH-500-s240_dyn5e,500,1,0.4,13.66,True,100.0,0.0
OR-Tools,ORTEC-SYNTH-500-s240_dyn5e,500,2,0.6,12.91,True,100.0,0.0
OR-Tools,ORTEC-SYNTH-500-s240_dyn5e,500,3,0.8,15.59,True,100.0,0.0
OR-Tools,ORTEC-SYNTH-500-s240_dyn5e,500,4,1.0,13.84,True,100.0,0.0
OR-Tools,ORTEC-SYNTH-500-s241_dyn5e,500,0,0.2,18.11,True,100.0,0.0
OR-Tools,ORTEC-SYNTH-500-s241_dyn5e,500,1,0.4,17.23,True,100.0,0.0
OR-Tools,ORTEC-SYNTH-500-s241_dyn5e,500,2,0.6,20.11,True,100.0,0.0
OR-Tools,ORTEC-SYNTH-500-s241_dyn5e,500,3,0.8,20.53,True,100.0,0.0
OR-Tools,ORTEC-SYNTH-500-s241_dyn5e,500,4,1.0,15.54,True,100.0,0.0
OR-Tools,ORTEC-SYNTH-500-s242_dyn5e,500,0,0.2,14.04,True,100.0,0.0
OR-Tools,ORTEC-SYNTH-500-s242_dyn5e,500,1,0.4,11.54,True,100.0,0.0
OR-Tools,ORTEC-SYNTH-500-s242_dyn5e,500,2,0.6,18.98,True,100.0,0.0
OR-Tools,ORTEC-SYNTH-500-s242_dyn5e,500,3,0.8,16.58,True,100.0,0.0
OR-Tools,ORTEC-SYNTH-500-s242_dyn5e,500,4,1.0,12.68,True,100.0,0.0
OR-Tools,ORTEC-SYNTH-500-s238_dyn5e,500,0,0.2,14.89,True,100.0,0.0
OR-Tools,ORTEC-SYNTH-500-s238_dyn5e,500,1,0.4,18.14,True,100.0,0.0
OR-Tools,ORTEC-SYNTH-500-s238_dyn5e,500,2,0.6,13.25,True,100.0,0.0
OR-Tools,ORTEC-SYNTH-500-s238_dyn5e,500,3,0.8,14.08,True,100.0,0.0
OR-Tools,ORTEC-SYNTH-500-s238_dyn5e,500,4,0.8,120.18,False,0.0,100.0
OR-Tools,ORTEC-SYNTH-500-s243_dyn5e,500,0,0.2,21.06,True,100.0,0.0
OR-Tools,ORTEC-SYNTH-500-s243_dyn5e,500,1,0.4,18.93,True,100.0,0.0
OR-Tools,ORTEC-SYNTH-500-s243_dyn5e,500,2,0.6,15.04,True,100.0,0.0
OR-Tools,ORTEC-SYNTH-500-s243_dyn5e,500,3,0.8,11.4,True,100.0,0.0
OR-Tools,ORTEC-SYNTH-500-s243_dyn5e,500,4,1.0,16.14,True,100.0,0.0
OR-Tools,ORTEC-SYNTH-500-s244_dyn5e,500,0,0.2,13.81,True,100.0,0.0
OR-Tools,ORTEC-SYNTH-500-s244_dyn5e,500,1,0.4,16.42,True,100.0,0.0
OR-Tools,ORTEC-SYNTH-500-s244_dyn5e,500,2,0.6,25.87,True,100.0,0.0
OR-Tools,ORTEC-SYNTH-500-s244_dyn5e,500,3,0.8,22.83,True,100.0,0.0
OR-Tools,ORTEC-SYNTH-500-s244_dyn5e,500,4,1.0,14.59,True,100.0,0.0
OR-Tools,ORTEC-SYNTH-500-s245_dyn5e,500,0,0.2,17.29,True,100.0,0.0
OR-Tools,ORTEC-SYNTH-500-s245_dyn5e,500,1,0.4,15.0,True,100.0,0.0
OR-Tools,ORTEC-SYNTH-500-s245_dyn5e,500,2,0.6,22.13,True,100.0,0.0
OR-Tools,ORTEC-SYNTH-500-s245_dyn5e,500,3,0.8,17.52,True,100.0,0.0
OR-Tools,ORTEC-SYNTH-500-s245_dyn5e,500,4,1.0,17.22,True,100.0,0.0
OR-Tools,ORTEC-SYNTH-500-s246_dyn5e,500,0,0.2,19.99,True,100.0,0.0
OR-Tools,ORTEC-SYNTH-500-s246_dyn5e,500,1,0.4,17.11,True,100.0,0.0
OR-Tools,ORTEC-SYNTH-500-s246_dyn5e,500,2,0.6,11.54,True,100.0,0.0
OR-Tools,ORTEC-SYNTH-500-s246_dyn5e,500,3,0.8,19.83,True,100.0,0.0
OR-Tools,ORTEC-SYNTH-500-s246_dyn5e,500,4,1.0,14.34,True,100.0,0.0
OR-Tools,ORTEC-SYNTH-500-s247_dyn5e,500,0,0.2,18.55,True,100.0,0.0
OR-Tools,ORTEC-SYNTH-500-s247_dyn5e,500,1,0.4,16.22,True,100.0,0.0
OR-Tools,ORTEC-SYNTH-500-s247_dyn5e,500,2,0.6,19.1,True,100.0,0.0
OR-Tools,ORTEC-SYNTH-500-s247_dyn5e,500,3,0.8,25.29,True,100.0,0.0
OR-Tools,ORTEC-SYNTH-500-s247_dyn5e,500,4,1.0,23.18,True,100.0,0.0
OR-Tools,ORTEC-SYNTH-500-s248_dyn5e,500,0,0.2,20.81,True,100.0,0.0
OR-Tools,ORTEC-SYNTH-500-s248_dyn5e,500,1,0.4,22.01,True,100.0,0.0
OR-Tools,ORTEC-SYNTH-500-s248_dyn5e,500,2,0.6,18.81,True,100.0,0.0
OR-Tools,ORTEC-SYNTH-500-s248_dyn5e,500,3,0.8,13.32,True,100.0,0.0
OR-Tools,ORTEC-SYNTH-500-s248_dyn5e,500,4,1.0,21.49,True,100.0,0.0
OR-Tools,ORTEC-SYNTH-500-s249_dyn5e,500,0,0.2,25.69,True,100.0,0.0
OR-Tools,ORTEC-SYNTH-500-s249_dyn5e,500,1,0.4,18.12,True,100.0,0.0
OR-Tools,ORTEC-SYNTH-500-s249_dyn5e,500,2,0.6,16.63,True,100.0,0.0
OR-Tools,ORTEC-SYNTH-500-s249_dyn5e,500,3,0.8,13.29,True,100.0,0.0
OR-Tools,ORTEC-SYNTH-500-s249_dyn5e,500,4,1.0,15.88,True,100.0,0.0
OR-Tools,ORTEC-SYNTH-500-s251_dyn5e,500,0,0.2,19.34,True,100.0,0.0
OR-Tools,ORTEC-SYNTH-500-s251_dyn5e,500,1,0.4,17.94,True,100.0,0.0
OR-Tools,ORTEC-SYNTH-500-s251_dyn5e,500,2,0.6,15.87,True,100.0,0.0
OR-Tools,ORTEC-SYNTH-500-s251_dyn5e,500,3,0.8,20.82,True,100.0,0.0
OR-Tools,ORTEC-SYNTH-500-s251_dyn5e,500,4,1.0,16.58,True,100.0,0.0
OR-Tools,ORTEC-SYNTH-500-s253_dyn5e,500,0,0.2,14.21,True,100.0,0.0
OR-Tools,ORTEC-SYNTH-500-s253_dyn5e,500,1,0.4,20.95,True,100.0,0.0
OR-Tools,ORTEC-SYNTH-500-s253_dyn5e,500,2,0.6,14.82,True,100.0,0.0
OR-Tools,ORTEC-SYNTH-500-s253_dyn5e,500,3,0.8,18.33,True,100.0,0.0
OR-Tools,ORTEC-SYNTH-500-s253_dyn5e,500,4,1.0,18.45,True,100.0,0.0
OR-Tools,ORTEC-SYNTH-500-s254_dyn5e,500,0,0.2,16.66,True,100.0,0.0
OR-Tools,ORTEC-SYNTH-500-s254_dyn5e,500,1,0.4,22.91,True,100.0,0.0
OR-Tools,ORTEC-SYNTH-500-s254_dyn5e,500,2,0.6,18.51,True,100.0,0.0
OR-Tools,ORTEC-SYNTH-500-s254_dyn5e,500,3,0.8,12.32,True,100.0,0.0
OR-Tools,ORTEC-SYNTH-500-s254_dyn5e,500,4,1.0,15.7,True,100.0,0.0
OR-Tools,ORTEC-SYNTH-500-s256_dyn5e,500,0,0.2,18.65,True,100.0,0.0
OR-Tools,ORTEC-SYNTH-500-s256_dyn5e,500,1,0.4,17.87,True,100.0,0.0
OR-Tools,ORTEC-SYNTH-500-s256_dyn5e,500,2,0.6,13.77,True,100.0,0.0
OR-Tools,ORTEC-SYNTH-500-s256_dyn5e,500,3,0.8,21.44,True,100.0,0.0
OR-Tools,ORTEC-SYNTH-500-s256_dyn5e,500,4,1.0,12.78,True,100.0,0.0
OR-Tools,ORTEC-SYNTH-500-s257_dyn5e,500,0,0.2,13.87,True,100.0,0.0
OR-Tools,ORTEC-SYNTH-500-s257_dyn5e,500,1,0.4,14.77,True,100.0,0.0
OR-Tools,ORTEC-SYNTH-500-s257_dyn5e,500,2,0.6,15.26,True,100.0,0.0
OR-Tools,ORTEC-SYNTH-500-s257_dyn5e,500,3,0.8,17.2,True,100.0,0.0
OR-Tools,ORTEC-SYNTH-500-s257_dyn5e,500,4,1.0,21.25,True,100.0,0.0
OR-Tools,ORTEC-SYNTH-500-s252_dyn5e,500,0,0.2,12.71,True,100.0,0.0
OR-Tools,ORTEC-SYNTH-500-s252_dyn5e,500,1,0.4,21.68,True,100.0,0.0
OR-Tools,ORTEC-SYNTH-500-s252_dyn5e,500,2,0.4,120.04,False,0.0,100.0
OR-Tools,ORTEC-SYNTH-500-s252_dyn5e,500,3,0.4,120.29,False,0.0,200.0
OR-Tools,ORTEC-SYNTH-500-s252_dyn5e,500,4,0.4,120.33,False,0.0,300.0
OR-Tools,ORTEC-SYNTH-500-s258_dyn5e,500,0,0.2,17.69,True,100.0,0.0
OR-Tools,ORTEC-SYNTH-500-s258_dyn5e,500,1,0.4,18.29,True,100.0,0.0
OR-Tools,ORTEC-SYNTH-500-s258_dyn5e,500,2,0.6,15.31,True,100.0,0.0
OR-Tools,ORTEC-SYNTH-500-s258_dyn5e,500,3,0.8,17.13,True,100.0,0.0
OR-Tools,ORTEC-SYNTH-500-s258_dyn5e,500,4,1.0,16.13,True,100.0,0.0
OR-Tools,ORTEC-SYNTH-500-s259_dyn5e,500,0,0.2,19.11,True,100.0,0.0
OR-Tools,ORTEC-SYNTH-500-s259_dyn5e,500,1,0.4,16.39,True,100.0,0.0
OR-Tools,ORTEC-SYNTH-500-s259_dyn5e,500,2,0.6,19.85,True,100.0,0.0
OR-Tools,ORTEC-SYNTH-500-s259_dyn5e,500,3,0.8,15.27,True,100.0,0.0
OR-Tools,ORTEC-SYNTH-500-s259_dyn5e,500,4,1.0,14.37,True,100.0,0.0
OR-Tools,ORTEC-SYNTH-500-s260_dyn5e,500,0,0.2,20.79,True,100.0,0.0
OR-Tools,ORTEC-SYNTH-500-s260_dyn5e,500,1,0.4,22.49,True,100.0,0.0
OR-Tools,ORTEC-SYNTH-500-s260_dyn5e,500,2,0.6,17.37,True,100.0,0.0
OR-Tools,ORTEC-SYNTH-500-s260_dyn5e,500,3,0.8,17.32,True,100.0,0.0
OR-Tools,ORTEC-SYNTH-500-s260_dyn5e,500,4,1.0,20.69,True,100.0,0.0
OR-Tools,ORTEC-SYNTH-500-s255_dyn5e,500,0,0.2,19.72,True,100.0,0.0
OR-Tools,ORTEC-SYNTH-500-s255_dyn5e,500,1,0.4,14.08,True,100.0,0.0
OR-Tools,ORTEC-SYNTH-500-s255_dyn5e,500,2,0.4,120.45,False,0.0,100.0
OR-Tools,ORTEC-SYNTH-500-s255_dyn5e,500,3,0.4,120.12,False,0.0,200.0
OR-Tools,ORTEC-SYNTH-500-s255_dyn5e,500,4,0.4,120.33,False,0.0,300.0
OR-Tools,ORTEC-SYNTH-500-s261_dyn5e,500,0,0.2,13.89,True,100.0,0.0
OR-Tools,ORTEC-SYNTH-500-s261_dyn5e,500,1,0.4,14.29,True,100.0,0.0
OR-Tools,ORTEC-SYNTH-500-s261_dyn5e,500,2,0.6,23.88,True,100.0,0.0
OR-Tools,ORTEC-SYNTH-500-s261_dyn5e,500,3,0.8,17.59,True,100.0,0.0
OR-Tools,ORTEC-SYNTH-500-s261_dyn5e,500,4,1.0,17.76,True,100.0,0.0
OR-Tools,ORTEC-SYNTH-500-s262_dyn5e,500,0,0.2,16.78,True,100.0,0.0
OR-Tools,ORTEC-SYNTH-500-s262_dyn5e,500,1,0.4,14.86,True,100.0,0.0
OR-Tools,ORTEC-SYNTH-500-s262_dyn5e,500,2,0.6,15.75,True,100.0,0.0
OR-Tools,ORTEC-SYNTH-500-s262_dyn5e,500,3,0.8,14.67,True,100.0,0.0
OR-Tools,ORTEC-SYNTH-500-s262_dyn5e,500,4,1.0,12.76,True,100.0,0.0
OR-Tools,ORTEC-SYNTH-500-s263_dyn5e,500,0,0.2,17.15,True,100.0,0.0
OR-Tools,ORTEC-SYNTH-500-s263_dyn5e,500,1,0.4,16.73,True,100.0,0.0
OR-Tools,ORTEC-SYNTH-500-s263_dyn5e,500,2,0.6,16.18,True,100.0,0.0
OR-Tools,ORTEC-SYNTH-500-s263_dyn5e,500,3,0.8,21.91,True,100.0,0.0
OR-Tools,ORTEC-SYNTH-500-s263_dyn5e,500,4,1.0,19.78,True,100.0,0.0
OR-Tools,ORTEC-SYNTH-500-s250_dyn5e,500,0,0.0,240.12,False,0.0,100.0
OR-Tools,ORTEC-SYNTH-500-s250_dyn5e,500,1,0.0,120.82,False,0.0,200.0
OR-Tools,ORTEC-SYNTH-500-s250_dyn5e,500,2,0.0,120.43,False,0.0,300.0
OR-Tools,ORTEC-SYNTH-500-s250_dyn5e,500,3,0.0,120.38,False,0.0,400.0
OR-Tools,ORTEC-SYNTH-500-s250_dyn5e,500,4,0.0,120.44,False,0.0,500.0
OR-Tools,ORTEC-SYNTH-500-s264_dyn5e,500,0,0.2,21.76,True,100.0,0.0
OR-Tools,ORTEC-SYNTH-500-s264_dyn5e,500,1,0.4,17.37,True,100.0,0.0
OR-Tools,ORTEC-SYNTH-500-s264_dyn5e,500,2,0.6,14.32,True,100.0,0.0
OR-Tools,ORTEC-SYNTH-500-s264_dyn5e,500,3,0.8,17.44,True,100.0,0.0
OR-Tools,ORTEC-SYNTH-500-s264_dyn5e,500,4,1.0,17.83,True,100.0,0.0
OR-Tools,ORTEC-SYNTH-500-s265_dyn5e,500,0,0.2,17.86,True,100.0,0.0
OR-Tools,ORTEC-SYNTH-500-s265_dyn5e,500,1,0.4,17.54,True,100.0,0.0
OR-Tools,ORTEC-SYNTH-500-s265_dyn5e,500,2,0.6,19.25,True,100.0,0.0
OR-Tools,ORTEC-SYNTH-500-s265_dyn5e,500,3,0.8,18.15,True,100.0,0.0
OR-Tools,ORTEC-SYNTH-500-s265_dyn5e,500,4,1.0,17.18,True,100.0,0.0
OR-Tools,ORTEC-SYNTH-500-s266_dyn5e,500,0,0.2,16.68,True,100.0,0.0
OR-Tools,ORTEC-SYNTH-500-s266_dyn5e,500,1,0.4,25.63,True,100.0,0.0
OR-Tools,ORTEC-SYNTH-500-s266_dyn5e,500,2,0.6,10.37,True,100.0,0.0
OR-Tools,ORTEC-SYNTH-500-s266_dyn5e,500,3,0.8,18.77,True,100.0,0.0
OR-Tools,ORTEC-SYNTH-500-s266_dyn5e,500,4,1.0,16.01,True,100.0,0.0
OR-Tools,ORTEC-SYNTH-500-s268_dyn5e,500,0,0.2,16.65,True,100.0,0.0
OR-Tools,ORTEC-SYNTH-500-s268_dyn5e,500,1,0.4,16.87,True,100.0,0.0
OR-Tools,ORTEC-SYNTH-500-s268_dyn5e,500,2,0.6,13.78,True,100.0,0.0
OR-Tools,ORTEC-SYNTH-500-s268_dyn5e,500,3,0.8,15.25,True,100.0,0.0
OR-Tools,ORTEC-SYNTH-500-s268_dyn5e,500,4,1.0,14.02,True,100.0,0.0
OR-Tools,ORTEC-SYNTH-500-s267_dyn5e,500,0,0.2,18.27,True,100.0,0.0
OR-Tools,ORTEC-SYNTH-500-s267_dyn5e,500,1,0.4,17.36,True,100.0,0.0
OR-Tools,ORTEC-SYNTH-500-s267_dyn5e,500,2,0.6,14.74,True,100.0,0.0
OR-Tools,ORTEC-SYNTH-500-s267_dyn5e,500,3,0.8,17.16,True,100.0,0.0
OR-Tools,ORTEC-SYNTH-500-s267_dyn5e,500,4,1.0,16.88,True,100.0,0.0
OR-Tools,ORTEC-SYNTH-500-s269_dyn5e,500,0,0.2,19.56,True,100.0,0.0
OR-Tools,ORTEC-SYNTH-500-s269_dyn5e,500,1,0.4,23.79,True,100.0,0.0
OR-Tools,ORTEC-SYNTH-500-s269_dyn5e,500,2,0.6,17.07,True,100.0,0.0
OR-Tools,ORTEC-SYNTH-500-s269_dyn5e,500,3,0.8,21.6,True,100.0,0.0
OR-Tools,ORTEC-SYNTH-500-s269_dyn5e,500,4,1.0,20.93,True,100.0,0.0
OR-Tools,ORTEC-SYNTH-500-s45_dyn5e,500,0,0.2,20.5,True,100.0,0.0
OR-Tools,ORTEC-SYNTH-500-s45_dyn5e,500,1,0.4,18.16,True,100.0,0.0
OR-Tools,ORTEC-SYNTH-500-s45_dyn5e,500,2,0.6,16.77,True,100.0,0.0
OR-Tools,ORTEC-SYNTH-500-s45_dyn5e,500,3,0.8,20.8,True,100.0,0.0
OR-Tools,ORTEC-SYNTH-500-s45_dyn5e,500,4,1.0,16.71,True,100.0,0.0
OR-Tools,ORTEC-SYNTH-500-s46_dyn5e,500,0,0.2,17.23,True,100.0,0.0
OR-Tools,ORTEC-SYNTH-500-s46_dyn5e,500,1,0.4,14.71,True,100.0,0.0
OR-Tools,ORTEC-SYNTH-500-s46_dyn5e,500,2,0.6,16.04,True,100.0,0.0
OR-Tools,ORTEC-SYNTH-500-s46_dyn5e,500,3,0.8,15.93,True,100.0,0.0
OR-Tools,ORTEC-SYNTH-500-s46_dyn5e,500,4,1.0,16.66,True,100.0,0.0
OR-Tools,ORTEC-SYNTH-500-s47_dyn5e,500,0,0.2,15.88,True,100.0,0.0
OR-Tools,ORTEC-SYNTH-500-s47_dyn5e,500,1,0.4,16.79,True,100.0,0.0
OR-Tools,ORTEC-SYNTH-500-s47_dyn5e,500,2,0.6,10.63,True,100.0,0.0
OR-Tools,ORTEC-SYNTH-500-s47_dyn5e,500,3,0.8,18.95,True,100.0,0.0
OR-Tools,ORTEC-SYNTH-500-s47_dyn5e,500,4,1.0,16.77,True,100.0,0.0
OR-Tools,ORTEC-SYNTH-800-s400_dyn5e,800,0,0.2,38.62,True,160.0,0.0
OR-Tools,ORTEC-SYNTH-800-s400_dyn5e,800,1,0.4,37.73,True,160.0,0.0
OR-Tools,ORTEC-SYNTH-800-s400_dyn5e,800,2,0.6,30.5,True,160.0,0.0
OR-Tools,ORTEC-SYNTH-800-s400_dyn5e,800,3,0.8,24.19,True,160.0,0.0
OR-Tools,ORTEC-SYNTH-800-s400_dyn5e,800,4,1.0,25.69,True,160.0,0.0
OR-Tools,ORTEC-SYNTH-800-s401_dyn5e,800,0,0.2,33.62,True,160.0,0.0
OR-Tools,ORTEC-SYNTH-800-s401_dyn5e,800,1,0.4,33.52,True,160.0,0.0
OR-Tools,ORTEC-SYNTH-800-s401_dyn5e,800,2,0.6,23.84,True,160.0,0.0
OR-Tools,ORTEC-SYNTH-800-s401_dyn5e,800,3,0.8,43.18,True,160.0,0.0
OR-Tools,ORTEC-SYNTH-800-s401_dyn5e,800,4,1.0,25.32,True,160.0,0.0
OR-Tools,ORTEC-SYNTH-800-s403_dyn5e,800,0,0.2,53.75,True,160.0,0.0
OR-Tools,ORTEC-SYNTH-800-s403_dyn5e,800,1,0.4,34.85,True,160.0,0.0
OR-Tools,ORTEC-SYNTH-800-s403_dyn5e,800,2,0.6,29.59,True,160.0,0.0
OR-Tools,ORTEC-SYNTH-800-s403_dyn5e,800,3,0.8,28.94,True,160.0,0.0
OR-Tools,ORTEC-SYNTH-800-s403_dyn5e,800,4,1.0,31.75,True,160.0,0.0
OR-Tools,ORTEC-SYNTH-800-s405_dyn5e,800,0,0.2,35.36,True,160.0,0.0
OR-Tools,ORTEC-SYNTH-800-s405_dyn5e,800,1,0.4,35.01,True,160.0,0.0
OR-Tools,ORTEC-SYNTH-800-s405_dyn5e,800,2,0.6,32.15,True,160.0,0.0
OR-Tools,ORTEC-SYNTH-800-s405_dyn5e,800,3,0.8,28.7,True,160.0,0.0
OR-Tools,ORTEC-SYNTH-800-s405_dyn5e,800,4,1.0,33.25,True,160.0,0.0
OR-Tools,ORTEC-SYNTH-800-s406_dyn5e,800,0,0.2,32.29,True,160.0,0.0
OR-Tools,ORTEC-SYNTH-800-s406_dyn5e,800,1,0.4,24.19,True,160.0,0.0
OR-Tools,ORTEC-SYNTH-800-s406_dyn5e,800,2,0.6,24.11,True,160.0,0.0
OR-Tools,ORTEC-SYNTH-800-s406_dyn5e,800,3,0.8,22.94,True,160.0,0.0
OR-Tools,ORTEC-SYNTH-800-s406_dyn5e,800,4,1.0,38.2,True,160.0,0.0
OR-Tools,ORTEC-SYNTH-800-s408_dyn5e,800,0,0.2,21.29,True,160.0,0.0
OR-Tools,ORTEC-SYNTH-800-s408_dyn5e,800,1,0.4,44.07,True,160.0,0.0
OR-Tools,ORTEC-SYNTH-800-s408_dyn5e,800,2,0.6,31.37,True,160.0,0.0
OR-Tools,ORTEC-SYNTH-800-s408_dyn5e,800,3,0.8,30.49,True,160.0,0.0
OR-Tools,ORTEC-SYNTH-800-s408_dyn5e,800,4,1.0,29.8,True,160.0,0.0
OR-Tools,ORTEC-SYNTH-800-s402_dyn5e,800,0,0.2,33.89,True,160.0,0.0
OR-Tools,ORTEC-SYNTH-800-s402_dyn5e,800,1,0.2,120.22,False,0.0,160.0
OR-Tools,ORTEC-SYNTH-800-s402_dyn5e,800,2,0.2,120.39,False,0.0,320.0
OR-Tools,ORTEC-SYNTH-800-s402_dyn5e,800,3,0.2,120.46,False,0.0,480.0
OR-Tools,ORTEC-SYNTH-800-s402_dyn5e,800,4,0.2,120.73,False,0.0,640.0
OR-Tools,ORTEC-SYNTH-800-s407_dyn5e,800,0,0.2,29.59,True,160.0,0.0
OR-Tools,ORTEC-SYNTH-800-s407_dyn5e,800,1,0.4,32.74,True,160.0,0.0
OR-Tools,ORTEC-SYNTH-800-s407_dyn5e,800,2,0.6,42.15,True,160.0,0.0
OR-Tools,ORTEC-SYNTH-800-s407_dyn5e,800,3,0.6,120.25,False,0.0,160.0
OR-Tools,ORTEC-SYNTH-800-s407_dyn5e,800,4,0.6,120.61,False,0.0,320.0
OR-Tools,ORTEC-SYNTH-800-s409_dyn5e,800,0,0.2,37.76,True,160.0,0.0
OR-Tools,ORTEC-SYNTH-800-s409_dyn5e,800,1,0.4,34.62,True,160.0,0.0
OR-Tools,ORTEC-SYNTH-800-s409_dyn5e,800,2,0.6,30.3,True,160.0,0.0
OR-Tools,ORTEC-SYNTH-800-s409_dyn5e,800,3,0.8,25.43,True,160.0,0.0
OR-Tools,ORTEC-SYNTH-800-s409_dyn5e,800,4,1.0,26.56,True,160.0,0.0
OR-Tools,ORTEC-SYNTH-800-s411_dyn5e,800,0,0.2,29.6,True,160.0,0.0
OR-Tools,ORTEC-SYNTH-800-s411_dyn5e,800,1,0.4,29.91,True,160.0,0.0
OR-Tools,ORTEC-SYNTH-800-s411_dyn5e,800,2,0.6,27.62,True,160.0,0.0
OR-Tools,ORTEC-SYNTH-800-s411_dyn5e,800,3,0.8,25.89,True,160.0,0.0
OR-Tools,ORTEC-SYNTH-800-s411_dyn5e,800,4,1.0,22.8,True,160.0,0.0
OR-Tools,ORTEC-SYNTH-800-s412_dyn5e,800,0,0.2,25.06,True,160.0,0.0
OR-Tools,ORTEC-SYNTH-800-s412_dyn5e,800,1,0.4,34.17,True,160.0,0.0
OR-Tools,ORTEC-SYNTH-800-s412_dyn5e,800,2,0.6,44.41,True,160.0,0.0
OR-Tools,ORTEC-SYNTH-800-s412_dyn5e,800,3,0.8,29.87,True,160.0,0.0
OR-Tools,ORTEC-SYNTH-800-s412_dyn5e,800,4,1.0,32.08,True,160.0,0.0
OR-Tools,ORTEC-SYNTH-800-s404_dyn5e,800,0,0.0,240.28,False,0.0,160.0
OR-Tools,ORTEC-SYNTH-800-s404_dyn5e,800,1,0.0,120.53,False,0.0,320.0
OR-Tools,ORTEC-SYNTH-800-s404_dyn5e,800,2,0.0,120.33,False,0.0,480.0
OR-Tools,ORTEC-SYNTH-800-s404_dyn5e,800,3,0.0,120.7,False,0.0,640.0
OR-Tools,ORTEC-SYNTH-800-s404_dyn5e,800,4,0.0,121.08,False,0.0,800.0
OR-Tools,ORTEC-SYNTH-800-s413_dyn5e,800,0,0.2,31.17,True,160.0,0.0
OR-Tools,ORTEC-SYNTH-800-s413_dyn5e,800,1,0.4,29.01,True,160.0,0.0
OR-Tools,ORTEC-SYNTH-800-s413_dyn5e,800,2,0.6,39.32,True,160.0,0.0
OR-Tools,ORTEC-SYNTH-800-s413_dyn5e,800,3,0.8,30.08,True,160.0,0.0
OR-Tools,ORTEC-SYNTH-800-s413_dyn5e,800,4,1.0,19.7,True,160.0,0.0
OR-Tools,ORTEC-SYNTH-800-s414_dyn5e,800,0,0.2,30.71,True,160.0,0.0
OR-Tools,ORTEC-SYNTH-800-s414_dyn5e,800,1,0.4,26.39,True,160.0,0.0
OR-Tools,ORTEC-SYNTH-800-s414_dyn5e,800,2,0.6,26.57,True,160.0,0.0
OR-Tools,ORTEC-SYNTH-800-s414_dyn5e,800,3,0.8,30.18,True,160.0,0.0
OR-Tools,ORTEC-SYNTH-800-s414_dyn5e,800,4,1.0,31.35,True,160.0,0.0
OR-Tools,ORTEC-SYNTH-800-s415_dyn5e,800,0,0.2,31.35,True,160.0,0.0
OR-Tools,ORTEC-SYNTH-800-s415_dyn5e,800,1,0.4,29.78,True,160.0,0.0
OR-Tools,ORTEC-SYNTH-800-s415_dyn5e,800,2,0.6,30.85,True,160.0,0.0
OR-Tools,ORTEC-SYNTH-800-s415_dyn5e,800,3,0.8,34.72,True,160.0,0.0
OR-Tools,ORTEC-SYNTH-800-s415_dyn5e,800,4,1.0,21.61,True,160.0,0.0
OR-Tools,ORTEC-SYNTH-800-s410_dyn5e,800,0,0.2,25.42,True,160.0,0.0
OR-Tools,ORTEC-SYNTH-800-s410_dyn5e,800,1,0.2,120.3,False,0.0,160.0
OR-Tools,ORTEC-SYNTH-800-s410_dyn5e,800,2,0.2,120.25,False,0.0,320.0
OR-Tools,ORTEC-SYNTH-800-s410_dyn5e,800,3,0.2,120.41,False,0.0,480.0
OR-Tools,ORTEC-SYNTH-800-s410_dyn5e,800,4,0.2,120.9,False,0.0,640.0
OR-Tools,ORTEC-SYNTH-800-s416_dyn5e,800,0,0.2,32.62,True,160.0,0.0
OR-Tools,ORTEC-SYNTH-800-s416_dyn5e,800,1,0.4,27.63,True,160.0,0.0
OR-Tools,ORTEC-SYNTH-800-s416_dyn5e,800,2,0.6,27.24,True,160.0,0.0
OR-Tools,ORTEC-SYNTH-800-s416_dyn5e,800,3,0.8,31.07,True,160.0,0.0
OR-Tools,ORTEC-SYNTH-800-s416_dyn5e,800,4,1.0,37.27,True,160.0,0.0
OR-Tools,ORTEC-SYNTH-800-s419_dyn5e,800,0,0.2,33.36,True,160.0,0.0
OR-Tools,ORTEC-SYNTH-800-s419_dyn5e,800,1,0.4,29.39,True,160.0,0.0
OR-Tools,ORTEC-SYNTH-800-s419_dyn5e,800,2,0.6,30.35,True,160.0,0.0
OR-Tools,ORTEC-SYNTH-800-s419_dyn5e,800,3,0.8,31.07,True,160.0,0.0
OR-Tools,ORTEC-SYNTH-800-s419_dyn5e,800,4,1.0,35.52,True,160.0,0.0
OR-Tools,ORTEC-SYNTH-800-s420_dyn5e,800,0,0.2,36.74,True,160.0,0.0
OR-Tools,ORTEC-SYNTH-800-s420_dyn5e,800,1,0.4,34.62,True,160.0,0.0
OR-Tools,ORTEC-SYNTH-800-s420_dyn5e,800,2,0.6,33.24,True,160.0,0.0
OR-Tools,ORTEC-SYNTH-800-s420_dyn5e,800,3,0.8,42.81,True,160.0,0.0
OR-Tools,ORTEC-SYNTH-800-s420_dyn5e,800,4,1.0,43.89,True,160.0,0.0
OR-Tools,ORTEC-SYNTH-800-s421_dyn5e,800,0,0.2,27.84,True,160.0,0.0
OR-Tools,ORTEC-SYNTH-800-s421_dyn5e,800,1,0.4,38.83,True,160.0,0.0
OR-Tools,ORTEC-SYNTH-800-s421_dyn5e,800,2,0.6,29.67,True,160.0,0.0
OR-Tools,ORTEC-SYNTH-800-s421_dyn5e,800,3,0.8,31.36,True,160.0,0.0
OR-Tools,ORTEC-SYNTH-800-s421_dyn5e,800,4,1.0,34.98,True,160.0,0.0
OR-Tools,ORTEC-SYNTH-800-s422_dyn5e,800,0,0.2,33.15,True,160.0,0.0
OR-Tools,ORTEC-SYNTH-800-s422_dyn5e,800,1,0.4,33.29,True,160.0,0.0
OR-Tools,ORTEC-SYNTH-800-s422_dyn5e,800,2,0.6,40.45,True,160.0,0.0
OR-Tools,ORTEC-SYNTH-800-s422_dyn5e,800,3,0.8,30.03,True,160.0,0.0
OR-Tools,ORTEC-SYNTH-800-s422_dyn5e,800,4,1.0,40.22,True,160.0,0.0
OR-Tools,ORTEC-SYNTH-800-s418_dyn5e,800,0,0.2,28.96,True,160.0,0.0
OR-Tools,ORTEC-SYNTH-800-s418_dyn5e,800,1,0.2,120.46,False,0.0,160.0
OR-Tools,ORTEC-SYNTH-800-s418_dyn5e,800,2,0.2,120.51,False,0.0,320.0
OR-Tools,ORTEC-SYNTH-800-s418_dyn5e,800,3,0.2,120.83,False,0.0,480.0
OR-Tools,ORTEC-SYNTH-800-s418_dyn5e,800,4,0.2,120.71,False,0.0,640.0
OR-Tools,ORTEC-SYNTH-800-s423_dyn5e,800,0,0.2,28.5,True,160.0,0.0
OR-Tools,ORTEC-SYNTH-800-s423_dyn5e,800,1,0.4,32.23,True,160.0,0.0
OR-Tools,ORTEC-SYNTH-800-s423_dyn5e,800,2,0.6,40.71,True,160.0,0.0
OR-Tools,ORTEC-SYNTH-800-s423_dyn5e,800,3,0.8,24.64,True,160.0,0.0
OR-Tools,ORTEC-SYNTH-800-s423_dyn5e,800,4,1.0,36.63,True,160.0,0.0
OR-Tools,ORTEC-SYNTH-800-s424_dyn5e,800,0,0.2,41.39,True,160.0,0.0
OR-Tools,ORTEC-SYNTH-800-s424_dyn5e,800,1,0.4,31.43,True,160.0,0.0
OR-Tools,ORTEC-SYNTH-800-s424_dyn5e,800,2,0.6,25.91,True,160.0,0.0
OR-Tools,ORTEC-SYNTH-800-s424_dyn5e,800,3,0.8,37.85,True,160.0,0.0
OR-Tools,ORTEC-SYNTH-800-s424_dyn5e,800,4,1.0,32.74,True,160.0,0.0
OR-Tools,ORTEC-SYNTH-800-s425_dyn5e,800,0,0.2,27.22,True,160.0,0.0
OR-Tools,ORTEC-SYNTH-800-s425_dyn5e,800,1,0.4,37.88,True,160.0,0.0
OR-Tools,ORTEC-SYNTH-800-s425_dyn5e,800,2,0.6,36.34,True,160.0,0.0
OR-Tools,ORTEC-SYNTH-800-s425_dyn5e,800,3,0.8,34.02,True,160.0,0.0
OR-Tools,ORTEC-SYNTH-800-s425_dyn5e,800,4,1.0,30.28,True,160.0,0.0
OR-Tools,ORTEC-SYNTH-800-s417_dyn5e,800,0,0.0,240.18,False,0.0,160.0
OR-Tools,ORTEC-SYNTH-800-s417_dyn5e,800,1,0.0,120.24,False,0.0,320.0
OR-Tools,ORTEC-SYNTH-800-s417_dyn5e,800,2,0.0,120.43,False,0.0,480.0
OR-Tools,ORTEC-SYNTH-800-s417_dyn5e,800,3,0.0,120.83,False,0.0,640.0
OR-Tools,ORTEC-SYNTH-800-s417_dyn5e,800,4,0.0,121.22,False,0.0,800.0
OR-Tools,ORTEC-SYNTH-800-s427_dyn5e,800,0,0.2,37.71,True,160.0,0.0
OR-Tools,ORTEC-SYNTH-800-s427_dyn5e,800,1,0.4,34.42,True,160.0,0.0
OR-Tools,ORTEC-SYNTH-800-s427_dyn5e,800,2,0.6,33.54,True,160.0,0.0
OR-Tools,ORTEC-SYNTH-800-s427_dyn5e,800,3,0.8,32.33,True,160.0,0.0
OR-Tools,ORTEC-SYNTH-800-s427_dyn5e,800,4,1.0,29.28,True,160.0,0.0
OR-Tools,ORTEC-SYNTH-800-s430_dyn5e,800,0,0.2,29.4,True,160.0,0.0
OR-Tools,ORTEC-SYNTH-800-s430_dyn5e,800,1,0.4,36.2,True,160.0,0.0
OR-Tools,ORTEC-SYNTH-800-s430_dyn5e,800,2,0.6,31.97,True,160.0,0.0
OR-Tools,ORTEC-SYNTH-800-s430_dyn5e,800,3,0.8,42.95,True,160.0,0.0
OR-Tools,ORTEC-SYNTH-800-s430_dyn5e,800,4,1.0,35.39,True,160.0,0.0
OR-Tools,ORTEC-SYNTH-800-s426_dyn5e,800,0,0.2,23.94,True,160.0,0.0
OR-Tools,ORTEC-SYNTH-800-s426_dyn5e,800,1,0.2,120.14,False,0.0,160.0
OR-Tools,ORTEC-SYNTH-800-s426_dyn5e,800,2,0.2,120.27,False,0.0,320.0
OR-Tools,ORTEC-SYNTH-800-s426_dyn5e,800,3,0.2,121.01,False,0.0,480.0
OR-Tools,ORTEC-SYNTH-800-s426_dyn5e,800,4,0.2,121.8,False,0.0,640.0
OR-Tools,ORTEC-SYNTH-800-s429_dyn5e,800,0,0.2,37.07,True,160.0,0.0
OR-Tools,ORTEC-SYNTH-800-s429_dyn5e,800,1,0.2,120.14,False,0.0,160.0
OR-Tools,ORTEC-SYNTH-800-s429_dyn5e,800,2,0.2,120.22,False,0.0,320.0
OR-Tools,ORTEC-SYNTH-800-s429_dyn5e,800,3,0.2,120.38,False,0.0,480.0
OR-Tools,ORTEC-SYNTH-800-s429_dyn5e,800,4,0.2,120.56,False,0.0,640.0
OR-Tools,ORTEC-SYNTH-800-s432_dyn5e,800,0,0.2,39.33,True,160.0,0.0
OR-Tools,ORTEC-SYNTH-800-s432_dyn5e,800,1,0.4,35.91,True,160.0,0.0
OR-Tools,ORTEC-SYNTH-800-s432_dyn5e,800,2,0.6,35.27,True,160.0,0.0
OR-Tools,ORTEC-SYNTH-800-s432_dyn5e,800,3,0.8,36.6,True,160.0,0.0
OR-Tools,ORTEC-SYNTH-800-s432_dyn5e,800,4,1.0,35.7,True,160.0,0.0
OR-Tools,ORTEC-SYNTH-800-s434_dyn5e,800,0,0.2,29.31,True,160.0,0.0
OR-Tools,ORTEC-SYNTH-800-s434_dyn5e,800,1,0.4,20.1,True,160.0,0.0
OR-Tools,ORTEC-SYNTH-800-s434_dyn5e,800,2,0.6,23.63,True,160.0,0.0
OR-Tools,ORTEC-SYNTH-800-s434_dyn5e,800,3,0.8,37.54,True,160.0,0.0
OR-Tools,ORTEC-SYNTH-800-s434_dyn5e,800,4,1.0,27.46,True,160.0,0.0
OR-Tools,ORTEC-SYNTH-800-s428_dyn5e,800,0,0.0,240.15,False,0.0,160.0
OR-Tools,ORTEC-SYNTH-800-s428_dyn5e,800,1,0.0,120.38,False,0.0,320.0
OR-Tools,ORTEC-SYNTH-800-s428_dyn5e,800,2,0.0,120.52,False,0.0,480.0
OR-Tools,ORTEC-SYNTH-800-s428_dyn5e,800,3,0.0,121.22,False,0.0,640.0
OR-Tools,ORTEC-SYNTH-800-s428_dyn5e,800,4,0.0,121.64,False,0.0,800.0
OR-Tools,ORTEC-SYNTH-800-s433_dyn5e,800,0,0.2,29.16,True,160.0,0.0
OR-Tools,ORTEC-SYNTH-800-s433_dyn5e,800,1,0.4,26.44,True,160.0,0.0
OR-Tools,ORTEC-SYNTH-800-s433_dyn5e,800,2,0.6,22.25,True,160.0,0.0
OR-Tools,ORTEC-SYNTH-800-s433_dyn5e,800,3,0.8,37.3,True,160.0,0.0
OR-Tools,ORTEC-SYNTH-800-s433_dyn5e,800,4,0.8,120.23,False,0.0,160.0
OR-Tools,ORTEC-SYNTH-800-s431_dyn5e,800,0,0.2,31.42,True,160.0,0.0
OR-Tools,ORTEC-SYNTH-800-s431_dyn5e,800,1,0.2,120.22,False,0.0,160.0
OR-Tools,ORTEC-SYNTH-800-s431_dyn5e,800,2,0.2,120.26,False,0.0,320.0
OR-Tools,ORTEC-SYNTH-800-s431_dyn5e,800,3,0.2,120.49,False,0.0,480.0
OR-Tools,ORTEC-SYNTH-800-s431_dyn5e,800,4,0.2,120.96,False,0.0,640.0
OR-Tools,ORTEC-SYNTH-800-s438_dyn5e,800,0,0.2,28.01,True,160.0,0.0
OR-Tools,ORTEC-SYNTH-800-s438_dyn5e,800,1,0.4,28.0,True,160.0,0.0
OR-Tools,ORTEC-SYNTH-800-s438_dyn5e,800,2,0.6,33.38,True,160.0,0.0
OR-Tools,ORTEC-SYNTH-800-s438_dyn5e,800,3,0.8,32.62,True,160.0,0.0
OR-Tools,ORTEC-SYNTH-800-s438_dyn5e,800,4,1.0,35.65,True,160.0,0.0
OR-Tools,ORTEC-SYNTH-800-s435_dyn5e,800,0,0.2,14.06,True,160.0,0.0
OR-Tools,ORTEC-SYNTH-800-s435_dyn5e,800,1,0.4,17.43,True,160.0,0.0
OR-Tools,ORTEC-SYNTH-800-s435_dyn5e,800,2,0.4,120.22,False,0.0,160.0
OR-Tools,ORTEC-SYNTH-800-s435_dyn5e,800,3,0.4,120.49,False,0.0,320.0
OR-Tools,ORTEC-SYNTH-800-s435_dyn5e,800,4,0.4,120.43,False,0.0,480.0
OR-Tools,ORTEC-SYNTH-800-s439_dyn5e,800,0,0.2,33.21,True,160.0,0.0
OR-Tools,ORTEC-SYNTH-800-s439_dyn5e,800,1,0.4,35.21,True,160.0,0.0
OR-Tools,ORTEC-SYNTH-800-s439_dyn5e,800,2,0.6,25.84,True,160.0,0.0
OR-Tools,ORTEC-SYNTH-800-s439_dyn5e,800,3,0.8,27.32,True,160.0,0.0
OR-Tools,ORTEC-SYNTH-800-s439_dyn5e,800,4,1.0,37.47,True,160.0,0.0
OR-Tools,ORTEC-SYNTH-800-s441_dyn5e,800,0,0.2,29.56,True,160.0,0.0
OR-Tools,ORTEC-SYNTH-800-s441_dyn5e,800,1,0.4,22.65,True,160.0,0.0
OR-Tools,ORTEC-SYNTH-800-s441_dyn5e,800,2,0.6,42.77,True,160.0,0.0
OR-Tools,ORTEC-SYNTH-800-s441_dyn5e,800,3,0.8,35.5,True,160.0,0.0
OR-Tools,ORTEC-SYNTH-800-s441_dyn5e,800,4,1.0,28.88,True,160.0,0.0
OR-Tools,ORTEC-SYNTH-800-s440_dyn5e,800,0,0.2,26.55,True,160.0,0.0
OR-Tools,ORTEC-SYNTH-800-s440_dyn5e,800,1,0.4,34.61,True,160.0,0.0
OR-Tools,ORTEC-SYNTH-800-s440_dyn5e,800,2,0.6,25.74,True,160.0,0.0
OR-Tools,ORTEC-SYNTH-800-s440_dyn5e,800,3,0.8,27.63,True,160.0,0.0
OR-Tools,ORTEC-SYNTH-800-s440_dyn5e,800,4,0.8,120.28,False,0.0,160.0
OR-Tools,ORTEC-SYNTH-800-s436_dyn5e,800,0,0.0,240.14,False,0.0,160.0
OR-Tools,ORTEC-SYNTH-800-s436_dyn5e,800,1,0.0,120.19,False,0.0,320.0
OR-Tools,ORTEC-SYNTH-800-s436_dyn5e,800,2,0.0,120.77,False,0.0,480.0
OR-Tools,ORTEC-SYNTH-800-s436_dyn5e,800,3,0.0,120.79,False,0.0,640.0
OR-Tools,ORTEC-SYNTH-800-s436_dyn5e,800,4,0.0,121.83,False,0.0,800.0
OR-Tools,ORTEC-SYNTH-800-s442_dyn5e,800,0,0.2,25.2,True,160.0,0.0
OR-Tools,ORTEC-SYNTH-800-s442_dyn5e,800,1,0.4,40.72,True,160.0,0.0
OR-Tools,ORTEC-SYNTH-800-s442_dyn5e,800,2,0.6,22.41,True,160.0,0.0
OR-Tools,ORTEC-SYNTH-800-s442_dyn5e,800,3,0.8,41.17,True,160.0,0.0
OR-Tools,ORTEC-SYNTH-800-s442_dyn5e,800,4,1.0,23.34,True,160.0,0.0
OR-Tools,ORTEC-SYNTH-800-s437_dyn5e,800,0,0.0,240.17,False,0.0,160.0
OR-Tools,ORTEC-SYNTH-800-s437_dyn5e,800,1,0.0,120.31,False,0.0,320.0
OR-Tools,ORTEC-SYNTH-800-s437_dyn5e,800,2,0.0,120.8,False,0.0,480.0
OR-Tools,ORTEC-SYNTH-800-s437_dyn5e,800,3,0.0,120.84,False,0.0,640.0
OR-Tools,ORTEC-SYNTH-800-s437_dyn5e,800,4,0.0,121.67,False,0.0,800.0
OR-Tools,ORTEC-SYNTH-800-s445_dyn5e,800,0,0.2,25.2,True,160.0,0.0
OR-Tools,ORTEC-SYNTH-800-s445_dyn5e,800,1,0.4,28.32,True,160.0,0.0
OR-Tools,ORTEC-SYNTH-800-s445_dyn5e,800,2,0.6,34.69,True,160.0,0.0
OR-Tools,ORTEC-SYNTH-800-s445_dyn5e,800,3,0.8,32.81,True,160.0,0.0
OR-Tools,ORTEC-SYNTH-800-s445_dyn5e,800,4,1.0,29.85,True,160.0,0.0
OR-Tools,ORTEC-SYNTH-800-s444_dyn5e,800,0,0.2,42.34,True,160.0,0.0
OR-Tools,ORTEC-SYNTH-800-s444_dyn5e,800,1,0.4,28.98,True,160.0,0.0
OR-Tools,ORTEC-SYNTH-800-s444_dyn5e,800,2,0.6,43.46,True,160.0,0.0
OR-Tools,ORTEC-SYNTH-800-s444_dyn5e,800,3,0.8,35.26,True,160.0,0.0
OR-Tools,ORTEC-SYNTH-800-s444_dyn5e,800,4,1.0,24.51,True,160.0,0.0
OR-Tools,ORTEC-SYNTH-800-s446_dyn5e,800,0,0.2,29.77,True,160.0,0.0
OR-Tools,ORTEC-SYNTH-800-s446_dyn5e,800,1,0.4,23.14,True,160.0,0.0
OR-Tools,ORTEC-SYNTH-800-s446_dyn5e,800,2,0.6,23.96,True,160.0,0.0
OR-Tools,ORTEC-SYNTH-800-s446_dyn5e,800,3,0.8,39.98,True,160.0,0.0
OR-Tools,ORTEC-SYNTH-800-s446_dyn5e,800,4,1.0,36.98,True,160.0,0.0
OR-Tools,ORTEC-SYNTH-800-s447_dyn5e,800,0,0.2,26.98,True,160.0,0.0
OR-Tools,ORTEC-SYNTH-800-s447_dyn5e,800,1,0.4,32.11,True,160.0,0.0
OR-Tools,ORTEC-SYNTH-800-s447_dyn5e,800,2,0.6,30.85,True,160.0,0.0
OR-Tools,ORTEC-SYNTH-800-s447_dyn5e,800,3,0.8,35.97,True,160.0,0.0
OR-Tools,ORTEC-SYNTH-800-s447_dyn5e,800,4,1.0,23.64,True,160.0,0.0
OR-Tools,ORTEC-SYNTH-800-s448_dyn5e,800,0,0.2,29.91,True,160.0,0.0
OR-Tools,ORTEC-SYNTH-800-s448_dyn5e,800,1,0.4,33.29,True,160.0,0.0
OR-Tools,ORTEC-SYNTH-800-s448_dyn5e,800,2,0.6,31.72,True,160.0,0.0
OR-Tools,ORTEC-SYNTH-800-s448_dyn5e,800,3,0.8,25.44,True,160.0,0.0
OR-Tools,ORTEC-SYNTH-800-s448_dyn5e,800,4,1.0,40.37,True,160.0,0.0
OR-Tools,ORTEC-SYNTH-800-s449_dyn5e,800,0,0.2,30.02,True,160.0,0.0
OR-Tools,ORTEC-SYNTH-800-s449_dyn5e,800,1,0.4,38.0,True,160.0,0.0
OR-Tools,ORTEC-SYNTH-800-s449_dyn5e,800,2,0.6,31.76,True,160.0,0.0
OR-Tools,ORTEC-SYNTH-800-s449_dyn5e,800,3,0.8,34.48,True,160.0,0.0
OR-Tools,ORTEC-SYNTH-800-s449_dyn5e,800,4,1.0,30.12,True,160.0,0.0
OR-Tools,ORTEC-SYNTH-800-s452_dyn5e,800,0,0.2,23.1,True,160.0,0.0
OR-Tools,ORTEC-SYNTH-800-s452_dyn5e,800,1,0.4,34.0,True,160.0,0.0
OR-Tools,ORTEC-SYNTH-800-s452_dyn5e,800,2,0.6,29.13,True,160.0,0.0
OR-Tools,ORTEC-SYNTH-800-s452_dyn5e,800,3,0.8,30.5,True,160.0,0.0
OR-Tools,ORTEC-SYNTH-800-s452_dyn5e,800,4,1.0,26.36,True,160.0,0.0
OR-Tools,ORTEC-SYNTH-800-s450_dyn5e,800,0,0.2,45.23,True,160.0,0.0
OR-Tools,ORTEC-SYNTH-800-s450_dyn5e,800,1,0.4,43.78,True,160.0,0.0
OR-Tools,ORTEC-SYNTH-800-s450_dyn5e,800,2,0.6,29.42,True,160.0,0.0
OR-Tools,ORTEC-SYNTH-800-s450_dyn5e,800,3,0.8,32.67,True,160.0,0.0
OR-Tools,ORTEC-SYNTH-800-s450_dyn5e,800,4,1.0,41.11,True,160.0,0.0
OR-Tools,ORTEC-SYNTH-800-s443_dyn5e,800,0,0.0,240.41,False,0.0,160.0
OR-Tools,ORTEC-SYNTH-800-s443_dyn5e,800,1,0.0,120.64,False,0.0,320.0
OR-Tools,ORTEC-SYNTH-800-s443_dyn5e,800,2,0.0,120.75,False,0.0,480.0
OR-Tools,ORTEC-SYNTH-800-s443_dyn5e,800,3,0.0,121.22,False,0.0,640.0
OR-Tools,ORTEC-SYNTH-800-s443_dyn5e,800,4,0.0,121.21,False,0.0,800.0
OR-Tools,ORTEC-SYNTH-800-s454_dyn5e,800,0,0.2,24.51,True,160.0,0.0
OR-Tools,ORTEC-SYNTH-800-s454_dyn5e,800,1,0.4,22.08,True,160.0,0.0
OR-Tools,ORTEC-SYNTH-800-s454_dyn5e,800,2,0.6,30.04,True,160.0,0.0
OR-Tools,ORTEC-SYNTH-800-s454_dyn5e,800,3,0.8,24.14,True,160.0,0.0
OR-Tools,ORTEC-SYNTH-800-s454_dyn5e,800,4,1.0,25.47,True,160.0,0.0
OR-Tools,ORTEC-SYNTH-800-s453_dyn5e,800,0,0.2,27.9,True,160.0,0.0
OR-Tools,ORTEC-SYNTH-800-s453_dyn5e,800,1,0.4,26.58,True,160.0,0.0
OR-Tools,ORTEC-SYNTH-800-s453_dyn5e,800,2,0.6,28.52,True,160.0,0.0
OR-Tools,ORTEC-SYNTH-800-s453_dyn5e,800,3,0.8,26.27,True,160.0,0.0
OR-Tools,ORTEC-SYNTH-800-s453_dyn5e,800,4,1.0,46.66,True,160.0,0.0
OR-Tools,ORTEC-SYNTH-800-s455_dyn5e,800,0,0.2,28.5,True,160.0,0.0
OR-Tools,ORTEC-SYNTH-800-s455_dyn5e,800,1,0.4,29.47,True,160.0,0.0
OR-Tools,ORTEC-SYNTH-800-s455_dyn5e,800,2,0.6,27.74,True,160.0,0.0
OR-Tools,ORTEC-SYNTH-800-s455_dyn5e,800,3,0.8,27.95,True,160.0,0.0
OR-Tools,ORTEC-SYNTH-800-s455_dyn5e,800,4,1.0,23.34,True,160.0,0.0
OR-Tools,ORTEC-SYNTH-800-s456_dyn5e,800,0,0.2,33.61,True,160.0,0.0
OR-Tools,ORTEC-SYNTH-800-s456_dyn5e,800,1,0.4,45.1,True,160.0,0.0
OR-Tools,ORTEC-SYNTH-800-s456_dyn5e,800,2,0.6,30.21,True,160.0,0.0
OR-Tools,ORTEC-SYNTH-800-s456_dyn5e,800,3,0.8,27.78,True,160.0,0.0
OR-Tools,ORTEC-SYNTH-800-s456_dyn5e,800,4,1.0,35.08,True,160.0,0.0
OR-Tools,ORTEC-SYNTH-800-s457_dyn5e,800,0,0.2,27.85,True,160.0,0.0
OR-Tools,ORTEC-SYNTH-800-s457_dyn5e,800,1,0.4,35.33,True,160.0,0.0
OR-Tools,ORTEC-SYNTH-800-s457_dyn5e,800,2,0.6,35.94,True,160.0,0.0
OR-Tools,ORTEC-SYNTH-800-s457_dyn5e,800,3,0.8,23.12,True,160.0,0.0
OR-Tools,ORTEC-SYNTH-800-s457_dyn5e,800,4,1.0,30.23,True,160.0,0.0
OR-Tools,ORTEC-SYNTH-800-s458_dyn5e,800,0,0.2,32.52,True,160.0,0.0
OR-Tools,ORTEC-SYNTH-800-s458_dyn5e,800,1,0.4,31.1,True,160.0,0.0
OR-Tools,ORTEC-SYNTH-800-s458_dyn5e,800,2,0.6,30.65,True,160.0,0.0
OR-Tools,ORTEC-SYNTH-800-s458_dyn5e,800,3,0.8,34.51,True,160.0,0.0
OR-Tools,ORTEC-SYNTH-800-s458_dyn5e,800,4,0.8,120.14,False,0.0,160.0
OR-Tools,ORTEC-SYNTH-800-s48_dyn5e,800,0,0.2,31.48,True,160.0,0.0
OR-Tools,ORTEC-SYNTH-800-s48_dyn5e,800,1,0.4,31.13,True,160.0,0.0
OR-Tools,ORTEC-SYNTH-800-s48_dyn5e,800,2,0.6,24.83,True,160.0,0.0
OR-Tools,ORTEC-SYNTH-800-s48_dyn5e,800,3,0.8,35.64,True,160.0,0.0
OR-Tools,ORTEC-SYNTH-800-s48_dyn5e,800,4,1.0,29.57,True,160.0,0.0
OR-Tools,ORTEC-SYNTH-800-s459_dyn5e,800,0,0.2,36.92,True,160.0,0.0
OR-Tools,ORTEC-SYNTH-800-s459_dyn5e,800,1,0.4,24.47,True,160.0,0.0
OR-Tools,ORTEC-SYNTH-800-s459_dyn5e,800,2,0.6,34.11,True,160.0,0.0
OR-Tools,ORTEC-SYNTH-800-s459_dyn5e,800,3,0.8,37.22,True,160.0,0.0
OR-Tools,ORTEC-SYNTH-800-s459_dyn5e,800,4,1.0,44.86,True,160.0,0.0
OR-Tools,ORTEC-SYNTH-800-s451_dyn5e,800,0,0.0,240.14,False,0.0,160.0
OR-Tools,ORTEC-SYNTH-800-s451_dyn5e,800,1,0.0,120.23,False,0.0,320.0
OR-Tools,ORTEC-SYNTH-800-s451_dyn5e,800,2,0.0,120.69,False,0.0,480.0
OR-Tools,ORTEC-SYNTH-800-s451_dyn5e,800,3,0.0,120.66,False,0.0,640.0
OR-Tools,ORTEC-SYNTH-800-s451_dyn5e,800,4,0.0,121.27,False,0.0,800.0
OR-Tools,ORTEC-SYNTH-800-s50_dyn5e,800,0,0.2,22.73,True,160.0,0.0
OR-Tools,ORTEC-SYNTH-800-s50_dyn5e,800,1,0.4,24.38,True,160.0,0.0
OR-Tools,ORTEC-SYNTH-800-s50_dyn5e,800,2,0.6,29.76,True,160.0,0.0
OR-Tools,ORTEC-SYNTH-800-s50_dyn5e,800,3,0.8,17.7,True,160.0,0.0
OR-Tools,ORTEC-SYNTH-800-s50_dyn5e,800,4,1.0,14.42,True,160.0,0.0
OR-Tools,ORTEC-SYNTH-800-s49_dyn5e,800,0,0.2,30.79,True,160.0,0.0
OR-Tools,ORTEC-SYNTH-800-s49_dyn5e,800,1,0.2,120.08,False,0.0,160.0
OR-Tools,ORTEC-SYNTH-800-s49_dyn5e,800,2,0.2,120.08,False,0.0,320.0
OR-Tools,ORTEC-SYNTH-800-s49_dyn5e,800,3,0.2,120.14,False,0.0,480.0
OR-Tools,ORTEC-SYNTH-800-s49_dyn5e,800,4,0.2,120.22,False,0.0,640.0
DRoC latest,ORTEC-SYNTH-300-s100_dyn5e,300,0,0.2033,95.5296266078949,True,7.0,54.0
DRoC latest,ORTEC-SYNTH-300-s100_dyn5e,300,1,0.4033,85.78448414802551,True,13.0,108.0
DRoC latest,ORTEC-SYNTH-300-s100_dyn5e,300,2,0.6033,89.76548361778259,True,17.0,164.0
DRoC latest,ORTEC-SYNTH-300-s100_dyn5e,300,3,0.8033,181.5248885154724,True,23.0,218.0
DRoC latest,ORTEC-SYNTH-300-s100_dyn5e,300,4,1.0033,150.9393391609192,True,27.0,274.0
DRoC latest,ORTEC-SYNTH-300-s101_dyn5e,300,0,0.2033,100.1661946773529,True,8.0,53.0
DRoC latest,ORTEC-SYNTH-300-s101_dyn5e,300,1,0.4033,86.23216557502747,True,13.0,108.0
DRoC latest,ORTEC-SYNTH-300-s101_dyn5e,300,2,0.6033,91.86719369888306,True,19.0,162.0
DRoC latest,ORTEC-SYNTH-300-s101_dyn5e,300,3,0.8033,177.91843032836914,True,24.0,217.0
DRoC latest,ORTEC-SYNTH-300-s101_dyn5e,300,4,1.0033,159.49871039390564,True,28.0,273.0
DRoC latest,ORTEC-SYNTH-300-s102_dyn5e,300,0,0.2033,97.48425078392027,True,7.0,54.0
DRoC latest,ORTEC-SYNTH-300-s102_dyn5e,300,1,0.4033,180.54863357543945,True,12.0,109.0
DRoC latest,ORTEC-SYNTH-300-s102_dyn5e,300,2,0.6033,94.11221027374268,True,17.0,164.0
DRoC latest,ORTEC-SYNTH-300-s102_dyn5e,300,3,0.8033,104.44102430343628,True,21.0,220.0
DRoC latest,ORTEC-SYNTH-300-s102_dyn5e,300,4,1.0033,120.34338545799255,True,27.0,274.0
DRoC latest,ORTEC-SYNTH-300-s103_dyn5e,300,0,0.2033,99.3594765663147,True,8.0,53.0
DRoC latest,ORTEC-SYNTH-300-s103_dyn5e,300,1,0.4033,102.1763186454773,True,13.0,108.0
DRoC latest,ORTEC-SYNTH-300-s103_dyn5e,300,2,0.6033,121.43610048294067,True,18.0,163.0
DRoC latest,ORTEC-SYNTH-300-s103_dyn5e,300,3,0.8033,180.09383010864258,True,24.0,217.0
DRoC latest,ORTEC-SYNTH-300-s103_dyn5e,300,4,1.0033,159.25232100486755,True,29.0,272.0
DRoC latest,ORTEC-SYNTH-300-s104_dyn5e,300,0,0.2033,179.3638210296631,True,8.0,53.0
DRoC latest,ORTEC-SYNTH-300-s104_dyn5e,300,1,0.4033,123.31274604797365,True,14.0,107.0
DRoC latest,ORTEC-SYNTH-300-s104_dyn5e,300,2,0.6033,126.36089563369752,True,19.0,162.0
DRoC latest,ORTEC-SYNTH-300-s104_dyn5e,300,3,0.8033,127.49070310592651,True,23.0,218.0
DRoC latest,ORTEC-SYNTH-300-s104_dyn5e,300,4,1.0033,127.800546169281,True,29.0,272.0
DRoC latest,ORTEC-SYNTH-300-s105_dyn5e,300,0,0.2033,100.74893951416016,True,7.0,54.0
DRoC latest,ORTEC-SYNTH-300-s105_dyn5e,300,1,0.4033,105.0507402420044,True,14.0,107.0
DRoC latest,ORTEC-SYNTH-300-s105_dyn5e,300,2,0.6033,131.76411032676697,True,18.0,163.0
DRoC latest,ORTEC-SYNTH-300-s105_dyn5e,300,3,0.8033,139.55072498321533,True,24.0,217.0
DRoC latest,ORTEC-SYNTH-300-s105_dyn5e,300,4,1.0033,182.04962801933289,True,30.0,271.0
DRoC latest,ORTEC-SYNTH-300-s106_dyn5e,300,0,0.2033,175.84658861160278,True,6.0,55.0
DRoC latest,ORTEC-SYNTH-300-s106_dyn5e,300,1,0.4033,96.01915144920348,True,13.0,108.0
DRoC latest,ORTEC-SYNTH-300-s106_dyn5e,300,2,0.6033,116.5573501586914,True,19.0,162.0
DRoC latest,ORTEC-SYNTH-300-s106_dyn5e,300,3,0.8033,99.63776636123656,True,25.0,216.0
DRoC latest,ORTEC-SYNTH-300-s106_dyn5e,300,4,1.0033,179.68443202972412,True,28.0,273.0
DRoC latest,ORTEC-SYNTH-300-s107_dyn5e,300,0,0.2033,87.82332110404968,True,8.0,53.0
DRoC latest,ORTEC-SYNTH-300-s107_dyn5e,300,1,0.4033,181.08836030960083,True,13.0,108.0
DRoC latest,ORTEC-SYNTH-300-s107_dyn5e,300,2,0.6033,245.20199394226077,True,18.0,163.0
DRoC latest,ORTEC-SYNTH-300-s107_dyn5e,300,3,0.8033,179.71659564971924,True,23.0,218.0
DRoC latest,ORTEC-SYNTH-300-s107_dyn5e,300,4,1.0033,178.69449377059937,True,27.0,274.0
DRoC latest,ORTEC-SYNTH-300-s108_dyn5e,300,0,0.2033,98.26203846931458,True,8.0,53.0
DRoC latest,ORTEC-SYNTH-300-s108_dyn5e,300,1,0.4033,93.83242392539978,True,14.0,107.0
DRoC latest,ORTEC-SYNTH-300-s108_dyn5e,300,2,0.6033,176.15319418907166,True,19.0,162.0
DRoC latest,ORTEC-SYNTH-300-s108_dyn5e,300,3,0.8033,131.835045337677,True,23.0,218.0
DRoC latest,ORTEC-SYNTH-300-s108_dyn5e,300,4,1.0033,122.11448645591736,True,30.0,271.0
DRoC latest,ORTEC-SYNTH-300-s109_dyn5e,300,0,0.2033,89.3643844127655,True,7.0,54.0
DRoC latest,ORTEC-SYNTH-300-s109_dyn5e,300,1,0.4033,112.41001272201538,True,12.0,109.0
DRoC latest,ORTEC-SYNTH-300-s109_dyn5e,300,2,0.6033,93.53162217140198,True,18.0,163.0
DRoC latest,ORTEC-SYNTH-300-s109_dyn5e,300,3,0.8033,128.9466154575348,True,23.0,218.0
DRoC latest,ORTEC-SYNTH-300-s109_dyn5e,300,4,1.0033,134.82251954078674,True,28.0,273.0
DRoC latest,ORTEC-SYNTH-300-s111_dyn5e,300,0,0.2033,182.73733162879944,True,8.0,53.0
DRoC latest,ORTEC-SYNTH-300-s111_dyn5e,300,1,0.4033,178.2629930973053,True,13.0,108.0
DRoC latest,ORTEC-SYNTH-300-s111_dyn5e,300,2,0.6033,180.08848118782043,True,19.0,162.0
DRoC latest,ORTEC-SYNTH-300-s111_dyn5e,300,3,0.8033,100.07286047935486,True,25.0,216.0
DRoC latest,ORTEC-SYNTH-300-s111_dyn5e,300,4,0.8233,114.42116785049438,True,1.0,300.0
DRoC latest,ORTEC-SYNTH-300-s110_dyn5e,300,0,0.2033,110.73719930648804,True,8.0,53.0
DRoC latest,ORTEC-SYNTH-300-s110_dyn5e,300,1,0.4033,105.7598123550415,True,14.0,107.0
DRoC latest,ORTEC-SYNTH-300-s110_dyn5e,300,2,0.6033,118.1928961277008,True,18.0,163.0
DRoC latest,ORTEC-SYNTH-300-s110_dyn5e,300,3,0.8033,189.08961272239685,True,24.0,217.0
DRoC latest,ORTEC-SYNTH-300-s110_dyn5e,300,4,1.0033,175.148512840271,True,29.0,272.0
DRoC latest,ORTEC-SYNTH-300-s42_dyn5e,300,0,0.2033,101.96951723098756,True,7.0,54.0
DRoC latest,ORTEC-SYNTH-300-s42_dyn5e,300,1,0.4033,99.42290091514587,True,13.0,108.0
DRoC latest,ORTEC-SYNTH-300-s42_dyn5e,300,2,0.6033,121.54207229614258,True,18.0,163.0
DRoC latest,ORTEC-SYNTH-300-s42_dyn5e,300,3,0.8033,138.88677501678467,True,23.0,218.0
DRoC latest,ORTEC-SYNTH-300-s42_dyn5e,300,4,1.0033,150.61314034461975,True,28.0,273.0
DRoC latest,ORTEC-SYNTH-300-s43_dyn5e,300,0,0.2033,103.07959580421448,True,7.0,54.0
DRoC latest,ORTEC-SYNTH-300-s43_dyn5e,300,1,0.4033,94.78477382659912,True,13.0,108.0
DRoC latest,ORTEC-SYNTH-300-s43_dyn5e,300,2,0.6033,113.32565927505492,True,19.0,162.0
DRoC latest,ORTEC-SYNTH-300-s43_dyn5e,300,3,0.8033,99.3373568058014,True,24.0,217.0
DRoC latest,ORTEC-SYNTH-300-s43_dyn5e,300,4,1.0033,146.93494606018066,True,28.0,273.0
DRoC latest,ORTEC-SYNTH-300-s44_dyn5e,300,0,0.2033,92.69047260284424,True,6.0,55.0
DRoC latest,ORTEC-SYNTH-300-s44_dyn5e,300,1,0.4033,150.33607029914856,True,13.0,108.0
DRoC latest,ORTEC-SYNTH-300-s44_dyn5e,300,2,0.6033,91.57690477371216,True,17.0,164.0
DRoC latest,ORTEC-SYNTH-300-s44_dyn5e,300,3,0.8033,137.2620668411255,True,21.0,220.0
DRoC latest,ORTEC-SYNTH-300-s44_dyn5e,300,4,1.0033,178.271160364151,True,25.0,276.0
DRoC latest,ORTEC-SYNTH-300-s45_dyn5e,300,0,0.2033,91.4531593322754,True,7.0,54.0
DRoC latest,ORTEC-SYNTH-300-s45_dyn5e,300,1,0.4033,178.4977126121521,True,12.0,109.0
DRoC latest,ORTEC-SYNTH-300-s45_dyn5e,300,2,0.6033,164.08970618247986,True,18.0,163.0
DRoC latest,ORTEC-SYNTH-300-s45_dyn5e,300,3,0.8033,179.37931084632874,True,21.0,220.0
DRoC latest,ORTEC-SYNTH-300-s45_dyn5e,300,4,1.0033,176.275377035141,True,26.0,275.0
DRoC latest,ORTEC-SYNTH-300-s46_dyn5e,300,0,0.2033,99.25500893592834,True,9.0,52.0
DRoC latest,ORTEC-SYNTH-300-s46_dyn5e,300,1,0.4033,96.76833510398863,True,13.0,108.0
DRoC latest,ORTEC-SYNTH-300-s46_dyn5e,300,2,0.6033,181.0009093284607,True,18.0,163.0
DRoC latest,ORTEC-SYNTH-300-s46_dyn5e,300,3,0.8033,123.54847931861876,True,23.0,218.0
DRoC latest,ORTEC-SYNTH-300-s46_dyn5e,300,4,1.0033,129.05774760246277,True,28.0,273.0
DRoC latest,ORTEC-SYNTH-300-s47_dyn5e,300,0,0.2033,95.02229046821594,True,7.0,54.0
DRoC latest,ORTEC-SYNTH-300-s47_dyn5e,300,1,0.4033,132.95765805244446,True,12.0,109.0
DRoC latest,ORTEC-SYNTH-300-s47_dyn5e,300,2,0.6033,179.9340033531189,True,16.0,165.0
DRoC latest,ORTEC-SYNTH-300-s47_dyn5e,300,3,0.8033,179.67586731910706,True,20.0,221.0
DRoC latest,ORTEC-SYNTH-300-s47_dyn5e,300,4,1.0033,191.1383125782013,True,26.0,275.0
DRoC latest,ORTEC-SYNTH-300-s48_dyn5e,300,0,0.2033,91.37240695953368,True,8.0,53.0
DRoC latest,ORTEC-SYNTH-300-s48_dyn5e,300,1,0.4033,102.56040024757384,True,13.0,108.0
DRoC latest,ORTEC-SYNTH-300-s48_dyn5e,300,2,0.6033,112.47972369194032,True,19.0,162.0
DRoC latest,ORTEC-SYNTH-300-s48_dyn5e,300,3,0.8033,175.2309386730194,True,24.0,217.0
DRoC latest,ORTEC-SYNTH-300-s48_dyn5e,300,4,1.0033,138.87828850746155,True,28.0,273.0
DRoC latest,ORTEC-SYNTH-300-s49_dyn5e,300,0,0.2033,99.51664233207704,True,7.0,54.0
DRoC latest,ORTEC-SYNTH-300-s49_dyn5e,300,1,0.4033,108.44939374923706,True,14.0,107.0
DRoC latest,ORTEC-SYNTH-300-s49_dyn5e,300,2,0.6033,152.41716384887695,True,19.0,162.0
DRoC latest,ORTEC-SYNTH-300-s49_dyn5e,300,3,0.8033,186.7214241027832,True,24.0,217.0
DRoC latest,ORTEC-SYNTH-300-s49_dyn5e,300,4,1.0033,175.15701150894165,True,27.0,274.0
DRoC latest,ORTEC-SYNTH-300-s50_dyn5e,300,0,0.2033,192.2308778762817,True,8.0,53.0
DRoC latest,ORTEC-SYNTH-300-s50_dyn5e,300,1,0.4033,180.96336436271667,True,13.0,108.0
DRoC latest,ORTEC-SYNTH-300-s50_dyn5e,300,2,0.6033,118.13032984733582,True,18.0,163.0
DRoC latest,ORTEC-SYNTH-300-s50_dyn5e,300,3,0.8033,133.02667832374573,True,23.0,218.0
DRoC latest,ORTEC-SYNTH-300-s50_dyn5e,300,4,1.0033,153.32098007202148,True,29.0,272.0
DRoC latest,ORTEC-SYNTH-300-s51_dyn5e,300,0,0.2033,100.68180227279665,True,7.0,54.0
DRoC latest,ORTEC-SYNTH-300-s51_dyn5e,300,1,0.4033,113.14600157737732,True,11.0,110.0
DRoC latest,ORTEC-SYNTH-300-s51_dyn5e,300,2,0.6033,178.92887616157532,True,16.0,165.0
DRoC latest,ORTEC-SYNTH-300-s51_dyn5e,300,3,0.8033,160.33217692375183,True,21.0,220.0
DRoC latest,ORTEC-SYNTH-300-s51_dyn5e,300,4,1.0033,176.9599335193634,True,26.0,275.0
DRoC latest,ORTEC-SYNTH-300-s52_dyn5e,300,0,0.2033,101.88508343696594,True,7.0,54.0
DRoC latest,ORTEC-SYNTH-300-s52_dyn5e,300,1,0.4033,177.4843509197235,True,12.0,109.0
DRoC latest,ORTEC-SYNTH-300-s52_dyn5e,300,2,0.6033,111.80944228172302,True,19.0,162.0
DRoC latest,ORTEC-SYNTH-300-s52_dyn5e,300,3,0.8033,177.88100814819336,True,23.0,218.0
DRoC latest,ORTEC-SYNTH-300-s52_dyn5e,300,4,1.0033,134.65349984169006,True,28.0,273.0
DRoC latest,ORTEC-SYNTH-300-s53_dyn5e,300,0,0.2033,98.27187824249268,True,6.0,55.0
DRoC latest,ORTEC-SYNTH-300-s53_dyn5e,300,1,0.4033,175.25311136245728,True,10.0,111.0
DRoC latest,ORTEC-SYNTH-300-s53_dyn5e,300,2,0.6033,114.32838463783264,True,16.0,165.0
DRoC latest,ORTEC-SYNTH-300-s53_dyn5e,300,3,0.8033,111.15971088409424,True,21.0,220.0
DRoC latest,ORTEC-SYNTH-300-s53_dyn5e,300,4,1.0033,178.1753740310669,True,26.0,275.0
DRoC latest,ORTEC-SYNTH-300-s54_dyn5e,300,0,0.2033,88.68129706382751,True,7.0,54.0
DRoC latest,ORTEC-SYNTH-300-s54_dyn5e,300,1,0.4033,104.41799235343932,True,13.0,108.0
DRoC latest,ORTEC-SYNTH-300-s54_dyn5e,300,2,0.6033,99.49990487098694,True,18.0,163.0
DRoC latest,ORTEC-SYNTH-300-s54_dyn5e,300,3,0.8033,141.61931157112122,True,25.0,216.0
DRoC latest,ORTEC-SYNTH-300-s54_dyn5e,300,4,1.0033,135.87752103805542,True,30.0,271.0
DRoC latest,ORTEC-SYNTH-300-s55_dyn5e,300,0,0.2033,181.93930387496948,True,7.0,54.0
DRoC latest,ORTEC-SYNTH-300-s55_dyn5e,300,1,0.4033,153.34191179275513,True,13.0,108.0
DRoC latest,ORTEC-SYNTH-300-s55_dyn5e,300,2,0.6033,178.29544949531555,True,20.0,161.0
DRoC latest,ORTEC-SYNTH-300-s55_dyn5e,300,3,0.8033,110.93125462532043,True,25.0,216.0
DRoC latest,ORTEC-SYNTH-300-s55_dyn5e,300,4,1.0033,135.59674644470215,True,28.0,273.0
DRoC latest,ORTEC-SYNTH-300-s56_dyn5e,300,0,0.2033,98.758935213089,True,8.0,53.0
DRoC latest,ORTEC-SYNTH-300-s56_dyn5e,300,1,0.4033,189.78884887695312,True,14.0,107.0
DRoC latest,ORTEC-SYNTH-300-s56_dyn5e,300,2,0.6033,116.04181480407716,True,19.0,162.0
DRoC latest,ORTEC-SYNTH-300-s56_dyn5e,300,3,0.8033,121.39563465118408,True,24.0,217.0
DRoC latest,ORTEC-SYNTH-300-s56_dyn5e,300,4,1.0033,181.4685504436493,True,29.0,272.0
DRoC latest,ORTEC-SYNTH-300-s57_dyn5e,300,0,0.2033,179.8878779411316,True,7.0,54.0
DRoC latest,ORTEC-SYNTH-300-s57_dyn5e,300,1,0.4033,179.13803267478943,True,12.0,109.0
DRoC latest,ORTEC-SYNTH-300-s57_dyn5e,300,2,0.6033,106.3584280014038,True,17.0,164.0
DRoC latest,ORTEC-SYNTH-300-s57_dyn5e,300,3,0.8033,179.0955250263214,True,23.0,218.0
DRoC latest,ORTEC-SYNTH-300-s57_dyn5e,300,4,1.0033,125.94547295570374,True,28.0,273.0
DRoC latest,ORTEC-SYNTH-300-s58_dyn5e,300,0,0.2033,94.88453674316406,True,8.0,53.0
DRoC latest,ORTEC-SYNTH-300-s58_dyn5e,300,1,0.4033,151.59492206573486,True,13.0,108.0
DRoC latest,ORTEC-SYNTH-300-s58_dyn5e,300,2,0.6033,120.55247139930724,True,18.0,163.0
DRoC latest,ORTEC-SYNTH-300-s58_dyn5e,300,3,0.8033,182.13680791854856,True,23.0,218.0
DRoC latest,ORTEC-SYNTH-300-s58_dyn5e,300,4,1.0033,181.6142897605896,True,28.0,273.0
DRoC latest,ORTEC-SYNTH-300-s60_dyn5e,300,0,0.2033,101.78646922111513,True,8.0,53.0
DRoC latest,ORTEC-SYNTH-300-s60_dyn5e,300,1,0.4033,122.50664710998537,True,13.0,108.0
DRoC latest,ORTEC-SYNTH-300-s60_dyn5e,300,2,0.6033,158.66411447525024,True,18.0,163.0
DRoC latest,ORTEC-SYNTH-300-s60_dyn5e,300,3,0.8033,152.4882504940033,True,22.0,219.0
DRoC latest,ORTEC-SYNTH-300-s60_dyn5e,300,4,1.0033,112.52493381500244,True,27.0,274.0
DRoC latest,ORTEC-SYNTH-300-s59_dyn5e,300,0,0.2033,146.884948015213,True,9.0,52.0
DRoC latest,ORTEC-SYNTH-300-s59_dyn5e,300,1,0.4033,181.65671753883362,True,13.0,108.0
DRoC latest,ORTEC-SYNTH-300-s59_dyn5e,300,2,0.6033,138.62126636505127,True,19.0,162.0
DRoC latest,ORTEC-SYNTH-300-s59_dyn5e,300,3,0.6033,390.4825451374054,False,0.0,241.0
DRoC latest,ORTEC-SYNTH-300-s59_dyn5e,300,4,0.6033,311.40403509140015,False,0.0,301.0
DRoC latest,ORTEC-SYNTH-300-s62_dyn5e,300,0,0.2033,92.90132117271423,True,8.0,53.0
DRoC latest,ORTEC-SYNTH-300-s62_dyn5e,300,1,0.4033,83.47631597518921,True,15.0,106.0
DRoC latest,ORTEC-SYNTH-300-s62_dyn5e,300,2,0.6033,93.50987076759338,True,18.0,163.0
DRoC latest,ORTEC-SYNTH-300-s62_dyn5e,300,3,0.8033,179.2639901638031,True,24.0,217.0
DRoC latest,ORTEC-SYNTH-300-s62_dyn5e,300,4,1.0033,133.25924587249756,True,31.0,270.0
DRoC latest,ORTEC-SYNTH-300-s61_dyn5e,300,0,0.2033,175.58449912071228,True,7.0,54.0
DRoC latest,ORTEC-SYNTH-300-s61_dyn5e,300,1,0.4033,94.85498881340028,True,12.0,109.0
DRoC latest,ORTEC-SYNTH-300-s61_dyn5e,300,2,0.6033,121.1072187423706,True,17.0,164.0
DRoC latest,ORTEC-SYNTH-300-s61_dyn5e,300,3,0.8033,177.56712126731873,True,22.0,219.0
DRoC latest,ORTEC-SYNTH-300-s61_dyn5e,300,4,1.0033,113.17471933364868,True,26.0,275.0
DRoC latest,ORTEC-SYNTH-300-s63_dyn5e,300,0,0.2033,92.77408576011658,True,7.0,54.0
DRoC latest,ORTEC-SYNTH-300-s63_dyn5e,300,1,0.4033,185.11429738998413,True,12.0,109.0
DRoC latest,ORTEC-SYNTH-300-s63_dyn5e,300,2,0.6033,94.37115836143494,True,17.0,164.0
DRoC latest,ORTEC-SYNTH-300-s63_dyn5e,300,3,0.8033,100.90899419784546,True,23.0,218.0
DRoC latest,ORTEC-SYNTH-300-s63_dyn5e,300,4,1.0033,129.09915828704834,True,29.0,272.0
DRoC latest,ORTEC-SYNTH-300-s64_dyn5e,300,0,0.2033,185.83822441101077,True,7.0,54.0
DRoC latest,ORTEC-SYNTH-300-s64_dyn5e,300,1,0.4033,92.1788558959961,True,13.0,108.0
DRoC latest,ORTEC-SYNTH-300-s64_dyn5e,300,2,0.6033,127.16610550880432,True,20.0,161.0
DRoC latest,ORTEC-SYNTH-300-s64_dyn5e,300,3,0.8033,133.94157767295837,True,23.0,218.0
DRoC latest,ORTEC-SYNTH-300-s64_dyn5e,300,4,1.0033,178.26673674583435,True,29.0,272.0
DRoC latest,ORTEC-SYNTH-300-s65_dyn5e,300,0,0.2033,179.43980479240415,True,7.0,54.0
DRoC latest,ORTEC-SYNTH-300-s65_dyn5e,300,1,0.4033,113.30655932426453,True,12.0,109.0
DRoC latest,ORTEC-SYNTH-300-s65_dyn5e,300,2,0.6033,177.922828912735,True,17.0,164.0
DRoC latest,ORTEC-SYNTH-300-s65_dyn5e,300,3,0.8033,139.5643560886383,True,22.0,219.0
DRoC latest,ORTEC-SYNTH-300-s65_dyn5e,300,4,1.0033,178.2903368473053,True,27.0,274.0
DRoC latest,ORTEC-SYNTH-300-s66_dyn5e,300,0,0.2033,179.55700850486755,True,7.0,54.0
DRoC latest,ORTEC-SYNTH-300-s66_dyn5e,300,1,0.4033,193.35243153572085,True,12.0,109.0
DRoC latest,ORTEC-SYNTH-300-s66_dyn5e,300,2,0.6033,115.48885703086852,True,18.0,163.0
DRoC latest,ORTEC-SYNTH-300-s66_dyn5e,300,3,0.8033,131.1749517917633,True,21.0,220.0
DRoC latest,ORTEC-SYNTH-300-s66_dyn5e,300,4,1.0033,124.8839795589447,True,27.0,274.0
DRoC latest,ORTEC-SYNTH-300-s67_dyn5e,300,0,0.2033,177.0725486278534,True,7.0,54.0
DRoC latest,ORTEC-SYNTH-300-s67_dyn5e,300,1,0.4033,115.1211874485016,True,15.0,106.0
DRoC latest,ORTEC-SYNTH-300-s67_dyn5e,300,2,0.6033,95.4386785030365,True,20.0,161.0
DRoC latest,ORTEC-SYNTH-300-s67_dyn5e,300,3,0.8033,138.2553150653839,True,26.0,215.0
DRoC latest,ORTEC-SYNTH-300-s67_dyn5e,300,4,1.0033,147.57605624198914,True,30.0,271.0
DRoC latest,ORTEC-SYNTH-300-s68_dyn5e,300,0,0.2033,105.1867983341217,True,8.0,53.0
DRoC latest,ORTEC-SYNTH-300-s68_dyn5e,300,1,0.4033,129.5658757686615,True,13.0,108.0
DRoC latest,ORTEC-SYNTH-300-s68_dyn5e,300,2,0.4033,438.05093145370483,False,0.0,181.0
DRoC latest,ORTEC-SYNTH-300-s68_dyn5e,300,3,0.4033,321.1933946609497,False,0.0,241.0
DRoC latest,ORTEC-SYNTH-300-s68_dyn5e,300,4,0.4033,438.67663836479187,False,0.0,301.0
DRoC latest,ORTEC-SYNTH-300-s69_dyn5e,300,0,0.2033,104.29308104515076,True,9.0,52.0
DRoC latest,ORTEC-SYNTH-300-s69_dyn5e,300,1,0.4033,85.97904944419861,True,14.0,107.0
DRoC latest,ORTEC-SYNTH-300-s69_dyn5e,300,2,0.6033,120.1580400466919,True,19.0,162.0
DRoC latest,ORTEC-SYNTH-300-s69_dyn5e,300,3,0.8033,178.6492216587067,True,26.0,215.0
DRoC latest,ORTEC-SYNTH-300-s69_dyn5e,300,4,1.0033,131.4708697795868,True,31.0,270.0
DRoC latest,ORTEC-SYNTH-300-s70_dyn5e,300,0,0.2033,176.78949332237244,True,8.0,53.0
DRoC latest,ORTEC-SYNTH-300-s70_dyn5e,300,1,0.4033,102.0380356311798,True,15.0,106.0
DRoC latest,ORTEC-SYNTH-300-s70_dyn5e,300,2,0.6033,113.38489699363708,True,21.0,160.0
DRoC latest,ORTEC-SYNTH-300-s70_dyn5e,300,3,0.8033,179.67856979370117,True,25.0,216.0
DRoC latest,ORTEC-SYNTH-300-s70_dyn5e,300,4,1.0033,180.0235517024994,True,30.0,271.0
DRoC latest,ORTEC-SYNTH-300-s73_dyn5e,300,0,0.2033,138.2354700565338,True,7.0,54.0
DRoC latest,ORTEC-SYNTH-300-s73_dyn5e,300,1,0.4033,105.38437914848328,True,11.0,110.0
DRoC latest,ORTEC-SYNTH-300-s73_dyn5e,300,2,0.6033,109.95820713043211,True,16.0,165.0
DRoC latest,ORTEC-SYNTH-300-s73_dyn5e,300,3,0.8033,176.8691384792328,True,21.0,220.0
DRoC latest,ORTEC-SYNTH-300-s73_dyn5e,300,4,1.0033,148.6964077949524,True,26.0,275.0
DRoC latest,ORTEC-SYNTH-300-s72_dyn5e,300,0,0.2033,90.96354007720949,True,7.0,54.0
DRoC latest,ORTEC-SYNTH-300-s72_dyn5e,300,1,0.4033,182.1569583415985,True,13.0,108.0
DRoC latest,ORTEC-SYNTH-300-s72_dyn5e,300,2,0.6033,178.55898809432983,True,18.0,163.0
DRoC latest,ORTEC-SYNTH-300-s72_dyn5e,300,3,0.8033,191.92200875282288,True,24.0,217.0
DRoC latest,ORTEC-SYNTH-300-s72_dyn5e,300,4,1.0033,137.48686623573303,True,29.0,272.0
DRoC latest,ORTEC-SYNTH-300-s75_dyn5e,300,0,0.2033,104.75557255744934,True,7.0,54.0
DRoC latest,ORTEC-SYNTH-300-s75_dyn5e,300,1,0.4033,179.56121277809143,True,12.0,109.0
DRoC latest,ORTEC-SYNTH-300-s75_dyn5e,300,2,0.6033,126.4965362548828,True,18.0,163.0
DRoC latest,ORTEC-SYNTH-300-s75_dyn5e,300,3,0.8033,176.49676847457886,True,23.0,218.0
DRoC latest,ORTEC-SYNTH-300-s75_dyn5e,300,4,1.0033,149.6625461578369,True,28.0,273.0
DRoC latest,ORTEC-SYNTH-300-s74_dyn5e,300,0,0.2033,181.83295726776123,True,7.0,54.0
DRoC latest,ORTEC-SYNTH-300-s74_dyn5e,300,1,0.4033,126.09044313430786,True,12.0,109.0
DRoC latest,ORTEC-SYNTH-300-s74_dyn5e,300,2,0.6033,124.85741186141968,True,19.0,162.0
DRoC latest,ORTEC-SYNTH-300-s74_dyn5e,300,3,0.8033,254.59947800636292,True,23.0,218.0
DRoC latest,ORTEC-SYNTH-300-s74_dyn5e,300,4,1.0033,189.17537355422974,True,30.0,271.0
DRoC latest,ORTEC-SYNTH-300-s76_dyn5e,300,0,0.2033,111.6597011089325,True,10.0,51.0
DRoC latest,ORTEC-SYNTH-300-s76_dyn5e,300,1,0.4033,177.41750121116638,True,14.0,107.0
DRoC latest,ORTEC-SYNTH-300-s76_dyn5e,300,2,0.6033,101.20101881027222,True,17.0,164.0
DRoC latest,ORTEC-SYNTH-300-s76_dyn5e,300,3,0.8033,176.1443371772766,True,23.0,218.0
DRoC latest,ORTEC-SYNTH-300-s76_dyn5e,300,4,1.0033,133.2534327507019,True,27.0,274.0
DRoC latest,ORTEC-SYNTH-300-s78_dyn5e,300,0,0.2033,179.13872265815735,True,8.0,53.0
DRoC latest,ORTEC-SYNTH-300-s78_dyn5e,300,1,0.4033,151.32943105697632,True,12.0,109.0
DRoC latest,ORTEC-SYNTH-300-s78_dyn5e,300,2,0.6033,186.2850880622864,True,18.0,163.0
DRoC latest,ORTEC-SYNTH-300-s78_dyn5e,300,3,0.8033,155.32170009613037,True,23.0,218.0
DRoC latest,ORTEC-SYNTH-300-s78_dyn5e,300,4,1.0033,138.8664481639862,True,28.0,273.0
DRoC latest,ORTEC-SYNTH-300-s79_dyn5e,300,0,0.2033,103.05397605895996,True,7.0,54.0
DRoC latest,ORTEC-SYNTH-300-s79_dyn5e,300,1,0.4033,177.94763708114624,True,13.0,108.0
DRoC latest,ORTEC-SYNTH-300-s79_dyn5e,300,2,0.6033,176.52322816848755,True,18.0,163.0
DRoC latest,ORTEC-SYNTH-300-s79_dyn5e,300,3,0.8033,180.00599789619446,True,23.0,218.0
DRoC latest,ORTEC-SYNTH-300-s79_dyn5e,300,4,1.0033,177.97861552238464,True,28.0,273.0
DRoC latest,ORTEC-SYNTH-300-s80_dyn5e,300,0,0.2033,95.70944952964784,True,7.0,54.0
DRoC latest,ORTEC-SYNTH-300-s80_dyn5e,300,1,0.4033,179.18828749656677,True,13.0,108.0
DRoC latest,ORTEC-SYNTH-300-s80_dyn5e,300,2,0.6033,149.64574933052063,True,17.0,164.0
DRoC latest,ORTEC-SYNTH-300-s80_dyn5e,300,3,0.8033,112.88560557365416,True,22.0,219.0
DRoC latest,ORTEC-SYNTH-300-s80_dyn5e,300,4,1.0033,145.77408504486084,True,27.0,274.0
DRoC latest,ORTEC-SYNTH-300-s81_dyn5e,300,0,0.2033,97.98543071746826,True,8.0,53.0
DRoC latest,ORTEC-SYNTH-300-s81_dyn5e,300,1,0.4033,96.54426169395448,True,13.0,108.0
DRoC latest,ORTEC-SYNTH-300-s81_dyn5e,300,2,0.6033,115.81674575805664,True,19.0,162.0
DRoC latest,ORTEC-SYNTH-300-s81_dyn5e,300,3,0.8033,130.215913772583,True,23.0,218.0
DRoC latest,ORTEC-SYNTH-300-s81_dyn5e,300,4,1.0033,176.35914158821106,True,27.0,274.0
DRoC latest,ORTEC-SYNTH-300-s82_dyn5e,300,0,0.2033,91.55231285095216,True,7.0,54.0
DRoC latest,ORTEC-SYNTH-300-s82_dyn5e,300,1,0.4033,112.86627388000488,True,12.0,109.0
DRoC latest,ORTEC-SYNTH-300-s82_dyn5e,300,2,0.6033,181.45469880104065,True,17.0,164.0
DRoC latest,ORTEC-SYNTH-300-s82_dyn5e,300,3,0.8033,105.35616898536682,True,22.0,219.0
DRoC latest,ORTEC-SYNTH-300-s82_dyn5e,300,4,1.0033,150.3515453338623,True,27.0,274.0
DRoC latest,ORTEC-SYNTH-300-s83_dyn5e,300,0,0.2033,91.33220410346983,True,7.0,54.0
DRoC latest,ORTEC-SYNTH-300-s83_dyn5e,300,1,0.4033,178.71689295768738,True,12.0,109.0
DRoC latest,ORTEC-SYNTH-300-s83_dyn5e,300,2,0.6033,109.022531747818,True,17.0,164.0
DRoC latest,ORTEC-SYNTH-300-s83_dyn5e,300,3,0.8033,108.41815519332886,True,23.0,218.0
DRoC latest,ORTEC-SYNTH-300-s83_dyn5e,300,4,1.0033,189.89588737487796,True,27.0,274.0
DRoC latest,ORTEC-SYNTH-300-s84_dyn5e,300,0,0.2033,100.7103626728058,True,11.0,50.0
DRoC latest,ORTEC-SYNTH-300-s84_dyn5e,300,1,0.4033,103.29640102386476,True,16.0,105.0
DRoC latest,ORTEC-SYNTH-300-s84_dyn5e,300,2,0.6033,179.45836472511292,True,20.0,161.0
DRoC latest,ORTEC-SYNTH-300-s84_dyn5e,300,3,0.8033,105.47935152053832,True,25.0,216.0
DRoC latest,ORTEC-SYNTH-300-s84_dyn5e,300,4,1.0033,130.49459981918335,True,30.0,271.0
DRoC latest,ORTEC-SYNTH-300-s85_dyn5e,300,0,0.2033,178.13523721694946,True,7.0,54.0
DRoC latest,ORTEC-SYNTH-300-s85_dyn5e,300,1,0.4033,96.24117064476012,True,13.0,108.0
DRoC latest,ORTEC-SYNTH-300-s85_dyn5e,300,2,0.6033,120.7338523864746,True,18.0,163.0
DRoC latest,ORTEC-SYNTH-300-s85_dyn5e,300,3,0.8033,182.7307820320129,True,24.0,217.0
DRoC latest,ORTEC-SYNTH-300-s85_dyn5e,300,4,1.0033,151.9892454147339,True,28.0,273.0
DRoC latest,ORTEC-SYNTH-300-s86_dyn5e,300,0,0.2033,113.35750222206116,True,7.0,54.0
DRoC latest,ORTEC-SYNTH-300-s86_dyn5e,300,1,0.4033,186.52641129493716,True,12.0,109.0
DRoC latest,ORTEC-SYNTH-300-s86_dyn5e,300,2,0.6033,120.34989953041077,True,19.0,162.0
DRoC latest,ORTEC-SYNTH-300-s86_dyn5e,300,3,0.8033,109.58017683029176,True,25.0,216.0
DRoC latest,ORTEC-SYNTH-300-s86_dyn5e,300,4,1.0033,165.0650737285614,True,28.0,273.0
DRoC latest,ORTEC-SYNTH-300-s87_dyn5e,300,0,0.2033,177.2979416847229,True,6.0,55.0
DRoC latest,ORTEC-SYNTH-300-s87_dyn5e,300,1,0.4033,129.3196451663971,True,13.0,108.0
DRoC latest,ORTEC-SYNTH-300-s87_dyn5e,300,2,0.6033,97.7526330947876,True,18.0,163.0
DRoC latest,ORTEC-SYNTH-300-s87_dyn5e,300,3,0.8033,173.8923876285553,True,23.0,218.0
DRoC latest,ORTEC-SYNTH-300-s87_dyn5e,300,4,1.0033,152.44817304611206,True,28.0,273.0
DRoC latest,ORTEC-SYNTH-300-s89_dyn5e,300,0,0.2033,101.77489185333252,True,7.0,54.0
DRoC latest,ORTEC-SYNTH-300-s89_dyn5e,300,1,0.4033,115.73956966400146,True,14.0,107.0
DRoC latest,ORTEC-SYNTH-300-s89_dyn5e,300,2,0.6033,178.85441184043884,True,20.0,161.0
DRoC latest,ORTEC-SYNTH-300-s89_dyn5e,300,3,0.8033,127.4297821521759,True,28.0,213.0
DRoC latest,ORTEC-SYNTH-300-s89_dyn5e,300,4,1.0033,180.1449851989746,True,34.0,267.0
DRoC latest,ORTEC-SYNTH-300-s90_dyn5e,300,0,0.2033,179.14541912078855,True,7.0,54.0
DRoC latest,ORTEC-SYNTH-300-s90_dyn5e,300,1,0.4033,131.7657015323639,True,13.0,108.0
DRoC latest,ORTEC-SYNTH-300-s90_dyn5e,300,2,0.6033,120.9737584590912,True,18.0,163.0
DRoC latest,ORTEC-SYNTH-300-s90_dyn5e,300,3,0.8033,137.64456605911255,True,24.0,217.0
DRoC latest,ORTEC-SYNTH-300-s90_dyn5e,300,4,1.0033,192.71205735206604,True,29.0,272.0
DRoC latest,ORTEC-SYNTH-300-s91_dyn5e,300,0,0.0,352.15933561325073,False,0.0,61.0
DRoC latest,ORTEC-SYNTH-300-s91_dyn5e,300,1,0.0,371.3508868217468,False,0.0,121.0
DRoC latest,ORTEC-SYNTH-300-s91_dyn5e,300,2,0.0,363.9386315345764,False,0.0,181.0
DRoC latest,ORTEC-SYNTH-300-s91_dyn5e,300,3,0.8,643.9345746040344,True,28.0,213.0
DRoC latest,ORTEC-SYNTH-300-s91_dyn5e,300,4,0.8,305.09689116477966,False,0.0,301.0
DRoC latest,ORTEC-SYNTH-300-s92_dyn5e,300,0,0.2033,112.04301977157591,True,7.0,54.0
DRoC latest,ORTEC-SYNTH-300-s92_dyn5e,300,1,0.4033,113.91396927833556,True,12.0,109.0
DRoC latest,ORTEC-SYNTH-300-s92_dyn5e,300,2,0.6033,105.61583971977234,True,17.0,164.0
DRoC latest,ORTEC-SYNTH-300-s92_dyn5e,300,3,0.8033,126.86781597137453,True,22.0,219.0
DRoC latest,ORTEC-SYNTH-300-s92_dyn5e,300,4,1.0033,143.20536613464355,True,25.0,276.0
DRoC latest,ORTEC-SYNTH-300-s93_dyn5e,300,0,0.2033,100.18468379974364,True,7.0,54.0
DRoC latest,ORTEC-SYNTH-300-s93_dyn5e,300,1,0.4033,177.6048550605774,True,13.0,108.0
DRoC latest,ORTEC-SYNTH-300-s93_dyn5e,300,2,0.6033,195.26625895500183,True,17.0,164.0
DRoC latest,ORTEC-SYNTH-300-s93_dyn5e,300,3,0.8033,177.84401750564575,True,22.0,219.0
DRoC latest,ORTEC-SYNTH-300-s93_dyn5e,300,4,1.0033,201.63927507400516,True,27.0,274.0
DRoC latest,ORTEC-SYNTH-300-s94_dyn5e,300,0,0.2033,89.06210565567017,True,6.0,55.0
DRoC latest,ORTEC-SYNTH-300-s94_dyn5e,300,1,0.4033,115.03295159339903,True,11.0,110.0
DRoC latest,ORTEC-SYNTH-300-s94_dyn5e,300,2,0.6033,113.1550087928772,True,17.0,164.0
DRoC latest,ORTEC-SYNTH-300-s94_dyn5e,300,3,0.8033,157.03074884414673,True,21.0,220.0
DRoC latest,ORTEC-SYNTH-300-s94_dyn5e,300,4,1.0033,179.69307923316956,True,26.0,275.0
DRoC latest,ORTEC-SYNTH-300-s95_dyn5e,300,0,0.2033,176.624609708786,True,9.0,52.0
DRoC latest,ORTEC-SYNTH-300-s95_dyn5e,300,1,0.4033,177.16918754577637,True,15.0,106.0
DRoC latest,ORTEC-SYNTH-300-s95_dyn5e,300,2,0.6033,181.02471470832825,True,19.0,162.0
DRoC latest,ORTEC-SYNTH-300-s95_dyn5e,300,3,0.8033,182.04867815971372,True,26.0,215.0
DRoC latest,ORTEC-SYNTH-300-s95_dyn5e,300,4,1.0033,188.928337097168,True,31.0,270.0
DRoC latest,ORTEC-SYNTH-300-s96_dyn5e,300,0,0.2033,213.0633556842804,True,7.0,54.0
DRoC latest,ORTEC-SYNTH-300-s96_dyn5e,300,1,0.4033,98.46324157714844,True,13.0,108.0
DRoC latest,ORTEC-SYNTH-300-s96_dyn5e,300,2,0.6033,156.1880121231079,True,18.0,163.0
DRoC latest,ORTEC-SYNTH-300-s96_dyn5e,300,3,0.8033,178.9513647556305,True,23.0,218.0
DRoC latest,ORTEC-SYNTH-300-s96_dyn5e,300,4,1.0033,170.87984013557434,True,29.0,272.0
DRoC latest,ORTEC-SYNTH-300-s97_dyn5e,300,0,0.2033,148.77556443214417,True,7.0,54.0
DRoC latest,ORTEC-SYNTH-300-s97_dyn5e,300,1,0.4033,179.45183062553406,True,13.0,108.0
DRoC latest,ORTEC-SYNTH-300-s97_dyn5e,300,2,0.6033,141.3043041229248,True,17.0,164.0
DRoC latest,ORTEC-SYNTH-300-s97_dyn5e,300,3,0.8033,154.08890652656555,True,23.0,218.0
DRoC latest,ORTEC-SYNTH-300-s97_dyn5e,300,4,1.0033,162.55520176887512,True,28.0,273.0
DRoC latest,ORTEC-SYNTH-300-s98_dyn5e,300,0,0.2033,109.17233896255492,True,7.0,54.0
DRoC latest,ORTEC-SYNTH-300-s98_dyn5e,300,1,0.4033,178.6187584400177,True,13.0,108.0
DRoC latest,ORTEC-SYNTH-300-s98_dyn5e,300,2,0.6033,131.632963180542,True,19.0,162.0
DRoC latest,ORTEC-SYNTH-300-s98_dyn5e,300,3,0.8033,189.42943692207336,True,24.0,217.0
DRoC latest,ORTEC-SYNTH-300-s98_dyn5e,300,4,1.0033,176.93086433410645,True,30.0,271.0
DRoC latest,ORTEC-SYNTH-300-s99_dyn5e,300,0,0.2033,120.00076937675476,True,7.0,54.0
DRoC latest,ORTEC-SYNTH-300-s99_dyn5e,300,1,0.4033,181.78912091255188,True,12.0,109.0
DRoC latest,ORTEC-SYNTH-300-s99_dyn5e,300,2,0.6033,179.80909824371338,True,18.0,163.0
DRoC latest,ORTEC-SYNTH-300-s99_dyn5e,300,3,0.8033,176.75934290885925,True,24.0,217.0
DRoC latest,ORTEC-SYNTH-300-s99_dyn5e,300,4,1.0033,189.53458619117737,True,27.0,274.0
DRoC latest,ORTEC-SYNTH-500-s200_dyn5e,500,0,0.202,122.79588103294373,True,13.0,88.0
DRoC latest,ORTEC-SYNTH-500-s200_dyn5e,500,1,0.402,179.54315853118896,True,22.0,179.0
DRoC latest,ORTEC-SYNTH-500-s200_dyn5e,500,2,0.602,180.97890543937683,True,31.0,270.0
DRoC latest,ORTEC-SYNTH-500-s200_dyn5e,500,3,0.802,177.19265961647034,True,37.0,364.0
DRoC latest,ORTEC-SYNTH-500-s200_dyn5e,500,4,1.002,216.92690086364743,True,45.0,456.0
DRoC latest,ORTEC-SYNTH-500-s201_dyn5e,500,0,0.202,104.77165532112122,True,12.0,89.0
DRoC latest,ORTEC-SYNTH-500-s201_dyn5e,500,1,0.402,123.87194848060608,True,19.0,182.0
DRoC latest,ORTEC-SYNTH-500-s201_dyn5e,500,2,0.602,149.94725942611694,True,28.0,273.0
DRoC latest,ORTEC-SYNTH-500-s201_dyn5e,500,3,0.802,163.0730037689209,True,36.0,365.0
DRoC latest,ORTEC-SYNTH-500-s201_dyn5e,500,4,1.002,154.2703468799591,True,44.0,457.0
DRoC latest,ORTEC-SYNTH-500-s202_dyn5e,500,0,0.202,181.28434944152832,True,12.0,89.0
DRoC latest,ORTEC-SYNTH-500-s202_dyn5e,500,1,0.402,177.30218052864075,True,20.0,181.0
DRoC latest,ORTEC-SYNTH-500-s202_dyn5e,500,2,0.602,184.162294626236,True,29.0,272.0
DRoC latest,ORTEC-SYNTH-500-s202_dyn5e,500,3,0.802,181.4048411846161,True,37.0,364.0
DRoC latest,ORTEC-SYNTH-500-s202_dyn5e,500,4,1.002,180.9936683177948,True,46.0,455.0
DRoC latest,ORTEC-SYNTH-500-s203_dyn5e,500,0,0.202,101.36752009391785,True,12.0,89.0
DRoC latest,ORTEC-SYNTH-500-s203_dyn5e,500,1,0.402,177.36487579345703,True,19.0,182.0
DRoC latest,ORTEC-SYNTH-500-s203_dyn5e,500,2,0.602,146.5142059326172,True,27.0,274.0
DRoC latest,ORTEC-SYNTH-500-s203_dyn5e,500,3,0.802,180.80113697052,True,34.0,367.0
DRoC latest,ORTEC-SYNTH-500-s203_dyn5e,500,4,1.002,196.46627593040463,True,43.0,458.0
DRoC latest,ORTEC-SYNTH-500-s204_dyn5e,500,0,0.202,123.72898960113524,True,12.0,89.0
DRoC latest,ORTEC-SYNTH-500-s204_dyn5e,500,1,0.402,142.34373664855957,True,21.0,180.0
DRoC latest,ORTEC-SYNTH-500-s204_dyn5e,500,2,0.602,181.6210618019104,True,29.0,272.0
DRoC latest,ORTEC-SYNTH-500-s204_dyn5e,500,3,0.802,257.74592185020447,True,37.0,364.0
DRoC latest,ORTEC-SYNTH-500-s204_dyn5e,500,4,1.002,203.03197717666623,True,44.0,457.0
DRoC latest,ORTEC-SYNTH-500-s205_dyn5e,500,0,0.202,176.03116536140442,True,10.0,91.0
DRoC latest,ORTEC-SYNTH-500-s205_dyn5e,500,1,0.402,178.76390147209167,True,20.0,181.0
DRoC latest,ORTEC-SYNTH-500-s205_dyn5e,500,2,0.602,185.2981026172638,True,26.0,275.0
DRoC latest,ORTEC-SYNTH-500-s205_dyn5e,500,3,0.802,206.6567838191986,True,36.0,365.0
DRoC latest,ORTEC-SYNTH-500-s205_dyn5e,500,4,1.002,169.0024597644806,True,43.0,458.0
DRoC latest,ORTEC-SYNTH-500-s207_dyn5e,500,0,0.202,173.4342715740204,True,11.0,90.0
DRoC latest,ORTEC-SYNTH-500-s207_dyn5e,500,1,0.402,144.35219192504883,True,19.0,182.0
DRoC latest,ORTEC-SYNTH-500-s207_dyn5e,500,2,0.602,174.30530714988708,True,29.0,272.0
DRoC latest,ORTEC-SYNTH-500-s207_dyn5e,500,3,0.802,176.15702939033508,True,37.0,364.0
DRoC latest,ORTEC-SYNTH-500-s207_dyn5e,500,4,1.002,175.42405772209167,True,45.0,456.0
DRoC latest,ORTEC-SYNTH-500-s208_dyn5e,500,0,0.202,110.08030724525452,True,13.0,88.0
DRoC latest,ORTEC-SYNTH-500-s208_dyn5e,500,1,0.402,183.8901469707489,True,22.0,179.0
DRoC latest,ORTEC-SYNTH-500-s208_dyn5e,500,2,0.602,150.93801641464233,True,30.0,271.0
DRoC latest,ORTEC-SYNTH-500-s208_dyn5e,500,3,0.802,167.20808100700378,True,38.0,363.0
DRoC latest,ORTEC-SYNTH-500-s208_dyn5e,500,4,1.002,190.9026041030884,True,46.0,455.0
DRoC latest,ORTEC-SYNTH-500-s210_dyn5e,500,0,0.202,178.46879363059998,True,11.0,90.0
DRoC latest,ORTEC-SYNTH-500-s210_dyn5e,500,1,0.402,154.9643168449402,True,19.0,182.0
DRoC latest,ORTEC-SYNTH-500-s210_dyn5e,500,2,0.602,151.2564799785614,True,27.0,274.0
DRoC latest,ORTEC-SYNTH-500-s210_dyn5e,500,3,0.802,160.8651797771454,True,36.0,365.0
DRoC latest,ORTEC-SYNTH-500-s210_dyn5e,500,4,1.002,180.67198276519773,True,42.0,459.0
DRoC latest,ORTEC-SYNTH-500-s211_dyn5e,500,0,0.202,179.07489013671875,True,12.0,89.0
DRoC latest,ORTEC-SYNTH-500-s211_dyn5e,500,1,0.402,142.4337031841278,True,20.0,181.0
DRoC latest,ORTEC-SYNTH-500-s211_dyn5e,500,2,0.602,176.5827419757843,True,30.0,271.0
DRoC latest,ORTEC-SYNTH-500-s211_dyn5e,500,3,0.802,194.6569981575012,True,37.0,364.0
DRoC latest,ORTEC-SYNTH-500-s211_dyn5e,500,4,1.002,181.85905241966248,True,46.0,455.0
DRoC latest,ORTEC-SYNTH-500-s212_dyn5e,500,0,0.202,113.12478303909302,True,11.0,90.0
DRoC latest,ORTEC-SYNTH-500-s212_dyn5e,500,1,0.402,185.4977526664734,True,19.0,182.0
DRoC latest,ORTEC-SYNTH-500-s212_dyn5e,500,2,0.602,162.56280064582825,True,27.0,274.0
DRoC latest,ORTEC-SYNTH-500-s212_dyn5e,500,3,0.802,158.78264951705933,True,34.0,367.0
DRoC latest,ORTEC-SYNTH-500-s212_dyn5e,500,4,1.002,241.04425597190857,True,44.0,457.0
DRoC latest,ORTEC-SYNTH-500-s213_dyn5e,500,0,0.202,180.5146291255951,True,10.0,91.0
DRoC latest,ORTEC-SYNTH-500-s213_dyn5e,500,1,0.402,176.5800929069519,True,17.0,184.0
DRoC latest,ORTEC-SYNTH-500-s213_dyn5e,500,2,0.602,178.76634621620178,True,27.0,274.0
DRoC latest,ORTEC-SYNTH-500-s213_dyn5e,500,3,0.802,176.63136053085327,True,34.0,367.0
DRoC latest,ORTEC-SYNTH-500-s213_dyn5e,500,4,1.002,178.86881613731384,True,43.0,458.0
DRoC latest,ORTEC-SYNTH-500-s214_dyn5e,500,0,0.202,184.2299587726593,True,10.0,91.0
DRoC latest,ORTEC-SYNTH-500-s214_dyn5e,500,1,0.402,176.0558888912201,True,18.0,183.0
DRoC latest,ORTEC-SYNTH-500-s214_dyn5e,500,2,0.602,158.84299540519714,True,27.0,274.0
DRoC latest,ORTEC-SYNTH-500-s214_dyn5e,500,3,0.802,181.24011278152463,True,34.0,367.0
DRoC latest,ORTEC-SYNTH-500-s214_dyn5e,500,4,1.002,324.08110213279724,True,42.0,459.0
DRoC latest,ORTEC-SYNTH-500-s216_dyn5e,500,0,0.202,103.7483456134796,True,10.0,91.0
DRoC latest,ORTEC-SYNTH-500-s216_dyn5e,500,1,0.402,186.88720107078552,True,19.0,182.0
DRoC latest,ORTEC-SYNTH-500-s216_dyn5e,500,2,0.602,179.3533809185028,True,26.0,275.0
DRoC latest,ORTEC-SYNTH-500-s216_dyn5e,500,3,0.802,184.4812412261963,True,34.0,367.0
DRoC latest,ORTEC-SYNTH-500-s216_dyn5e,500,4,1.002,177.57145380973816,True,41.0,460.0
DRoC latest,ORTEC-SYNTH-500-s215_dyn5e,500,0,0.202,113.81266832351685,True,12.0,89.0
DRoC latest,ORTEC-SYNTH-500-s215_dyn5e,500,1,0.402,124.0061309337616,True,21.0,180.0
DRoC latest,ORTEC-SYNTH-500-s215_dyn5e,500,2,0.602,171.00776267051697,True,30.0,271.0
DRoC latest,ORTEC-SYNTH-500-s215_dyn5e,500,3,0.802,188.87468576431277,True,39.0,362.0
DRoC latest,ORTEC-SYNTH-500-s215_dyn5e,500,4,1.002,179.0203709602356,True,48.0,453.0
DRoC latest,ORTEC-SYNTH-500-s218_dyn5e,500,0,0.202,177.4117820262909,True,12.0,89.0
DRoC latest,ORTEC-SYNTH-500-s218_dyn5e,500,1,0.38,175.0953025817871,True,21.0,180.0
DRoC latest,ORTEC-SYNTH-500-s218_dyn5e,500,2,0.602,178.8442554473877,True,30.0,271.0
DRoC latest,ORTEC-SYNTH-500-s218_dyn5e,500,3,0.802,178.98184990882874,True,38.0,363.0
DRoC latest,ORTEC-SYNTH-500-s218_dyn5e,500,4,0.802,657.8264436721802,False,0.0,501.0
DRoC latest,ORTEC-SYNTH-500-s217_dyn5e,500,0,0.202,117.23039627075195,True,11.0,90.0
DRoC latest,ORTEC-SYNTH-500-s217_dyn5e,500,1,0.402,143.2640516757965,True,18.0,183.0
DRoC latest,ORTEC-SYNTH-500-s217_dyn5e,500,2,0.602,170.3231372833252,True,26.0,275.0
DRoC latest,ORTEC-SYNTH-500-s217_dyn5e,500,3,0.802,179.49009370803833,True,35.0,366.0
DRoC latest,ORTEC-SYNTH-500-s217_dyn5e,500,4,1.002,179.11151456832886,True,42.0,459.0
DRoC latest,ORTEC-SYNTH-500-s219_dyn5e,500,0,0.202,102.72335481643675,True,11.0,90.0
DRoC latest,ORTEC-SYNTH-500-s219_dyn5e,500,1,0.402,137.27977442741394,True,22.0,179.0
DRoC latest,ORTEC-SYNTH-500-s219_dyn5e,500,2,0.602,179.45463180541992,True,29.0,272.0
DRoC latest,ORTEC-SYNTH-500-s219_dyn5e,500,3,0.802,184.82651662826535,True,38.0,363.0
DRoC latest,ORTEC-SYNTH-500-s219_dyn5e,500,4,1.002,217.896671295166,True,47.0,454.0
DRoC latest,ORTEC-SYNTH-500-s220_dyn5e,500,0,0.202,118.20808029174805,True,11.0,90.0
DRoC latest,ORTEC-SYNTH-500-s220_dyn5e,500,1,0.402,152.13227581977844,True,21.0,180.0
DRoC latest,ORTEC-SYNTH-500-s220_dyn5e,500,2,0.602,179.3312108516693,True,28.0,273.0
DRoC latest,ORTEC-SYNTH-500-s220_dyn5e,500,3,0.802,180.7765598297119,True,37.0,364.0
DRoC latest,ORTEC-SYNTH-500-s220_dyn5e,500,4,1.002,162.19594192504883,True,44.0,457.0
DRoC latest,ORTEC-SYNTH-500-s221_dyn5e,500,0,0.202,109.10598373413086,True,10.0,91.0
DRoC latest,ORTEC-SYNTH-500-s221_dyn5e,500,1,0.402,151.43259000778198,True,18.0,183.0
DRoC latest,ORTEC-SYNTH-500-s221_dyn5e,500,2,0.412,147.7887740135193,True,1.0,300.0
DRoC latest,ORTEC-SYNTH-500-s221_dyn5e,500,3,0.802,179.68741178512573,True,35.0,366.0
DRoC latest,ORTEC-SYNTH-500-s221_dyn5e,500,4,1.002,183.93183183670044,True,41.0,460.0
DRoC latest,ORTEC-SYNTH-500-s222_dyn5e,500,0,0.202,182.0575475692749,True,13.0,88.0
DRoC latest,ORTEC-SYNTH-500-s222_dyn5e,500,1,0.402,150.81897830963135,True,23.0,178.0
DRoC latest,ORTEC-SYNTH-500-s222_dyn5e,500,2,0.602,177.5273141860962,True,31.0,270.0
DRoC latest,ORTEC-SYNTH-500-s222_dyn5e,500,3,0.802,182.99927186965945,True,39.0,362.0
DRoC latest,ORTEC-SYNTH-500-s222_dyn5e,500,4,1.002,171.8515601158142,True,47.0,454.0
DRoC latest,ORTEC-SYNTH-500-s223_dyn5e,500,0,0.202,98.20483899116516,True,10.0,91.0
DRoC latest,ORTEC-SYNTH-500-s223_dyn5e,500,1,0.402,155.43831253051758,True,18.0,183.0
DRoC latest,ORTEC-SYNTH-500-s223_dyn5e,500,2,0.602,180.7238883972168,True,25.0,276.0
DRoC latest,ORTEC-SYNTH-500-s223_dyn5e,500,3,0.802,184.87215948104856,True,32.0,369.0
DRoC latest,ORTEC-SYNTH-500-s223_dyn5e,500,4,1.002,195.68092584609985,True,42.0,459.0
DRoC latest,ORTEC-SYNTH-500-s224_dyn5e,500,0,0.202,181.7647926807404,True,11.0,90.0
DRoC latest,ORTEC-SYNTH-500-s224_dyn5e,500,1,0.402,152.32699275016785,True,20.0,181.0
DRoC latest,ORTEC-SYNTH-500-s224_dyn5e,500,2,0.602,177.78654766082764,True,27.0,274.0
DRoC latest,ORTEC-SYNTH-500-s224_dyn5e,500,3,0.802,180.9301762580872,True,36.0,365.0
DRoC latest,ORTEC-SYNTH-500-s224_dyn5e,500,4,1.002,177.99012565612793,True,45.0,456.0
DRoC latest,ORTEC-SYNTH-500-s225_dyn5e,500,0,0.202,178.39618682861328,True,12.0,89.0
DRoC latest,ORTEC-SYNTH-500-s225_dyn5e,500,1,0.402,158.6490650177002,True,22.0,179.0
DRoC latest,ORTEC-SYNTH-500-s225_dyn5e,500,2,0.602,177.00443363189697,True,30.0,271.0
DRoC latest,ORTEC-SYNTH-500-s225_dyn5e,500,3,0.802,177.26266717910767,True,38.0,363.0
DRoC latest,ORTEC-SYNTH-500-s225_dyn5e,500,4,1.002,180.3339581489563,True,45.0,456.0
DRoC latest,ORTEC-SYNTH-500-s226_dyn5e,500,0,0.202,96.19011116027832,True,10.0,91.0
DRoC latest,ORTEC-SYNTH-500-s226_dyn5e,500,1,0.402,198.85175347328183,True,18.0,183.0
DRoC latest,ORTEC-SYNTH-500-s226_dyn5e,500,2,0.602,185.9385130405426,True,27.0,274.0
DRoC latest,ORTEC-SYNTH-500-s226_dyn5e,500,3,0.802,178.14070010185242,True,35.0,366.0
DRoC latest,ORTEC-SYNTH-500-s226_dyn5e,500,4,1.002,190.31755018234253,True,42.0,459.0
DRoC latest,ORTEC-SYNTH-500-s227_dyn5e,500,0,0.202,179.35680222511292,True,10.0,91.0
DRoC latest,ORTEC-SYNTH-500-s227_dyn5e,500,1,0.402,177.32541227340698,True,19.0,182.0
DRoC latest,ORTEC-SYNTH-500-s227_dyn5e,500,2,0.602,170.33203101158142,True,29.0,272.0
DRoC latest,ORTEC-SYNTH-500-s227_dyn5e,500,3,0.802,152.06160163879397,True,35.0,366.0
DRoC latest,ORTEC-SYNTH-500-s227_dyn5e,500,4,1.002,181.04605722427368,True,42.0,459.0
DRoC latest,ORTEC-SYNTH-500-s228_dyn5e,500,0,0.202,179.89569306373596,True,13.0,88.0
DRoC latest,ORTEC-SYNTH-500-s228_dyn5e,500,1,0.402,196.3587203025818,True,21.0,180.0
DRoC latest,ORTEC-SYNTH-500-s228_dyn5e,500,2,0.602,176.64154863357544,True,30.0,271.0
DRoC latest,ORTEC-SYNTH-500-s228_dyn5e,500,3,0.802,175.93200135231018,True,38.0,363.0
DRoC latest,ORTEC-SYNTH-500-s228_dyn5e,500,4,1.002,181.79861211776733,True,46.0,455.0
DRoC latest,ORTEC-SYNTH-500-s229_dyn5e,500,0,0.202,102.29496693611144,True,9.0,92.0
DRoC latest,ORTEC-SYNTH-500-s229_dyn5e,500,1,0.402,150.02853655815125,True,18.0,183.0
DRoC latest,ORTEC-SYNTH-500-s229_dyn5e,500,2,0.602,177.42491507530212,True,26.0,275.0
DRoC latest,ORTEC-SYNTH-500-s229_dyn5e,500,3,0.802,182.65256762504575,True,32.0,369.0
DRoC latest,ORTEC-SYNTH-500-s229_dyn5e,500,4,1.002,180.7258815765381,True,39.0,462.0
DRoC latest,ORTEC-SYNTH-500-s230_dyn5e,500,0,0.202,98.09490489959715,True,10.0,91.0
DRoC latest,ORTEC-SYNTH-500-s230_dyn5e,500,1,0.402,150.3717384338379,True,19.0,182.0
DRoC latest,ORTEC-SYNTH-500-s230_dyn5e,500,2,0.602,151.69508171081543,True,25.0,276.0
DRoC latest,ORTEC-SYNTH-500-s230_dyn5e,500,3,0.802,178.77675461769104,True,34.0,367.0
DRoC latest,ORTEC-SYNTH-500-s230_dyn5e,500,4,1.002,178.46632051467896,True,44.0,457.0
DRoC latest,ORTEC-SYNTH-500-s231_dyn5e,500,0,0.202,120.53141856193542,True,11.0,90.0
DRoC latest,ORTEC-SYNTH-500-s231_dyn5e,500,1,0.402,141.12769603729248,True,21.0,180.0
DRoC latest,ORTEC-SYNTH-500-s231_dyn5e,500,2,0.602,181.66028714179996,True,27.0,274.0
DRoC latest,ORTEC-SYNTH-500-s231_dyn5e,500,3,0.802,189.7496428489685,True,35.0,366.0
DRoC latest,ORTEC-SYNTH-500-s231_dyn5e,500,4,1.002,158.29660749435425,True,41.0,460.0
DRoC latest,ORTEC-SYNTH-500-s232_dyn5e,500,0,0.202,110.62561631202698,True,11.0,90.0
DRoC latest,ORTEC-SYNTH-500-s232_dyn5e,500,1,0.402,179.63491225242615,True,19.0,182.0
DRoC latest,ORTEC-SYNTH-500-s232_dyn5e,500,2,0.602,179.07553386688232,True,28.0,273.0
DRoC latest,ORTEC-SYNTH-500-s232_dyn5e,500,3,0.802,179.77988266944885,True,36.0,365.0
DRoC latest,ORTEC-SYNTH-500-s232_dyn5e,500,4,1.002,214.7321720123291,True,45.0,456.0
DRoC latest,ORTEC-SYNTH-500-s233_dyn5e,500,0,0.202,103.1351673603058,True,11.0,90.0
DRoC latest,ORTEC-SYNTH-500-s233_dyn5e,500,1,0.402,138.35744309425354,True,20.0,181.0
DRoC latest,ORTEC-SYNTH-500-s233_dyn5e,500,2,0.602,184.94752407073972,True,26.0,275.0
DRoC latest,ORTEC-SYNTH-500-s233_dyn5e,500,3,0.802,183.7557661533356,True,34.0,367.0
DRoC latest,ORTEC-SYNTH-500-s233_dyn5e,500,4,1.002,264.5232527256012,True,42.0,459.0
DRoC latest,ORTEC-SYNTH-500-s234_dyn5e,500,0,0.202,112.45534992218018,True,11.0,90.0
DRoC latest,ORTEC-SYNTH-500-s234_dyn5e,500,1,0.402,157.80575489997864,True,20.0,181.0
DRoC latest,ORTEC-SYNTH-500-s234_dyn5e,500,2,0.602,177.46051669120789,True,28.0,273.0
DRoC latest,ORTEC-SYNTH-500-s234_dyn5e,500,3,0.802,183.27802228927607,True,36.0,365.0
DRoC latest,ORTEC-SYNTH-500-s234_dyn5e,500,4,1.002,244.65156602859497,True,44.0,457.0
DRoC latest,ORTEC-SYNTH-500-s235_dyn5e,500,0,0.202,127.1294813156128,True,11.0,90.0
DRoC latest,ORTEC-SYNTH-500-s235_dyn5e,500,1,0.402,135.17874026298523,True,22.0,179.0
DRoC latest,ORTEC-SYNTH-500-s235_dyn5e,500,2,0.602,178.71773028373718,True,30.0,271.0
DRoC latest,ORTEC-SYNTH-500-s235_dyn5e,500,3,0.802,155.60984230041504,True,36.0,365.0
DRoC latest,ORTEC-SYNTH-500-s235_dyn5e,500,4,1.002,270.2795605659485,True,45.0,456.0
DRoC latest,ORTEC-SYNTH-500-s236_dyn5e,500,0,0.202,111.32186794281006,True,11.0,90.0
DRoC latest,ORTEC-SYNTH-500-s236_dyn5e,500,1,0.402,176.6577913761139,True,21.0,180.0
DRoC latest,ORTEC-SYNTH-500-s236_dyn5e,500,2,0.602,179.1453046798706,True,31.0,270.0
DRoC latest,ORTEC-SYNTH-500-s236_dyn5e,500,3,0.802,194.99152183532715,True,38.0,363.0
DRoC latest,ORTEC-SYNTH-500-s236_dyn5e,500,4,1.002,181.90005207061768,True,46.0,455.0
DRoC latest,ORTEC-SYNTH-500-s237_dyn5e,500,0,0.202,125.12417936325072,True,12.0,89.0
DRoC latest,ORTEC-SYNTH-500-s237_dyn5e,500,1,0.402,157.2992067337036,True,23.0,178.0
DRoC latest,ORTEC-SYNTH-500-s237_dyn5e,500,2,0.602,167.44063782691956,True,31.0,270.0
DRoC latest,ORTEC-SYNTH-500-s237_dyn5e,500,3,0.802,183.19924354553223,True,38.0,363.0
DRoC latest,ORTEC-SYNTH-500-s237_dyn5e,500,4,1.002,181.95362639427185,True,46.0,455.0
DRoC latest,ORTEC-SYNTH-500-s238_dyn5e,500,0,0.202,115.10919451713562,True,11.0,90.0
DRoC latest,ORTEC-SYNTH-500-s238_dyn5e,500,1,0.402,180.37210321426392,True,21.0,180.0
DRoC latest,ORTEC-SYNTH-500-s238_dyn5e,500,2,0.602,188.03452229499817,True,30.0,271.0
DRoC latest,ORTEC-SYNTH-500-s238_dyn5e,500,3,0.802,178.2963991165161,True,37.0,364.0
DRoC latest,ORTEC-SYNTH-500-s238_dyn5e,500,4,0.802,495.04237127304077,False,0.0,501.0
DRoC latest,ORTEC-SYNTH-500-s239_dyn5e,500,0,0.202,110.67658519744872,True,12.0,89.0
DRoC latest,ORTEC-SYNTH-500-s239_dyn5e,500,1,0.402,154.63691639900208,True,19.0,182.0
DRoC latest,ORTEC-SYNTH-500-s239_dyn5e,500,2,0.602,180.34464955329892,True,30.0,271.0
DRoC latest,ORTEC-SYNTH-500-s239_dyn5e,500,3,0.802,188.23361372947693,True,38.0,363.0
DRoC latest,ORTEC-SYNTH-500-s239_dyn5e,500,4,1.002,180.6613571643829,True,44.0,457.0
DRoC latest,ORTEC-SYNTH-500-s240_dyn5e,500,0,0.202,102.37714648246764,True,11.0,90.0
DRoC latest,ORTEC-SYNTH-500-s240_dyn5e,500,1,0.402,176.11674618721008,True,20.0,181.0
DRoC latest,ORTEC-SYNTH-500-s240_dyn5e,500,2,0.602,142.59571170806885,True,29.0,272.0
DRoC latest,ORTEC-SYNTH-500-s240_dyn5e,500,3,0.802,159.94214272499084,True,38.0,363.0
DRoC latest,ORTEC-SYNTH-500-s240_dyn5e,500,4,1.002,183.24852800369263,True,47.0,454.0
DRoC latest,ORTEC-SYNTH-500-s241_dyn5e,500,0,0.202,118.96559739112854,True,10.0,91.0
DRoC latest,ORTEC-SYNTH-500-s241_dyn5e,500,1,0.402,152.538898229599,True,19.0,182.0
DRoC latest,ORTEC-SYNTH-500-s241_dyn5e,500,2,0.602,184.44356894493103,True,29.0,272.0
DRoC latest,ORTEC-SYNTH-500-s241_dyn5e,500,3,0.802,165.8754894733429,True,37.0,364.0
DRoC latest,ORTEC-SYNTH-500-s241_dyn5e,500,4,1.002,159.53051829338074,True,44.0,457.0
DRoC latest,ORTEC-SYNTH-500-s242_dyn5e,500,0,0.202,117.95014882087708,True,11.0,90.0
DRoC latest,ORTEC-SYNTH-500-s242_dyn5e,500,1,0.402,181.74916672706604,True,18.0,183.0
DRoC latest,ORTEC-SYNTH-500-s242_dyn5e,500,2,0.602,166.41256713867188,True,27.0,274.0
DRoC latest,ORTEC-SYNTH-500-s242_dyn5e,500,3,0.802,194.67892050743103,True,33.0,368.0
DRoC latest,ORTEC-SYNTH-500-s242_dyn5e,500,4,1.002,179.3025028705597,True,42.0,459.0
DRoC latest,ORTEC-SYNTH-500-s243_dyn5e,500,0,0.202,180.7699704170227,True,10.0,91.0
DRoC latest,ORTEC-SYNTH-500-s243_dyn5e,500,1,0.402,180.7699375152588,True,18.0,183.0
DRoC latest,ORTEC-SYNTH-500-s243_dyn5e,500,2,0.602,194.9340703487396,True,26.0,275.0
DRoC latest,ORTEC-SYNTH-500-s243_dyn5e,500,3,0.802,187.97075819969177,True,33.0,368.0
DRoC latest,ORTEC-SYNTH-500-s243_dyn5e,500,4,1.002,190.54020619392395,True,42.0,459.0
DRoC latest,ORTEC-SYNTH-500-s244_dyn5e,500,0,0.202,179.41608047485352,True,10.0,91.0
DRoC latest,ORTEC-SYNTH-500-s244_dyn5e,500,1,0.402,149.95603966712952,True,18.0,183.0
DRoC latest,ORTEC-SYNTH-500-s244_dyn5e,500,2,0.602,165.37773203849792,True,28.0,273.0
DRoC latest,ORTEC-SYNTH-500-s244_dyn5e,500,3,0.802,182.6947329044342,True,36.0,365.0
DRoC latest,ORTEC-SYNTH-500-s244_dyn5e,500,4,1.002,177.08538341522217,True,43.0,458.0
DRoC latest,ORTEC-SYNTH-500-s245_dyn5e,500,0,0.202,179.48822784423828,True,12.0,89.0
DRoC latest,ORTEC-SYNTH-500-s245_dyn5e,500,1,0.402,128.76231694221497,True,21.0,180.0
DRoC latest,ORTEC-SYNTH-500-s245_dyn5e,500,2,0.602,177.73971819877625,True,28.0,273.0
DRoC latest,ORTEC-SYNTH-500-s245_dyn5e,500,3,0.802,148.89451503753662,True,38.0,363.0
DRoC latest,ORTEC-SYNTH-500-s245_dyn5e,500,4,1.002,177.42015480995178,True,44.0,457.0
DRoC latest,ORTEC-SYNTH-500-s246_dyn5e,500,0,0.202,185.07335495948792,True,11.0,90.0
DRoC latest,ORTEC-SYNTH-500-s246_dyn5e,500,1,0.402,144.17730259895325,True,19.0,182.0
DRoC latest,ORTEC-SYNTH-500-s246_dyn5e,500,2,0.602,180.14636874198916,True,28.0,273.0
DRoC latest,ORTEC-SYNTH-500-s246_dyn5e,500,3,0.802,178.99814462661743,True,36.0,365.0
DRoC latest,ORTEC-SYNTH-500-s246_dyn5e,500,4,1.002,181.90283131599423,True,41.0,460.0
DRoC latest,ORTEC-SYNTH-500-s247_dyn5e,500,0,0.202,114.33699464797974,True,10.0,91.0
DRoC latest,ORTEC-SYNTH-500-s247_dyn5e,500,1,0.402,211.6687014102936,True,20.0,181.0
DRoC latest,ORTEC-SYNTH-500-s247_dyn5e,500,2,0.602,184.48970794677732,True,28.0,273.0
DRoC latest,ORTEC-SYNTH-500-s247_dyn5e,500,3,0.802,179.87054896354675,True,35.0,366.0
DRoC latest,ORTEC-SYNTH-500-s247_dyn5e,500,4,1.002,175.7306981086731,True,43.0,458.0
DRoC latest,ORTEC-SYNTH-500-s248_dyn5e,500,0,0.202,119.8330945968628,True,11.0,90.0
DRoC latest,ORTEC-SYNTH-500-s248_dyn5e,500,1,0.402,150.86303997039795,True,21.0,180.0
DRoC latest,ORTEC-SYNTH-500-s248_dyn5e,500,2,0.602,161.10522770881653,True,28.0,273.0
DRoC latest,ORTEC-SYNTH-500-s248_dyn5e,500,3,0.802,177.6753830909729,True,36.0,365.0
DRoC latest,ORTEC-SYNTH-500-s248_dyn5e,500,4,1.002,282.2632186412811,True,43.0,458.0
DRoC latest,ORTEC-SYNTH-500-s249_dyn5e,500,0,0.202,105.77199912071228,True,11.0,90.0
DRoC latest,ORTEC-SYNTH-500-s249_dyn5e,500,1,0.402,181.19723057746887,True,19.0,182.0
DRoC latest,ORTEC-SYNTH-500-s249_dyn5e,500,2,0.602,138.94743704795837,True,29.0,272.0
DRoC latest,ORTEC-SYNTH-500-s249_dyn5e,500,3,0.802,178.87423634529114,True,37.0,364.0
DRoC latest,ORTEC-SYNTH-500-s249_dyn5e,500,4,1.002,179.20705556869507,True,43.0,458.0
DRoC latest,ORTEC-SYNTH-500-s250_dyn5e,500,0,0.2,173.02071332931519,True,12.0,89.0
DRoC latest,ORTEC-SYNTH-500-s250_dyn5e,500,1,0.386,290.6640725135803,True,15.0,186.0
DRoC latest,ORTEC-SYNTH-500-s250_dyn5e,500,2,0.386,316.0201766490936,False,0.0,301.0
DRoC latest,ORTEC-SYNTH-500-s250_dyn5e,500,3,0.386,450.3110468387604,False,0.0,401.0
DRoC latest,ORTEC-SYNTH-500-s250_dyn5e,500,4,0.386,632.464013338089,False,0.0,501.0
DRoC latest,ORTEC-SYNTH-500-s251_dyn5e,500,0,0.202,113.76484537124634,True,10.0,91.0
DRoC latest,ORTEC-SYNTH-500-s251_dyn5e,500,1,0.402,180.03778648376465,True,19.0,182.0
DRoC latest,ORTEC-SYNTH-500-s251_dyn5e,500,2,0.602,180.8678436279297,True,28.0,273.0
DRoC latest,ORTEC-SYNTH-500-s251_dyn5e,500,3,0.802,184.58402919769287,True,34.0,367.0
DRoC latest,ORTEC-SYNTH-500-s251_dyn5e,500,4,1.002,183.12173080444336,True,42.0,459.0
DRoC latest,ORTEC-SYNTH-500-s252_dyn5e,500,0,0.202,93.19462513923645,True,11.0,90.0
DRoC latest,ORTEC-SYNTH-500-s252_dyn5e,500,1,0.402,125.82306289672852,True,19.0,182.0
DRoC latest,ORTEC-SYNTH-500-s252_dyn5e,500,2,0.402,413.668408870697,False,0.0,301.0
DRoC latest,ORTEC-SYNTH-500-s252_dyn5e,500,3,0.402,830.7950179576874,False,0.0,401.0
DRoC latest,ORTEC-SYNTH-500-s252_dyn5e,500,4,0.402,694.4320917129517,False,0.0,501.0
DRoC latest,ORTEC-SYNTH-500-s253_dyn5e,500,0,0.202,99.04338932037354,True,11.0,90.0
DRoC latest,ORTEC-SYNTH-500-s253_dyn5e,500,1,0.402,178.31032538414,True,21.0,180.0
DRoC latest,ORTEC-SYNTH-500-s253_dyn5e,500,2,0.602,182.5420205593109,True,30.0,271.0
DRoC latest,ORTEC-SYNTH-500-s253_dyn5e,500,3,0.802,178.29650211334229,True,41.0,360.0
DRoC latest,ORTEC-SYNTH-500-s253_dyn5e,500,4,1.002,185.42758750915527,True,46.0,455.0
DRoC latest,ORTEC-SYNTH-500-s255_dyn5e,500,0,0.202,139.01576614379883,True,12.0,89.0
DRoC latest,ORTEC-SYNTH-500-s255_dyn5e,500,1,0.402,134.66735124588013,True,19.0,182.0
DRoC latest,ORTEC-SYNTH-500-s255_dyn5e,500,2,0.402,459.623747587204,False,0.0,301.0
DRoC latest,ORTEC-SYNTH-500-s255_dyn5e,500,3,0.402,480.689621925354,False,0.0,401.0
DRoC latest,ORTEC-SYNTH-500-s255_dyn5e,500,4,0.402,661.7095654010773,False,0.0,501.0
DRoC latest,ORTEC-SYNTH-500-s254_dyn5e,500,0,0.202,112.68002414703369,True,10.0,91.0
DRoC latest,ORTEC-SYNTH-500-s254_dyn5e,500,1,0.402,193.51304817199707,True,20.0,181.0
DRoC latest,ORTEC-SYNTH-500-s254_dyn5e,500,2,0.602,180.20895266532898,True,28.0,273.0
DRoC latest,ORTEC-SYNTH-500-s254_dyn5e,500,3,0.802,176.23444962501526,True,37.0,364.0
DRoC latest,ORTEC-SYNTH-500-s254_dyn5e,500,4,1.002,181.34809494018555,True,44.0,457.0
DRoC latest,ORTEC-SYNTH-500-s256_dyn5e,500,0,0.202,101.18425679206848,True,10.0,91.0
DRoC latest,ORTEC-SYNTH-500-s256_dyn5e,500,1,0.402,184.26101779937744,True,19.0,182.0
DRoC latest,ORTEC-SYNTH-500-s256_dyn5e,500,2,0.602,160.42181873321533,True,28.0,273.0
DRoC latest,ORTEC-SYNTH-500-s256_dyn5e,500,3,0.802,180.95433235168457,True,35.0,366.0
DRoC latest,ORTEC-SYNTH-500-s256_dyn5e,500,4,1.002,183.7950375080109,True,44.0,457.0
DRoC latest,ORTEC-SYNTH-500-s257_dyn5e,500,0,0.202,179.9188187122345,True,11.0,90.0
DRoC latest,ORTEC-SYNTH-500-s257_dyn5e,500,1,0.402,179.04022884368896,True,20.0,181.0
DRoC latest,ORTEC-SYNTH-500-s257_dyn5e,500,2,0.602,178.45200896263125,True,27.0,274.0
DRoC latest,ORTEC-SYNTH-500-s257_dyn5e,500,3,0.802,183.0876624584198,True,36.0,365.0
DRoC latest,ORTEC-SYNTH-500-s257_dyn5e,500,4,1.002,178.72475385665894,True,43.0,458.0
DRoC latest,ORTEC-SYNTH-500-s258_dyn5e,500,0,0.202,113.27707576751708,True,12.0,89.0
DRoC latest,ORTEC-SYNTH-500-s258_dyn5e,500,1,0.402,176.53773021697998,True,21.0,180.0
DRoC latest,ORTEC-SYNTH-500-s258_dyn5e,500,2,0.602,182.32198190689087,True,30.0,271.0
DRoC latest,ORTEC-SYNTH-500-s258_dyn5e,500,3,0.802,195.07532501220703,True,39.0,362.0
DRoC latest,ORTEC-SYNTH-500-s258_dyn5e,500,4,1.002,180.1851716041565,True,47.0,454.0
DRoC latest,ORTEC-SYNTH-500-s259_dyn5e,500,0,0.202,127.44443917274477,True,12.0,89.0
DRoC latest,ORTEC-SYNTH-500-s259_dyn5e,500,1,0.402,149.805828332901,True,22.0,179.0
DRoC latest,ORTEC-SYNTH-500-s259_dyn5e,500,2,0.602,280.5582802295685,True,30.0,271.0
DRoC latest,ORTEC-SYNTH-500-s259_dyn5e,500,3,0.802,186.21209192276,True,39.0,362.0
DRoC latest,ORTEC-SYNTH-500-s259_dyn5e,500,4,1.002,184.3169372081757,True,47.0,454.0
DRoC latest,ORTEC-SYNTH-500-s260_dyn5e,500,0,0.202,161.20634198188782,True,11.0,90.0
DRoC latest,ORTEC-SYNTH-500-s260_dyn5e,500,1,0.402,151.54300355911255,True,20.0,181.0
DRoC latest,ORTEC-SYNTH-500-s260_dyn5e,500,2,0.602,177.21659469604492,True,27.0,274.0
DRoC latest,ORTEC-SYNTH-500-s260_dyn5e,500,3,0.802,179.43164467811584,True,34.0,367.0
DRoC latest,ORTEC-SYNTH-500-s260_dyn5e,500,4,1.002,196.7485589981079,True,42.0,459.0
DRoC latest,ORTEC-SYNTH-500-s261_dyn5e,500,0,0.202,114.28283381462096,True,11.0,90.0
DRoC latest,ORTEC-SYNTH-500-s261_dyn5e,500,1,0.402,183.45839715003967,True,22.0,179.0
DRoC latest,ORTEC-SYNTH-500-s261_dyn5e,500,2,0.602,190.54141092300412,True,32.0,269.0
DRoC latest,ORTEC-SYNTH-500-s261_dyn5e,500,3,0.802,181.51612186431885,True,39.0,362.0
DRoC latest,ORTEC-SYNTH-500-s261_dyn5e,500,4,1.002,184.32476210594177,True,48.0,453.0
DRoC latest,ORTEC-SYNTH-500-s262_dyn5e,500,0,0.202,190.5331575870514,True,10.0,91.0
DRoC latest,ORTEC-SYNTH-500-s262_dyn5e,500,1,0.402,179.47597217559814,True,19.0,182.0
DRoC latest,ORTEC-SYNTH-500-s262_dyn5e,500,2,0.602,190.17705273628235,True,26.0,275.0
DRoC latest,ORTEC-SYNTH-500-s262_dyn5e,500,3,0.802,172.54350566864014,True,34.0,367.0
DRoC latest,ORTEC-SYNTH-500-s262_dyn5e,500,4,1.002,181.0357916355133,True,40.0,461.0
DRoC latest,ORTEC-SYNTH-500-s263_dyn5e,500,0,0.202,149.31493306159973,True,10.0,91.0
DRoC latest,ORTEC-SYNTH-500-s263_dyn5e,500,1,0.402,185.64180660247803,True,19.0,182.0
DRoC latest,ORTEC-SYNTH-500-s263_dyn5e,500,2,0.602,177.9839539527893,True,27.0,274.0
DRoC latest,ORTEC-SYNTH-500-s263_dyn5e,500,3,0.802,182.74969220161438,True,35.0,366.0
DRoC latest,ORTEC-SYNTH-500-s263_dyn5e,500,4,1.002,160.9383306503296,True,41.0,460.0
DRoC latest,ORTEC-SYNTH-500-s264_dyn5e,500,0,0.202,119.53853678703308,True,12.0,89.0
DRoC latest,ORTEC-SYNTH-500-s264_dyn5e,500,1,0.402,149.8439178466797,True,19.0,182.0
DRoC latest,ORTEC-SYNTH-500-s264_dyn5e,500,2,0.602,175.63567233085632,True,26.0,275.0
DRoC latest,ORTEC-SYNTH-500-s264_dyn5e,500,3,0.802,183.76803183555603,True,35.0,366.0
DRoC latest,ORTEC-SYNTH-500-s264_dyn5e,500,4,1.002,208.94188356399536,True,42.0,459.0
DRoC latest,ORTEC-SYNTH-500-s265_dyn5e,500,0,0.202,122.7073974609375,True,12.0,89.0
DRoC latest,ORTEC-SYNTH-500-s265_dyn5e,500,1,0.402,180.65966963768005,True,19.0,182.0
DRoC latest,ORTEC-SYNTH-500-s265_dyn5e,500,2,0.602,194.47431111335757,True,27.0,274.0
DRoC latest,ORTEC-SYNTH-500-s265_dyn5e,500,3,0.802,177.4161341190338,True,36.0,365.0
DRoC latest,ORTEC-SYNTH-500-s265_dyn5e,500,4,1.002,214.76322889328003,True,43.0,458.0
DRoC latest,ORTEC-SYNTH-500-s266_dyn5e,500,0,0.202,125.37765192985536,True,12.0,89.0
DRoC latest,ORTEC-SYNTH-500-s266_dyn5e,500,1,0.402,181.72604632377625,True,21.0,180.0
DRoC latest,ORTEC-SYNTH-500-s266_dyn5e,500,2,0.602,194.71396160125727,True,28.0,273.0
DRoC latest,ORTEC-SYNTH-500-s266_dyn5e,500,3,0.802,188.84122776985168,True,36.0,365.0
DRoC latest,ORTEC-SYNTH-500-s266_dyn5e,500,4,1.002,185.10365915298465,True,41.0,460.0
DRoC latest,ORTEC-SYNTH-500-s267_dyn5e,500,0,0.202,114.1957778930664,True,12.0,89.0
DRoC latest,ORTEC-SYNTH-500-s267_dyn5e,500,1,0.402,148.14498662948608,True,19.0,182.0
DRoC latest,ORTEC-SYNTH-500-s267_dyn5e,500,2,0.602,187.1800172328949,True,28.0,273.0
DRoC latest,ORTEC-SYNTH-500-s267_dyn5e,500,3,0.802,168.8487913608551,True,36.0,365.0
DRoC latest,ORTEC-SYNTH-500-s267_dyn5e,500,4,1.002,189.89802646636963,True,44.0,457.0
DRoC latest,ORTEC-SYNTH-500-s268_dyn5e,500,0,0.202,135.5850327014923,True,11.0,90.0
DRoC latest,ORTEC-SYNTH-500-s268_dyn5e,500,1,0.402,202.62207055091855,True,19.0,182.0
DRoC latest,ORTEC-SYNTH-500-s268_dyn5e,500,2,0.602,164.7002534866333,True,27.0,274.0
DRoC latest,ORTEC-SYNTH-500-s268_dyn5e,500,3,0.802,197.61765146255493,True,36.0,365.0
DRoC latest,ORTEC-SYNTH-500-s268_dyn5e,500,4,1.002,178.93151426315308,True,42.0,459.0
DRoC latest,ORTEC-SYNTH-500-s269_dyn5e,500,0,0.202,116.25527954101562,True,14.0,87.0
DRoC latest,ORTEC-SYNTH-500-s269_dyn5e,500,1,0.402,181.8011631965637,True,21.0,180.0
DRoC latest,ORTEC-SYNTH-500-s269_dyn5e,500,2,0.602,187.3721706867218,True,30.0,271.0
DRoC latest,ORTEC-SYNTH-500-s269_dyn5e,500,3,0.802,196.01983451843265,True,38.0,363.0
DRoC latest,ORTEC-SYNTH-500-s269_dyn5e,500,4,1.002,173.8372049331665,True,48.0,453.0
DRoC latest,ORTEC-SYNTH-500-s45_dyn5e,500,0,0.202,108.7915198802948,True,11.0,90.0
DRoC latest,ORTEC-SYNTH-500-s45_dyn5e,500,1,0.402,138.88638925552368,True,19.0,182.0
DRoC latest,ORTEC-SYNTH-500-s45_dyn5e,500,2,0.602,196.0086181163788,True,28.0,273.0
DRoC latest,ORTEC-SYNTH-500-s45_dyn5e,500,3,0.802,188.4300746917725,True,35.0,366.0
DRoC latest,ORTEC-SYNTH-500-s45_dyn5e,500,4,1.002,195.29294395446777,True,42.0,459.0
DRoC latest,ORTEC-SYNTH-500-s46_dyn5e,500,0,0.202,113.02907705307008,True,12.0,89.0
DRoC latest,ORTEC-SYNTH-500-s46_dyn5e,500,1,0.402,126.2370936870575,True,23.0,178.0
DRoC latest,ORTEC-SYNTH-500-s46_dyn5e,500,2,0.602,179.2084400653839,True,29.0,272.0
DRoC latest,ORTEC-SYNTH-500-s46_dyn5e,500,3,0.802,180.93234968185425,True,36.0,365.0
DRoC latest,ORTEC-SYNTH-500-s46_dyn5e,500,4,1.002,190.8136010169983,True,46.0,455.0
DRoC latest,ORTEC-SYNTH-500-s47_dyn5e,500,0,0.202,186.61551642417908,True,10.0,91.0
DRoC latest,ORTEC-SYNTH-500-s47_dyn5e,500,1,0.402,186.57631063461304,True,18.0,183.0
DRoC latest,ORTEC-SYNTH-500-s47_dyn5e,500,2,0.602,177.69429969787598,True,25.0,276.0
DRoC latest,ORTEC-SYNTH-500-s47_dyn5e,500,3,0.802,225.4122495651245,True,32.0,369.0
DRoC latest,ORTEC-SYNTH-500-s47_dyn5e,500,4,1.002,158.7588336467743,True,40.0,461.0
DRoC latest,ORTEC-SYNTH-800-s400_dyn5e,800,0,0.2013,115.26493668556212,True,16.0,145.0
DRoC latest,ORTEC-SYNTH-800-s400_dyn5e,800,1,0.4012,206.82520246505737,True,30.0,291.0
DRoC latest,ORTEC-SYNTH-800-s400_dyn5e,800,2,0.6012,183.11138820648196,True,42.0,439.0
DRoC latest,ORTEC-SYNTH-800-s400_dyn5e,800,3,0.8013,189.4336938858032,True,56.0,585.0
DRoC latest,ORTEC-SYNTH-800-s400_dyn5e,800,4,1.0012,193.34348440170288,True,68.0,733.0
DRoC latest,ORTEC-SYNTH-800-s401_dyn5e,800,0,0.2013,193.65487790107727,True,17.0,144.0
DRoC latest,ORTEC-SYNTH-800-s401_dyn5e,800,1,0.4012,168.08693933486938,True,32.0,289.0
DRoC latest,ORTEC-SYNTH-800-s401_dyn5e,800,2,0.6012,178.4645550251007,True,44.0,437.0
DRoC latest,ORTEC-SYNTH-800-s401_dyn5e,800,3,0.8013,177.1433253288269,True,56.0,585.0
DRoC latest,ORTEC-SYNTH-800-s401_dyn5e,800,4,1.0012,204.71445560455322,True,68.0,733.0
DRoC latest,ORTEC-SYNTH-800-s402_dyn5e,800,0,0.2013,104.91634011268616,True,15.0,146.0
DRoC latest,ORTEC-SYNTH-800-s402_dyn5e,800,1,0.2013,520.7739310264587,False,0.0,321.0
DRoC latest,ORTEC-SYNTH-800-s402_dyn5e,800,2,0.2013,528.91628074646,False,0.0,481.0
DRoC latest,ORTEC-SYNTH-800-s402_dyn5e,800,3,0.2013,467.07411766052246,False,0.0,641.0
DRoC latest,ORTEC-SYNTH-800-s402_dyn5e,800,4,0.2013,521.8396139144897,False,0.0,801.0
DRoC latest,ORTEC-SYNTH-800-s403_dyn5e,800,0,0.2013,137.86062455177307,True,17.0,144.0
DRoC latest,ORTEC-SYNTH-800-s403_dyn5e,800,1,0.4012,183.25506472587583,True,31.0,290.0
DRoC latest,ORTEC-SYNTH-800-s403_dyn5e,800,2,0.6012,178.72381734848022,True,45.0,436.0
DRoC latest,ORTEC-SYNTH-800-s403_dyn5e,800,3,0.8013,195.21370244026184,True,57.0,584.0
DRoC latest,ORTEC-SYNTH-800-s403_dyn5e,800,4,0.9838,211.06084990501404,True,69.0,732.0
DRoC latest,ORTEC-SYNTH-800-s405_dyn5e,800,0,0.2013,127.23368263244627,True,16.0,145.0
DRoC latest,ORTEC-SYNTH-800-s405_dyn5e,800,1,0.4012,140.16369581222534,True,30.0,291.0
DRoC latest,ORTEC-SYNTH-800-s405_dyn5e,800,2,0.6012,343.40175437927246,True,44.0,437.0
DRoC latest,ORTEC-SYNTH-800-s405_dyn5e,800,3,0.8013,178.3717439174652,True,54.0,587.0
DRoC latest,ORTEC-SYNTH-800-s405_dyn5e,800,4,1.0012,215.00827479362488,True,71.0,730.0
DRoC latest,ORTEC-SYNTH-800-s404_dyn5e,800,0,0.0,329.14335012435913,False,0.0,161.0
DRoC latest,ORTEC-SYNTH-800-s404_dyn5e,800,1,0.0,480.8050608634949,False,0.0,321.0
DRoC latest,ORTEC-SYNTH-800-s404_dyn5e,800,2,0.0,511.1982583999634,False,0.0,481.0
DRoC latest,ORTEC-SYNTH-800-s404_dyn5e,800,3,0.0,221.21157908439636,False,0.0,641.0
DRoC latest,ORTEC-SYNTH-800-s404_dyn5e,800,4,0.91,180.9653286933899,True,57.0,744.0
DRoC latest,ORTEC-SYNTH-800-s406_dyn5e,800,0,0.2013,206.87651252746585,True,14.0,147.0
DRoC latest,ORTEC-SYNTH-800-s406_dyn5e,800,1,0.4012,183.8590576648712,True,28.0,293.0
DRoC latest,ORTEC-SYNTH-800-s406_dyn5e,800,2,0.6012,179.4698920249939,True,39.0,442.0
DRoC latest,ORTEC-SYNTH-800-s406_dyn5e,800,3,0.8013,189.25599765777588,True,50.0,591.0
DRoC latest,ORTEC-SYNTH-800-s406_dyn5e,800,4,1.0012,204.35994172096247,True,62.0,739.0
DRoC latest,ORTEC-SYNTH-800-s407_dyn5e,800,0,0.2013,128.62394785881042,True,18.0,143.0
DRoC latest,ORTEC-SYNTH-800-s407_dyn5e,800,1,0.4012,173.59852600097656,True,29.0,292.0
DRoC latest,ORTEC-SYNTH-800-s407_dyn5e,800,2,0.6012,179.74740409851074,True,44.0,437.0
DRoC latest,ORTEC-SYNTH-800-s407_dyn5e,800,3,0.6012,660.8570530414581,False,0.0,641.0
DRoC latest,ORTEC-SYNTH-800-s407_dyn5e,800,4,0.6012,512.1385636329651,False,0.0,801.0
DRoC latest,ORTEC-SYNTH-800-s409_dyn5e,800,0,0.2013,117.61263871192932,True,16.0,145.0
DRoC latest,ORTEC-SYNTH-800-s409_dyn5e,800,1,0.4012,148.25181198120117,True,28.0,293.0
DRoC latest,ORTEC-SYNTH-800-s409_dyn5e,800,2,0.6012,254.2458009719849,True,43.0,438.0
DRoC latest,ORTEC-SYNTH-800-s409_dyn5e,800,3,0.8013,216.9547770023346,True,54.0,587.0
DRoC latest,ORTEC-SYNTH-800-s409_dyn5e,800,4,1.0012,345.37313985824585,True,68.0,733.0
DRoC latest,ORTEC-SYNTH-800-s408_dyn5e,800,0,0.2013,131.11066341400146,True,15.0,146.0
DRoC latest,ORTEC-SYNTH-800-s408_dyn5e,800,1,0.4012,189.65370845794678,True,30.0,291.0
DRoC latest,ORTEC-SYNTH-800-s408_dyn5e,800,2,0.6012,184.21849942207336,True,42.0,439.0
DRoC latest,ORTEC-SYNTH-800-s408_dyn5e,800,3,0.8013,182.00356245040894,True,52.0,589.0
DRoC latest,ORTEC-SYNTH-800-s408_dyn5e,800,4,1.0012,180.9135880470276,True,67.0,734.0
DRoC latest,ORTEC-SYNTH-800-s411_dyn5e,800,0,0.2013,135.60106778144836,True,19.0,142.0
DRoC latest,ORTEC-SYNTH-800-s411_dyn5e,800,1,0.4012,182.76250505447388,True,31.0,290.0
DRoC latest,ORTEC-SYNTH-800-s411_dyn5e,800,2,0.6012,182.9248764514923,True,45.0,436.0
DRoC latest,ORTEC-SYNTH-800-s411_dyn5e,800,3,0.8013,221.8599689006805,True,58.0,583.0
DRoC latest,ORTEC-SYNTH-800-s411_dyn5e,800,4,1.0012,208.92869639396667,True,70.0,731.0
DRoC latest,ORTEC-SYNTH-800-s412_dyn5e,800,0,0.2013,133.20674347877502,True,19.0,142.0
DRoC latest,ORTEC-SYNTH-800-s412_dyn5e,800,1,0.4012,189.19664978981015,True,33.0,288.0
DRoC latest,ORTEC-SYNTH-800-s412_dyn5e,800,2,0.6012,156.31620836257937,True,45.0,436.0
DRoC latest,ORTEC-SYNTH-800-s412_dyn5e,800,3,0.8013,205.10840463638303,True,57.0,584.0
DRoC latest,ORTEC-SYNTH-800-s412_dyn5e,800,4,1.0012,206.46740889549253,True,72.0,729.0
DRoC latest,ORTEC-SYNTH-800-s413_dyn5e,800,0,0.2013,178.32271003723145,True,18.0,143.0
DRoC latest,ORTEC-SYNTH-800-s413_dyn5e,800,1,0.4012,165.49769639968872,True,30.0,291.0
DRoC latest,ORTEC-SYNTH-800-s413_dyn5e,800,2,0.6012,181.49643874168396,True,43.0,438.0
DRoC latest,ORTEC-SYNTH-800-s413_dyn5e,800,3,0.8013,190.09484267234802,True,58.0,583.0
DRoC latest,ORTEC-SYNTH-800-s413_dyn5e,800,4,1.0012,180.52040553092957,True,69.0,732.0
DRoC latest,ORTEC-SYNTH-800-s414_dyn5e,800,0,0.0187,100.10240936279295,True,1.0,160.0
DRoC latest,ORTEC-SYNTH-800-s414_dyn5e,800,1,0.4012,175.71053647994995,True,30.0,291.0
DRoC latest,ORTEC-SYNTH-800-s414_dyn5e,800,2,0.6012,177.18383717536926,True,44.0,437.0
DRoC latest,ORTEC-SYNTH-800-s414_dyn5e,800,3,0.7837,203.65680170059204,True,47.0,594.0
DRoC latest,ORTEC-SYNTH-800-s414_dyn5e,800,4,1.0012,189.40059971809387,True,70.0,731.0
DRoC latest,ORTEC-SYNTH-800-s415_dyn5e,800,0,0.2013,116.39792323112488,True,16.0,145.0
DRoC latest,ORTEC-SYNTH-800-s415_dyn5e,800,1,0.4012,174.2902274131775,True,29.0,292.0
DRoC latest,ORTEC-SYNTH-800-s415_dyn5e,800,2,0.6012,189.34887623786926,True,43.0,438.0
DRoC latest,ORTEC-SYNTH-800-s415_dyn5e,800,3,0.8013,197.7269687652588,True,54.0,587.0
DRoC latest,ORTEC-SYNTH-800-s415_dyn5e,800,4,1.0012,180.69002032279968,True,65.0,736.0
DRoC latest,ORTEC-SYNTH-800-s416_dyn5e,800,0,0.2013,179.12006402015686,True,15.0,146.0
DRoC latest,ORTEC-SYNTH-800-s416_dyn5e,800,1,0.4012,202.21867084503174,True,29.0,292.0
DRoC latest,ORTEC-SYNTH-800-s416_dyn5e,800,2,0.6012,148.2989547252655,True,41.0,440.0
DRoC latest,ORTEC-SYNTH-800-s416_dyn5e,800,3,0.8013,177.73700428009033,True,53.0,588.0
DRoC latest,ORTEC-SYNTH-800-s416_dyn5e,800,4,0.9925,212.34868001937866,True,59.0,742.0
DRoC latest,ORTEC-SYNTH-800-s419_dyn5e,800,0,0.2013,122.93418216705322,True,17.0,144.0
DRoC latest,ORTEC-SYNTH-800-s419_dyn5e,800,1,0.4012,183.6132819652557,True,32.0,289.0
DRoC latest,ORTEC-SYNTH-800-s419_dyn5e,800,2,0.6012,262.4015316963196,True,43.0,438.0
DRoC latest,ORTEC-SYNTH-800-s419_dyn5e,800,3,0.8013,223.9949197769165,True,55.0,586.0
DRoC latest,ORTEC-SYNTH-800-s419_dyn5e,800,4,1.0012,178.76240062713623,True,69.0,732.0
DRoC latest,ORTEC-SYNTH-800-s420_dyn5e,800,0,0.2013,127.0965654850006,True,18.0,143.0
DRoC latest,ORTEC-SYNTH-800-s420_dyn5e,800,1,0.4012,181.51741743087769,True,32.0,289.0
DRoC latest,ORTEC-SYNTH-800-s420_dyn5e,800,2,0.6012,182.8403522968292,True,43.0,438.0
DRoC latest,ORTEC-SYNTH-800-s420_dyn5e,800,3,0.7837,191.63793087005612,True,47.0,594.0
DRoC latest,ORTEC-SYNTH-800-s420_dyn5e,800,4,1.0012,249.9731647968292,True,71.0,730.0
DRoC latest,ORTEC-SYNTH-800-s421_dyn5e,800,0,0.2013,111.986887216568,True,17.0,144.0
DRoC latest,ORTEC-SYNTH-800-s421_dyn5e,800,1,0.4012,206.62008810043332,True,28.0,293.0
DRoC latest,ORTEC-SYNTH-800-s421_dyn5e,800,2,0.6012,162.31249475479126,True,40.0,441.0
DRoC latest,ORTEC-SYNTH-800-s421_dyn5e,800,3,0.8013,136.09531474113464,True,53.0,588.0
DRoC latest,ORTEC-SYNTH-800-s421_dyn5e,800,4,1.0012,205.6326880455017,True,64.0,737.0
DRoC latest,ORTEC-SYNTH-800-s422_dyn5e,800,0,0.2013,137.33052825927734,True,16.0,145.0
DRoC latest,ORTEC-SYNTH-800-s422_dyn5e,800,1,0.4012,178.013503074646,True,29.0,292.0
DRoC latest,ORTEC-SYNTH-800-s422_dyn5e,800,2,0.6012,165.79642844200134,True,43.0,438.0
DRoC latest,ORTEC-SYNTH-800-s422_dyn5e,800,3,0.8013,267.7078895568848,True,57.0,584.0
DRoC latest,ORTEC-SYNTH-800-s422_dyn5e,800,4,1.0012,179.28922772407532,True,67.0,734.0
DRoC latest,ORTEC-SYNTH-800-s424_dyn5e,800,0,0.2013,181.93719100952148,True,18.0,143.0
DRoC latest,ORTEC-SYNTH-800-s424_dyn5e,800,1,0.4012,167.61402344703674,True,30.0,291.0
DRoC latest,ORTEC-SYNTH-800-s424_dyn5e,800,2,0.6012,260.5283567905426,True,44.0,437.0
DRoC latest,ORTEC-SYNTH-800-s424_dyn5e,800,3,0.8013,192.9445285797119,True,54.0,587.0
DRoC latest,ORTEC-SYNTH-800-s424_dyn5e,800,4,1.0012,170.5319094657898,True,68.0,733.0
DRoC latest,ORTEC-SYNTH-800-s423_dyn5e,800,0,0.2013,109.1695077419281,True,17.0,144.0
DRoC latest,ORTEC-SYNTH-800-s423_dyn5e,800,1,0.4012,179.4589400291443,True,29.0,292.0
DRoC latest,ORTEC-SYNTH-800-s423_dyn5e,800,2,0.6012,180.2551655769348,True,41.0,440.0
DRoC latest,ORTEC-SYNTH-800-s423_dyn5e,800,3,0.8013,132.4113085269928,True,54.0,587.0
DRoC latest,ORTEC-SYNTH-800-s423_dyn5e,800,4,1.0012,179.90280747413635,True,66.0,735.0
DRoC latest,ORTEC-SYNTH-800-s425_dyn5e,800,0,0.2013,124.97386360168456,True,16.0,145.0
DRoC latest,ORTEC-SYNTH-800-s425_dyn5e,800,1,0.4012,178.24281573295593,True,29.0,292.0
DRoC latest,ORTEC-SYNTH-800-s425_dyn5e,800,2,0.6012,183.191880941391,True,43.0,438.0
DRoC latest,ORTEC-SYNTH-800-s425_dyn5e,800,3,0.8013,182.8769814968109,True,56.0,585.0
DRoC latest,ORTEC-SYNTH-800-s425_dyn5e,800,4,1.0012,322.0941553115845,True,70.0,731.0
DRoC latest,ORTEC-SYNTH-800-s426_dyn5e,800,0,0.2013,109.21083068847656,True,16.0,145.0
DRoC latest,ORTEC-SYNTH-800-s426_dyn5e,800,1,0.2013,468.272438287735,False,0.0,321.0
DRoC latest,ORTEC-SYNTH-800-s426_dyn5e,800,2,0.2013,553.3169190883636,False,0.0,481.0
DRoC latest,ORTEC-SYNTH-800-s426_dyn5e,800,3,0.2013,462.26654148101807,False,0.0,641.0
DRoC latest,ORTEC-SYNTH-800-s426_dyn5e,800,4,0.2013,306.57747888565063,False,0.0,801.0
DRoC latest,ORTEC-SYNTH-800-s427_dyn5e,800,0,0.2013,120.31733846664427,True,17.0,144.0
DRoC latest,ORTEC-SYNTH-800-s427_dyn5e,800,1,0.4012,154.853666305542,True,32.0,289.0
DRoC latest,ORTEC-SYNTH-800-s427_dyn5e,800,2,0.6012,181.70197296142575,True,45.0,436.0
DRoC latest,ORTEC-SYNTH-800-s427_dyn5e,800,3,0.8013,168.64097023010254,True,58.0,583.0
DRoC latest,ORTEC-SYNTH-800-s427_dyn5e,800,4,1.0012,226.83347010612488,True,71.0,730.0
DRoC latest,ORTEC-SYNTH-800-s428_dyn5e,800,0,0.0213,476.25507259368896,True,1.0,160.0
DRoC latest,ORTEC-SYNTH-800-s428_dyn5e,800,1,0.0213,691.0492289066315,False,0.0,321.0
DRoC latest,ORTEC-SYNTH-800-s428_dyn5e,800,2,0.0213,326.86602807044983,False,0.0,481.0
DRoC latest,ORTEC-SYNTH-800-s428_dyn5e,800,3,0.0213,426.95919370651245,False,0.0,641.0
DRoC latest,ORTEC-SYNTH-800-s428_dyn5e,800,4,0.0213,465.28644585609436,False,0.0,801.0
DRoC latest,ORTEC-SYNTH-800-s430_dyn5e,800,0,0.2013,134.0514531135559,True,16.0,145.0
DRoC latest,ORTEC-SYNTH-800-s430_dyn5e,800,1,0.4012,185.09685707092285,True,29.0,292.0
DRoC latest,ORTEC-SYNTH-800-s430_dyn5e,800,2,0.6012,185.82618474960327,True,41.0,440.0
DRoC latest,ORTEC-SYNTH-800-s430_dyn5e,800,3,0.8013,170.44881534576416,True,52.0,589.0
DRoC latest,ORTEC-SYNTH-800-s430_dyn5e,800,4,1.0012,194.21587657928467,True,66.0,735.0
DRoC latest,ORTEC-SYNTH-800-s429_dyn5e,800,0,0.2013,123.28450202941895,True,15.0,146.0
DRoC latest,ORTEC-SYNTH-800-s429_dyn5e,800,1,0.2013,435.7308316230774,False,0.0,321.0
DRoC latest,ORTEC-SYNTH-800-s429_dyn5e,800,2,0.2013,812.860497713089,False,0.0,481.0
DRoC latest,ORTEC-SYNTH-800-s429_dyn5e,800,3,0.2013,592.2936050891876,False,0.0,641.0
DRoC latest,ORTEC-SYNTH-800-s429_dyn5e,800,4,0.2013,563.2477152347565,False,0.0,801.0
DRoC latest,ORTEC-SYNTH-800-s432_dyn5e,800,0,0.2013,153.08851671218872,True,17.0,144.0
DRoC latest,ORTEC-SYNTH-800-s432_dyn5e,800,1,0.4012,180.90220141410828,True,32.0,289.0
DRoC latest,ORTEC-SYNTH-800-s432_dyn5e,800,2,0.6012,182.5579652786255,True,44.0,437.0
DRoC latest,ORTEC-SYNTH-800-s432_dyn5e,800,3,0.7837,205.650673866272,True,56.0,585.0
DRoC latest,ORTEC-SYNTH-800-s432_dyn5e,800,4,1.0012,262.58967995643616,True,68.0,733.0
DRoC latest,ORTEC-SYNTH-800-s431_dyn5e,800,0,0.2013,122.79537463188171,True,17.0,144.0
DRoC latest,ORTEC-SYNTH-800-s431_dyn5e,800,1,0.2013,390.7022876739502,False,0.0,321.0
DRoC latest,ORTEC-SYNTH-800-s431_dyn5e,800,2,0.2013,697.7136597633362,False,0.0,481.0
DRoC latest,ORTEC-SYNTH-800-s431_dyn5e,800,3,0.2013,793.6811683177948,False,0.0,641.0
DRoC latest,ORTEC-SYNTH-800-s431_dyn5e,800,4,0.2013,747.018214225769,False,0.0,801.0
DRoC latest,ORTEC-SYNTH-800-s433_dyn5e,800,0,0.2013,104.45252847671509,True,15.0,146.0
DRoC latest,ORTEC-SYNTH-800-s433_dyn5e,800,1,0.4012,175.54413604736328,True,29.0,292.0
DRoC latest,ORTEC-SYNTH-800-s433_dyn5e,800,2,0.6012,178.3650028705597,True,42.0,439.0
DRoC latest,ORTEC-SYNTH-800-s433_dyn5e,800,3,0.8013,174.06804513931274,True,56.0,585.0
DRoC latest,ORTEC-SYNTH-800-s433_dyn5e,800,4,0.8013,777.5802772045135,False,0.0,801.0
DRoC latest,ORTEC-SYNTH-800-s434_dyn5e,800,0,0.2013,114.40399241447447,True,16.0,145.0
DRoC latest,ORTEC-SYNTH-800-s434_dyn5e,800,1,0.4012,175.5263683795929,True,29.0,292.0
DRoC latest,ORTEC-SYNTH-800-s434_dyn5e,800,2,0.6012,180.2732582092285,True,42.0,439.0
DRoC latest,ORTEC-SYNTH-800-s434_dyn5e,800,3,0.8013,203.79945421218872,True,56.0,585.0
DRoC latest,ORTEC-SYNTH-800-s434_dyn5e,800,4,1.0012,186.1708014011383,True,68.0,733.0
DRoC latest,ORTEC-SYNTH-800-s435_dyn5e,800,0,0.2013,113.03532433509827,True,17.0,144.0
DRoC latest,ORTEC-SYNTH-800-s435_dyn5e,800,1,0.4012,185.8744843006134,True,30.0,291.0
DRoC latest,ORTEC-SYNTH-800-s435_dyn5e,800,2,0.4012,319.7743675708771,False,0.0,481.0
DRoC latest,ORTEC-SYNTH-800-s435_dyn5e,800,3,0.4012,436.3113224506378,False,0.0,641.0
DRoC latest,ORTEC-SYNTH-800-s435_dyn5e,800,4,0.4012,576.4317419528961,False,0.0,801.0
DRoC latest,ORTEC-SYNTH-800-s438_dyn5e,800,0,0.2013,123.4477527141571,True,18.0,143.0
DRoC latest,ORTEC-SYNTH-800-s438_dyn5e,800,1,0.4012,188.63637399673462,True,30.0,291.0
DRoC latest,ORTEC-SYNTH-800-s438_dyn5e,800,2,0.6012,179.84766721725464,True,43.0,438.0
DRoC latest,ORTEC-SYNTH-800-s438_dyn5e,800,3,0.8013,163.49055647850037,True,55.0,586.0
DRoC latest,ORTEC-SYNTH-800-s438_dyn5e,800,4,1.0012,207.0777506828308,True,70.0,731.0
DRoC latest,ORTEC-SYNTH-800-s439_dyn5e,800,0,0.2013,121.11413645744324,True,15.0,146.0
DRoC latest,ORTEC-SYNTH-800-s439_dyn5e,800,1,0.4012,175.5650041103363,True,29.0,292.0
DRoC latest,ORTEC-SYNTH-800-s439_dyn5e,800,2,0.6012,179.25250911712646,True,40.0,441.0
DRoC latest,ORTEC-SYNTH-800-s439_dyn5e,800,3,0.8013,173.15426683425903,True,52.0,589.0
DRoC latest,ORTEC-SYNTH-800-s439_dyn5e,800,4,1.0012,208.21774554252625,True,65.0,736.0
DRoC latest,ORTEC-SYNTH-800-s440_dyn5e,800,0,0.2013,116.3825535774231,True,16.0,145.0
DRoC latest,ORTEC-SYNTH-800-s440_dyn5e,800,1,0.4012,200.99246406555176,True,31.0,290.0
DRoC latest,ORTEC-SYNTH-800-s440_dyn5e,800,2,0.6012,231.72567772865295,True,41.0,440.0
DRoC latest,ORTEC-SYNTH-800-s440_dyn5e,800,3,0.8013,184.917626619339,True,53.0,588.0
DRoC latest,ORTEC-SYNTH-800-s440_dyn5e,800,4,0.8013,438.7243094444275,False,0.0,801.0
DRoC latest,ORTEC-SYNTH-800-s442_dyn5e,800,0,0.2013,117.99789595603944,True,16.0,145.0
DRoC latest,ORTEC-SYNTH-800-s442_dyn5e,800,1,0.4012,178.98122429847717,True,28.0,293.0
DRoC latest,ORTEC-SYNTH-800-s442_dyn5e,800,2,0.6012,185.0351800918579,True,41.0,440.0
DRoC latest,ORTEC-SYNTH-800-s442_dyn5e,800,3,0.8013,180.97895050048828,True,53.0,588.0
DRoC latest,ORTEC-SYNTH-800-s442_dyn5e,800,4,1.0012,196.98539328575131,True,66.0,735.0
DRoC latest,ORTEC-SYNTH-800-s441_dyn5e,800,0,0.2013,114.00758838653564,True,17.0,144.0
DRoC latest,ORTEC-SYNTH-800-s441_dyn5e,800,1,0.4012,168.14947628974917,True,30.0,291.0
DRoC latest,ORTEC-SYNTH-800-s441_dyn5e,800,2,0.6012,178.58826088905334,True,44.0,437.0
DRoC latest,ORTEC-SYNTH-800-s441_dyn5e,800,3,0.8013,167.85824513435364,True,56.0,585.0
DRoC latest,ORTEC-SYNTH-800-s441_dyn5e,800,4,1.0012,180.02158284187317,True,69.0,732.0
DRoC latest,ORTEC-SYNTH-800-s444_dyn5e,800,0,0.2013,179.99041199684143,True,17.0,144.0
DRoC latest,ORTEC-SYNTH-800-s444_dyn5e,800,1,0.4012,141.87370610237122,True,29.0,292.0
DRoC latest,ORTEC-SYNTH-800-s444_dyn5e,800,2,0.6012,165.52824926376343,True,41.0,440.0
DRoC latest,ORTEC-SYNTH-800-s444_dyn5e,800,3,0.8013,170.8863718509674,True,53.0,588.0
DRoC latest,ORTEC-SYNTH-800-s444_dyn5e,800,4,1.0012,146.86684489250183,True,65.0,736.0
DRoC latest,ORTEC-SYNTH-800-s445_dyn5e,800,0,0.2013,120.0353467464447,True,15.0,146.0
DRoC latest,ORTEC-SYNTH-800-s445_dyn5e,800,1,0.4012,186.3596723079681,True,29.0,292.0
DRoC latest,ORTEC-SYNTH-800-s445_dyn5e,800,2,0.6012,180.1693243980408,True,40.0,441.0
DRoC latest,ORTEC-SYNTH-800-s445_dyn5e,800,3,0.8013,175.56209111213684,True,52.0,589.0
DRoC latest,ORTEC-SYNTH-800-s445_dyn5e,800,4,1.0012,207.2437562942505,True,67.0,734.0
DRoC latest,ORTEC-SYNTH-800-s446_dyn5e,800,0,0.2013,120.90499448776244,True,17.0,144.0
DRoC latest,ORTEC-SYNTH-800-s446_dyn5e,800,1,0.4012,179.06321454048157,True,30.0,291.0
DRoC latest,ORTEC-SYNTH-800-s446_dyn5e,800,2,0.6012,187.3882873058319,True,41.0,440.0
DRoC latest,ORTEC-SYNTH-800-s446_dyn5e,800,3,0.8013,218.96246027946472,True,55.0,586.0
DRoC latest,ORTEC-SYNTH-800-s446_dyn5e,800,4,1.0012,189.3692002296448,True,70.0,731.0
DRoC latest,ORTEC-SYNTH-800-s447_dyn5e,800,0,0.2013,118.95642566680908,True,15.0,146.0
DRoC latest,ORTEC-SYNTH-800-s447_dyn5e,800,1,0.4012,178.31504845619202,True,28.0,293.0
DRoC latest,ORTEC-SYNTH-800-s447_dyn5e,800,2,0.6012,177.84056615829468,True,41.0,440.0
DRoC latest,ORTEC-SYNTH-800-s447_dyn5e,800,3,0.8013,176.99018383026123,True,53.0,588.0
DRoC latest,ORTEC-SYNTH-800-s447_dyn5e,800,4,1.0012,206.47084140777588,True,67.0,734.0
DRoC latest,ORTEC-SYNTH-800-s448_dyn5e,800,0,0.2013,159.01803278923035,True,14.0,147.0
DRoC latest,ORTEC-SYNTH-800-s448_dyn5e,800,1,0.4012,206.5167646408081,True,26.0,295.0
DRoC latest,ORTEC-SYNTH-800-s448_dyn5e,800,2,0.6012,173.73837995529175,True,40.0,441.0
DRoC latest,ORTEC-SYNTH-800-s448_dyn5e,800,3,0.8013,206.204336643219,True,52.0,589.0
DRoC latest,ORTEC-SYNTH-800-s448_dyn5e,800,4,1.0012,181.29693627357483,True,65.0,736.0
DRoC latest,ORTEC-SYNTH-800-s449_dyn5e,800,0,0.2013,180.11407327651978,True,17.0,144.0
DRoC latest,ORTEC-SYNTH-800-s449_dyn5e,800,1,0.4012,178.75280451774597,True,29.0,292.0
DRoC latest,ORTEC-SYNTH-800-s449_dyn5e,800,2,0.6012,176.04540944099426,True,40.0,441.0
DRoC latest,ORTEC-SYNTH-800-s449_dyn5e,800,3,0.8013,254.0155999660492,True,58.0,583.0
DRoC latest,ORTEC-SYNTH-800-s449_dyn5e,800,4,1.0012,202.2005226612091,True,69.0,732.0
DRoC latest,ORTEC-SYNTH-800-s450_dyn5e,800,0,0.2013,112.65776348114014,True,18.0,143.0
DRoC latest,ORTEC-SYNTH-800-s450_dyn5e,800,1,0.4012,190.55130314826965,True,32.0,289.0
DRoC latest,ORTEC-SYNTH-800-s450_dyn5e,800,2,0.6012,178.06337904930115,True,45.0,436.0
DRoC latest,ORTEC-SYNTH-800-s450_dyn5e,800,3,0.8013,227.5535798072815,True,58.0,583.0
DRoC latest,ORTEC-SYNTH-800-s450_dyn5e,800,4,1.0012,228.3509166240692,True,71.0,730.0
DRoC latest,ORTEC-SYNTH-800-s452_dyn5e,800,0,0.2013,185.31770420074463,True,16.0,145.0
DRoC latest,ORTEC-SYNTH-800-s452_dyn5e,800,1,0.4012,185.7145380973816,True,30.0,291.0
DRoC latest,ORTEC-SYNTH-800-s452_dyn5e,800,2,0.6012,181.8967638015747,True,42.0,439.0
DRoC latest,ORTEC-SYNTH-800-s452_dyn5e,800,3,0.8013,177.52389216423035,True,55.0,586.0
DRoC latest,ORTEC-SYNTH-800-s452_dyn5e,800,4,1.0012,169.74426984786987,True,70.0,731.0
DRoC latest,ORTEC-SYNTH-800-s453_dyn5e,800,0,0.2013,120.22162747383118,True,16.0,145.0
DRoC latest,ORTEC-SYNTH-800-s453_dyn5e,800,1,0.4012,172.48823380470276,True,27.0,294.0
DRoC latest,ORTEC-SYNTH-800-s453_dyn5e,800,2,0.6012,179.31750798225403,True,42.0,439.0
DRoC latest,ORTEC-SYNTH-800-s453_dyn5e,800,3,0.8013,176.33248281478882,True,54.0,587.0
DRoC latest,ORTEC-SYNTH-800-s453_dyn5e,800,4,1.0012,176.6350040435791,True,71.0,730.0
DRoC latest,ORTEC-SYNTH-800-s454_dyn5e,800,0,0.2013,113.9817280769348,True,16.0,145.0
DRoC latest,ORTEC-SYNTH-800-s454_dyn5e,800,1,0.4012,173.68990349769592,True,30.0,291.0
DRoC latest,ORTEC-SYNTH-800-s454_dyn5e,800,2,0.6012,178.18621802330017,True,44.0,437.0
DRoC latest,ORTEC-SYNTH-800-s454_dyn5e,800,3,0.8013,190.37614488601685,True,55.0,586.0
DRoC latest,ORTEC-SYNTH-800-s454_dyn5e,800,4,1.0012,170.93755435943604,True,67.0,734.0
DRoC latest,ORTEC-SYNTH-800-s455_dyn5e,800,0,0.2013,142.2718608379364,True,16.0,145.0
DRoC latest,ORTEC-SYNTH-800-s455_dyn5e,800,1,0.4012,598.5599813461304,True,31.0,290.0
DRoC latest,ORTEC-SYNTH-800-s455_dyn5e,800,2,0.6012,182.4243686199188,True,41.0,440.0
DRoC latest,ORTEC-SYNTH-800-s455_dyn5e,800,3,0.8013,192.6312472820282,True,53.0,588.0
DRoC latest,ORTEC-SYNTH-800-s455_dyn5e,800,4,1.0012,178.84528636932373,True,64.0,737.0
DRoC latest,ORTEC-SYNTH-800-s456_dyn5e,800,0,0.2013,179.2827274799347,True,15.0,146.0
DRoC latest,ORTEC-SYNTH-800-s456_dyn5e,800,1,0.4012,180.6219053268433,True,28.0,293.0
DRoC latest,ORTEC-SYNTH-800-s456_dyn5e,800,2,0.6012,183.2620027065277,True,43.0,438.0
DRoC latest,ORTEC-SYNTH-800-s456_dyn5e,800,3,0.8013,172.62277841567993,True,55.0,586.0
DRoC latest,ORTEC-SYNTH-800-s456_dyn5e,800,4,1.0012,181.0740044116974,True,67.0,734.0
DRoC latest,ORTEC-SYNTH-800-s457_dyn5e,800,0,0.2013,184.23483061790463,True,15.0,146.0
DRoC latest,ORTEC-SYNTH-800-s457_dyn5e,800,1,0.4012,178.78842854499817,True,29.0,292.0
DRoC latest,ORTEC-SYNTH-800-s457_dyn5e,800,2,0.6012,181.75067615509036,True,42.0,439.0
DRoC latest,ORTEC-SYNTH-800-s457_dyn5e,800,3,0.8013,175.3438482284546,True,52.0,589.0
DRoC latest,ORTEC-SYNTH-800-s457_dyn5e,800,4,1.0012,182.24828600883484,True,66.0,735.0
DRoC latest,ORTEC-SYNTH-800-s458_dyn5e,800,0,0.2013,113.47799801826477,True,15.0,146.0
DRoC latest,ORTEC-SYNTH-800-s458_dyn5e,800,1,0.4012,187.61126017570496,True,28.0,293.0
DRoC latest,ORTEC-SYNTH-800-s458_dyn5e,800,2,0.6012,177.4686439037323,True,42.0,439.0
DRoC latest,ORTEC-SYNTH-800-s458_dyn5e,800,3,0.8013,191.93413925170898,True,52.0,589.0
DRoC latest,ORTEC-SYNTH-800-s458_dyn5e,800,4,0.8013,571.6671924591064,False,0.0,801.0
DRoC latest,ORTEC-SYNTH-800-s459_dyn5e,800,0,0.2013,110.25100374221802,True,16.0,145.0
DRoC latest,ORTEC-SYNTH-800-s459_dyn5e,800,1,0.4012,171.5387408733368,True,30.0,291.0
DRoC latest,ORTEC-SYNTH-800-s459_dyn5e,800,2,0.6012,176.80064010620117,True,43.0,438.0
DRoC latest,ORTEC-SYNTH-800-s459_dyn5e,800,3,0.8013,170.57893466949463,True,57.0,584.0
DRoC latest,ORTEC-SYNTH-800-s459_dyn5e,800,4,1.0012,182.01780939102173,True,72.0,729.0
DRoC latest,ORTEC-SYNTH-800-s48_dyn5e,800,0,0.2013,116.200341463089,True,17.0,144.0
DRoC latest,ORTEC-SYNTH-800-s48_dyn5e,800,1,0.4012,183.15604853630063,True,31.0,290.0
DRoC latest,ORTEC-SYNTH-800-s48_dyn5e,800,2,0.6012,180.8493134975433,True,42.0,439.0
DRoC latest,ORTEC-SYNTH-800-s48_dyn5e,800,3,0.8013,174.0605432987213,True,57.0,584.0
DRoC latest,ORTEC-SYNTH-800-s48_dyn5e,800,4,1.0012,179.92048335075378,True,69.0,732.0
DRoC latest,ORTEC-SYNTH-800-s49_dyn5e,800,0,0.1812,120.91938829421997,True,12.0,149.0
DRoC latest,ORTEC-SYNTH-800-s49_dyn5e,800,1,0.1812,378.51669120788574,False,0.0,321.0
DRoC latest,ORTEC-SYNTH-800-s49_dyn5e,800,2,0.1812,678.7877390384674,False,0.0,481.0
DRoC latest,ORTEC-SYNTH-800-s49_dyn5e,800,3,0.1812,491.05822825431824,False,0.0,641.0
DRoC latest,ORTEC-SYNTH-800-s49_dyn5e,800,4,0.1812,398.47397470474243,False,0.0,801.0
DRoC latest,ORTEC-SYNTH-800-s50_dyn5e,800,0,0.2013,118.76194620132446,True,17.0,144.0
DRoC latest,ORTEC-SYNTH-800-s50_dyn5e,800,1,0.4012,187.75227618217468,True,29.0,292.0
DRoC latest,ORTEC-SYNTH-800-s50_dyn5e,800,2,0.6012,163.89440631866455,True,43.0,438.0
DRoC latest,ORTEC-SYNTH-800-s50_dyn5e,800,3,0.8013,179.12146544456482,True,57.0,584.0
DRoC latest,ORTEC-SYNTH-800-s50_dyn5e,800,4,1.0012,210.5593774318695,True,69.0,732.0
DRoC latest,ORTEC-SYNTH-300-s71_dyn5e,300,0,0.2033,99.95301103591919,True,7.0,54.0
DRoC latest,ORTEC-SYNTH-300-s71_dyn5e,300,1,0.4033,179.04949688911438,True,12.0,109.0
DRoC latest,ORTEC-SYNTH-300-s71_dyn5e,300,2,0.6033,183.72052359580994,True,17.0,164.0
DRoC latest,ORTEC-SYNTH-300-s71_dyn5e,300,3,0.6033,537.9482157230377,False,0.0,241.0
DRoC latest,ORTEC-SYNTH-300-s71_dyn5e,300,4,0.6033,370.84781789779663,False,0.0,301.0
DRoC latest,ORTEC-SYNTH-300-s88_dyn5e,300,0,0.2033,192.91340589523315,True,7.0,54.0
DRoC latest,ORTEC-SYNTH-300-s88_dyn5e,300,1,0.4033,132.76431941986084,True,12.0,109.0
DRoC latest,ORTEC-SYNTH-300-s88_dyn5e,300,2,0.6033,158.29145979881287,True,17.0,164.0
DRoC latest,ORTEC-SYNTH-300-s88_dyn5e,300,3,0.6033,553.4407784938812,False,0.0,241.0
DRoC latest,ORTEC-SYNTH-300-s88_dyn5e,300,4,0.6033,470.52120089530945,False,0.0,301.0
DRoC latest,ORTEC-SYNTH-300-s77_dyn5e,300,0,0.2033,94.61842322349548,True,7.0,54.0
DRoC latest,ORTEC-SYNTH-300-s77_dyn5e,300,1,0.2033,389.2624742984772,False,0.0,121.0
DRoC latest,ORTEC-SYNTH-300-s77_dyn5e,300,2,0.2033,359.0273973941803,False,0.0,181.0
DRoC latest,ORTEC-SYNTH-300-s77_dyn5e,300,3,0.2033,601.5106585025787,False,0.0,241.0
DRoC latest,ORTEC-SYNTH-300-s77_dyn5e,300,4,0.2033,381.2363648414612,False,0.0,301.0
DRoC latest,ORTEC-SYNTH-500-s206_dyn5e,500,0,0.202,104.5045006275177,True,11.0,90.0
DRoC latest,ORTEC-SYNTH-500-s206_dyn5e,500,1,0.402,161.8065550327301,True,19.0,182.0
DRoC latest,ORTEC-SYNTH-500-s206_dyn5e,500,2,0.602,176.29846954345703,True,28.0,273.0
DRoC latest,ORTEC-SYNTH-500-s206_dyn5e,500,3,0.602,730.4449112415314,False,0.0,401.0
DRoC latest,ORTEC-SYNTH-500-s206_dyn5e,500,4,0.602,467.91163897514343,False,0.0,501.0
DRoC latest,ORTEC-SYNTH-500-s209_dyn5e,500,0,0.0,345.44421458244324,False,0.0,101.0
DRoC latest,ORTEC-SYNTH-500-s209_dyn5e,500,1,0.0,718.8454232215881,False,0.0,201.0
DRoC latest,ORTEC-SYNTH-500-s209_dyn5e,500,2,0.0,298.19024634361267,False,0.0,301.0
DRoC latest,ORTEC-SYNTH-500-s209_dyn5e,500,3,0.0,446.09435868263245,False,0.0,401.0
DRoC latest,ORTEC-SYNTH-500-s209_dyn5e,500,4,0.0,405.9237747192383,False,0.0,501.0
DRoC latest,ORTEC-SYNTH-800-s410_dyn5e,800,0,0.2013,132.789559841156,True,19.0,142.0
DRoC latest,ORTEC-SYNTH-800-s410_dyn5e,800,1,0.2013,564.583315372467,False,0.0,321.0
DRoC latest,ORTEC-SYNTH-800-s410_dyn5e,800,2,0.2013,476.8596901893616,False,0.0,481.0
DRoC latest,ORTEC-SYNTH-800-s410_dyn5e,800,3,0.2013,897.6157970428467,False,0.0,641.0
DRoC latest,ORTEC-SYNTH-800-s410_dyn5e,800,4,1.0,218.80473732948303,True,79.0,722.0
DRoC latest,ORTEC-SYNTH-800-s417_dyn5e,800,0,0.0,307.64001393318176,False,0.0,161.0
DRoC latest,ORTEC-SYNTH-800-s417_dyn5e,800,1,0.0,434.7570369243622,False,0.0,321.0
DRoC latest,ORTEC-SYNTH-800-s417_dyn5e,800,2,0.0,418.81610798835754,False,0.0,481.0
DRoC latest,ORTEC-SYNTH-800-s417_dyn5e,800,3,0.0,685.7036111354828,False,0.0,641.0
DRoC latest,ORTEC-SYNTH-800-s417_dyn5e,800,4,0.0,365.25258326530457,False,0.0,801.0
DRoC latest,ORTEC-SYNTH-800-s418_dyn5e,800,0,0.2013,140.67907166481018,True,16.0,145.0
DRoC latest,ORTEC-SYNTH-800-s418_dyn5e,800,1,0.2013,476.9998095035553,False,0.0,321.0
DRoC latest,ORTEC-SYNTH-800-s418_dyn5e,800,2,0.2013,386.4939167499542,False,0.0,481.0
DRoC latest,ORTEC-SYNTH-800-s418_dyn5e,800,3,0.2013,546.4966533184052,False,0.0,641.0
DRoC latest,ORTEC-SYNTH-800-s418_dyn5e,800,4,0.2013,562.7480752468109,False,0.0,801.0
DRoC latest,ORTEC-SYNTH-800-s436_dyn5e,800,0,0.0,270.20835995674133,False,0.0,161.0
DRoC latest,ORTEC-SYNTH-800-s436_dyn5e,800,1,0.0,551.6269009113312,False,0.0,321.0
DRoC latest,ORTEC-SYNTH-800-s436_dyn5e,800,2,0.0,374.009907245636,False,0.0,481.0
DRoC latest,ORTEC-SYNTH-800-s436_dyn5e,800,3,0.0,407.06575751304626,False,0.0,641.0
DRoC latest,ORTEC-SYNTH-800-s436_dyn5e,800,4,0.0,640.1992690563202,False,0.0,801.0
DRoC latest,ORTEC-SYNTH-800-s437_dyn5e,800,0,0.0,390.50075030326843,False,0.0,161.0
DRoC latest,ORTEC-SYNTH-800-s437_dyn5e,800,1,0.0,339.80755162239075,False,0.0,321.0
DRoC latest,ORTEC-SYNTH-800-s437_dyn5e,800,2,0.0,408.66523337364197,False,0.0,481.0
DRoC latest,ORTEC-SYNTH-800-s437_dyn5e,800,3,0.0,436.21272325515747,False,0.0,641.0
DRoC latest,ORTEC-SYNTH-800-s437_dyn5e,800,4,0.0,577.9018046855927,False,0.0,801.0
DRoC latest,ORTEC-SYNTH-800-s443_dyn5e,800,0,0.0,325.59763073921204,False,0.0,161.0
DRoC latest,ORTEC-SYNTH-800-s443_dyn5e,800,1,0.0,398.68991923332214,False,0.0,321.0
DRoC latest,ORTEC-SYNTH-800-s443_dyn5e,800,2,0.0,618.6777503490448,False,0.0,481.0
DRoC latest,ORTEC-SYNTH-800-s443_dyn5e,800,3,0.0,365.8059084415436,False,0.0,641.0
DRoC latest,ORTEC-SYNTH-800-s443_dyn5e,800,4,1.0,166.34437131881714,True,68.0,733.0
DRoC latest,ORTEC-SYNTH-800-s451_dyn5e,800,0,0.0,331.6210992336273,False,0.0,161.0
DRoC latest,ORTEC-SYNTH-800-s451_dyn5e,800,1,0.0,350.7116322517395,False,0.0,321.0
DRoC latest,ORTEC-SYNTH-800-s451_dyn5e,800,2,0.0,202.6231667995453,False,0.0,481.0
DRoC latest,ORTEC-SYNTH-800-s451_dyn5e,800,3,0.0,467.65607619285583,False,0.0,641.0
DRoC latest,ORTEC-SYNTH-800-s451_dyn5e,800,4,0.0,709.5576891899109,False,0.0,801.0
