setting,scale,rule,metric,value,unit
static,300,latest,vehicle_reduction_pct,3.4482758620689653,ORTEC-SYNTH-300-s100
static,300,latest,distance_reduction_pct,20.851042080028503,ORTEC-SYNTH-300-s100
static,300,retry,vehicle_reduction_pct,10.344827586206897,ORTEC-SYNTH-300-s100
static,300,retry,distance_reduction_pct,18.768940698089615,ORTEC-SYNTH-300-s100
static,300,latest,vehicle_reduction_pct,-3.4482758620689653,ORTEC-SYNTH-300-s101
static,300,latest,distance_reduction_pct,15.805454582986938,ORTEC-SYNTH-300-s101
static,300,retry,vehicle_reduction_pct,3.4482758620689653,ORTEC-SYNTH-300-s101
static,300,retry,distance_reduction_pct,-2.235116685088821,ORTEC-SYNTH-300-s101
static,300,latest,vehicle_reduction_pct,-3.571428571428571,ORTEC-SYNTH-300-s102
static,300,latest,distance_reduction_pct,-0.5049330393035126,ORTEC-SYNTH-300-s102
static,300,retry,vehicle_reduction_pct,10.714285714285714,ORTEC-SYNTH-300-s102
static,300,retry,distance_reduction_pct,9.567167436197831,ORTEC-SYNTH-300-s102
static,300,latest,vehicle_reduction_pct,6.666666666666667,ORTEC-SYNTH-300-s104
static,300,latest,distance_reduction_pct,3.31329090040001,ORTEC-SYNTH-300-s104
static,300,retry,vehicle_reduction_pct,16.666666666666664,ORTEC-SYNTH-300-s104
static,300,retry,distance_reduction_pct,9.273189262622958,ORTEC-SYNTH-300-s104
static,300,latest,vehicle_reduction_pct,3.3333333333333335,ORTEC-SYNTH-300-s103
static,300,latest,distance_reduction_pct,1.5947873515182205,ORTEC-SYNTH-300-s103
static,300,retry,vehicle_reduction_pct,16.666666666666664,ORTEC-SYNTH-300-s103
static,300,retry,distance_reduction_pct,1.871160216949649,ORTEC-SYNTH-300-s103
static,300,latest,vehicle_reduction_pct,3.4482758620689653,ORTEC-SYNTH-300-s107
static,300,latest,distance_reduction_pct,18.73192748406159,ORTEC-SYNTH-300-s107
static,300,retry,vehicle_reduction_pct,10.344827586206897,ORTEC-SYNTH-300-s107
static,300,retry,distance_reduction_pct,23.0784883898393,ORTEC-SYNTH-300-s107
static,300,latest,vehicle_reduction_pct,3.3333333333333335,ORTEC-SYNTH-300-s108
static,300,latest,distance_reduction_pct,1.0091505415373914,ORTEC-SYNTH-300-s108
static,300,retry,vehicle_reduction_pct,10.0,ORTEC-SYNTH-300-s108
static,300,retry,distance_reduction_pct,7.1821876383437315,ORTEC-SYNTH-300-s108
static,300,latest,vehicle_reduction_pct,0.0,ORTEC-SYNTH-300-s105
static,300,latest,distance_reduction_pct,2.349075999176475,ORTEC-SYNTH-300-s105
static,300,retry,vehicle_reduction_pct,9.67741935483871,ORTEC-SYNTH-300-s105
static,300,retry,distance_reduction_pct,7.70604797902911,ORTEC-SYNTH-300-s105
static,300,latest,vehicle_reduction_pct,0.0,ORTEC-SYNTH-300-s109
static,300,latest,distance_reduction_pct,-0.22723089449320052,ORTEC-SYNTH-300-s109
static,300,retry,vehicle_reduction_pct,10.344827586206897,ORTEC-SYNTH-300-s109
static,300,retry,distance_reduction_pct,6.820267502313906,ORTEC-SYNTH-300-s109
static,300,latest,vehicle_reduction_pct,3.3333333333333335,ORTEC-SYNTH-300-s110
static,300,latest,distance_reduction_pct,2.405305101861717,ORTEC-SYNTH-300-s110
static,300,retry,vehicle_reduction_pct,3.3333333333333335,ORTEC-SYNTH-300-s110
static,300,retry,distance_reduction_pct,2.405305101861717,ORTEC-SYNTH-300-s110
static,300,latest,vehicle_reduction_pct,3.4482758620689653,ORTEC-SYNTH-300-s111
static,300,latest,distance_reduction_pct,3.8215135683249177,ORTEC-SYNTH-300-s111
static,300,retry,vehicle_reduction_pct,3.4482758620689653,ORTEC-SYNTH-300-s111
static,300,retry,distance_reduction_pct,4.948334797944548,ORTEC-SYNTH-300-s111
static,300,latest,vehicle_reduction_pct,3.7037037037037033,ORTEC-SYNTH-300-s44
static,300,latest,distance_reduction_pct,-1.6110240193674483,ORTEC-SYNTH-300-s44
static,300,retry,vehicle_reduction_pct,7.4074074074074066,ORTEC-SYNTH-300-s44
static,300,retry,distance_reduction_pct,-0.15251291965858343,ORTEC-SYNTH-300-s44
static,300,latest,vehicle_reduction_pct,3.7037037037037033,ORTEC-SYNTH-300-s45
static,300,latest,distance_reduction_pct,-1.9098586747869746,ORTEC-SYNTH-300-s45
static,300,retry,vehicle_reduction_pct,7.4074074074074066,ORTEC-SYNTH-300-s45
static,300,retry,distance_reduction_pct,3.131962603673884,ORTEC-SYNTH-300-s45
static,300,latest,vehicle_reduction_pct,0.0,ORTEC-SYNTH-300-s43
static,300,latest,distance_reduction_pct,-0.1203436941106465,ORTEC-SYNTH-300-s43
static,300,retry,vehicle_reduction_pct,7.4074074074074066,ORTEC-SYNTH-300-s43
static,300,retry,distance_reduction_pct,4.668026376773259,ORTEC-SYNTH-300-s43
static,300,latest,vehicle_reduction_pct,3.571428571428571,ORTEC-SYNTH-300-s42
static,300,latest,distance_reduction_pct,0.4206987166042997,ORTEC-SYNTH-300-s42
static,300,retry,vehicle_reduction_pct,7.142857142857142,ORTEC-SYNTH-300-s42
static,300,retry,distance_reduction_pct,21.742459731769447,ORTEC-SYNTH-300-s42
static,300,latest,vehicle_reduction_pct,3.7037037037037033,ORTEC-SYNTH-300-s47
static,300,latest,distance_reduction_pct,16.94096453157079,ORTEC-SYNTH-300-s47
static,300,retry,vehicle_reduction_pct,7.4074074074074066,ORTEC-SYNTH-300-s47
static,300,retry,distance_reduction_pct,0.7073982136479802,ORTEC-SYNTH-300-s47
static,300,latest,vehicle_reduction_pct,0.0,ORTEC-SYNTH-300-s46
static,300,latest,distance_reduction_pct,0.47477576084947903,ORTEC-SYNTH-300-s46
static,300,retry,vehicle_reduction_pct,3.571428571428571,ORTEC-SYNTH-300-s46
static,300,retry,distance_reduction_pct,-0.5252384539936602,ORTEC-SYNTH-300-s46
static,300,latest,vehicle_reduction_pct,0.0,ORTEC-SYNTH-300-s48
static,300,latest,distance_reduction_pct,0.40732651604989756,ORTEC-SYNTH-300-s48
static,300,retry,vehicle_reduction_pct,0.0,ORTEC-SYNTH-300-s48
static,300,retry,distance_reduction_pct,0.40732651604989756,ORTEC-SYNTH-300-s48
static,300,latest,vehicle_reduction_pct,3.7037037037037033,ORTEC-SYNTH-300-s51
static,300,latest,distance_reduction_pct,-1.4222008800824397,ORTEC-SYNTH-300-s51
static,300,retry,vehicle_reduction_pct,7.4074074074074066,ORTEC-SYNTH-300-s51
static,300,retry,distance_reduction_pct,2.943109156620424,ORTEC-SYNTH-300-s51
static,300,latest,vehicle_reduction_pct,0.0,ORTEC-SYNTH-300-s50
static,300,latest,distance_reduction_pct,0.37999130381431007,ORTEC-SYNTH-300-s50
static,300,retry,vehicle_reduction_pct,6.896551724137931,ORTEC-SYNTH-300-s50
static,300,retry,distance_reduction_pct,-4.188840606385569,ORTEC-SYNTH-300-s50
static,300,latest,vehicle_reduction_pct,3.7037037037037033,ORTEC-SYNTH-300-s53
static,300,latest,distance_reduction_pct,0.7261334073354423,ORTEC-SYNTH-300-s53
static,300,retry,vehicle_reduction_pct,7.4074074074074066,ORTEC-SYNTH-300-s53
static,300,retry,distance_reduction_pct,18.7656098180676,ORTEC-SYNTH-300-s53
static,300,latest,vehicle_reduction_pct,3.225806451612903,ORTEC-SYNTH-300-s54
static,300,latest,distance_reduction_pct,1.619755630360574,ORTEC-SYNTH-300-s54
static,300,retry,vehicle_reduction_pct,22.58064516129032,ORTEC-SYNTH-300-s54
static,300,retry,distance_reduction_pct,9.432241752450654,ORTEC-SYNTH-300-s54
static,300,latest,vehicle_reduction_pct,-3.571428571428571,ORTEC-SYNTH-300-s49
static,300,latest,distance_reduction_pct,-3.9353612762453944,ORTEC-SYNTH-300-s49
static,300,retry,vehicle_reduction_pct,7.142857142857142,ORTEC-SYNTH-300-s49
static,300,retry,distance_reduction_pct,7.8716617048119035,ORTEC-SYNTH-300-s49
static,300,latest,vehicle_reduction_pct,0.0,ORTEC-SYNTH-300-s55
static,300,latest,distance_reduction_pct,0.9687760459219428,ORTEC-SYNTH-300-s55
static,300,retry,vehicle_reduction_pct,10.344827586206897,ORTEC-SYNTH-300-s55
static,300,retry,distance_reduction_pct,7.64417317826961,ORTEC-SYNTH-300-s55
static,300,latest,vehicle_reduction_pct,0.0,ORTEC-SYNTH-300-s57
static,300,latest,distance_reduction_pct,21.917529887041535,ORTEC-SYNTH-300-s57
static,300,retry,vehicle_reduction_pct,3.571428571428571,ORTEC-SYNTH-300-s57
static,300,retry,distance_reduction_pct,2.020902776887968,ORTEC-SYNTH-300-s57
static,300,latest,vehicle_reduction_pct,3.225806451612903,ORTEC-SYNTH-300-s56
static,300,latest,distance_reduction_pct,0.3864949393338778,ORTEC-SYNTH-300-s56
static,300,retry,vehicle_reduction_pct,12.903225806451612,ORTEC-SYNTH-300-s56
static,300,retry,distance_reduction_pct,5.064110701234114,ORTEC-SYNTH-300-s56
static,300,latest,vehicle_reduction_pct,3.571428571428571,ORTEC-SYNTH-300-s60
static,300,latest,distance_reduction_pct,1.4149687869313243,ORTEC-SYNTH-300-s60
static,300,retry,vehicle_reduction_pct,3.571428571428571,ORTEC-SYNTH-300-s60
static,300,retry,distance_reduction_pct,1.4149687869313243,ORTEC-SYNTH-300-s60
static,300,latest,vehicle_reduction_pct,10.344827586206897,ORTEC-SYNTH-300-s61
static,300,latest,distance_reduction_pct,3.372298630682603,ORTEC-SYNTH-300-s61
static,300,retry,vehicle_reduction_pct,13.793103448275861,ORTEC-SYNTH-300-s61
static,300,retry,distance_reduction_pct,4.213411947882653,ORTEC-SYNTH-300-s61
static,300,latest,vehicle_reduction_pct,6.451612903225806,ORTEC-SYNTH-300-s58
static,300,latest,distance_reduction_pct,7.017357106951713,ORTEC-SYNTH-300-s58
static,300,retry,vehicle_reduction_pct,19.35483870967742,ORTEC-SYNTH-300-s58
static,300,retry,distance_reduction_pct,26.279901830332065,ORTEC-SYNTH-300-s58
static,300,latest,vehicle_reduction_pct,3.225806451612903,ORTEC-SYNTH-300-s62
static,300,latest,distance_reduction_pct,25.360121536317997,ORTEC-SYNTH-300-s62
static,300,retry,vehicle_reduction_pct,9.67741935483871,ORTEC-SYNTH-300-s62
static,300,retry,distance_reduction_pct,5.3313641805462755,ORTEC-SYNTH-300-s62
static,300,latest,vehicle_reduction_pct,0.0,ORTEC-SYNTH-300-s63
static,300,latest,distance_reduction_pct,1.7377885769846204,ORTEC-SYNTH-300-s63
static,300,retry,vehicle_reduction_pct,3.571428571428571,ORTEC-SYNTH-300-s63
static,300,retry,distance_reduction_pct,3.729975854005206,ORTEC-SYNTH-300-s63
static,300,latest,vehicle_reduction_pct,3.4482758620689653,ORTEC-SYNTH-300-s65
static,300,latest,distance_reduction_pct,16.168260891373365,ORTEC-SYNTH-300-s65
static,300,retry,vehicle_reduction_pct,3.4482758620689653,ORTEC-SYNTH-300-s65
static,300,retry,distance_reduction_pct,16.168260891373365,ORTEC-SYNTH-300-s65
static,300,latest,vehicle_reduction_pct,0.0,ORTEC-SYNTH-300-s66
static,300,latest,distance_reduction_pct,-2.4668765097723444,ORTEC-SYNTH-300-s66
static,300,retry,vehicle_reduction_pct,10.714285714285714,ORTEC-SYNTH-300-s66
static,300,retry,distance_reduction_pct,-0.11468169728911988,ORTEC-SYNTH-300-s66
static,300,latest,vehicle_reduction_pct,-3.571428571428571,ORTEC-SYNTH-300-s64
static,300,latest,distance_reduction_pct,-0.759366785160701,ORTEC-SYNTH-300-s64
static,300,retry,vehicle_reduction_pct,-3.571428571428571,ORTEC-SYNTH-300-s64
static,300,retry,distance_reduction_pct,-0.759366785160701,ORTEC-SYNTH-300-s64
static,300,latest,vehicle_reduction_pct,0.0,ORTEC-SYNTH-300-s67
static,300,latest,distance_reduction_pct,25.87294097959051,ORTEC-SYNTH-300-s67
static,300,retry,vehicle_reduction_pct,9.67741935483871,ORTEC-SYNTH-300-s67
static,300,retry,distance_reduction_pct,28.68183181054339,ORTEC-SYNTH-300-s67
static,300,latest,vehicle_reduction_pct,0.0,ORTEC-SYNTH-300-s69
static,300,latest,distance_reduction_pct,-0.9167649995461559,ORTEC-SYNTH-300-s69
static,300,retry,vehicle_reduction_pct,9.67741935483871,ORTEC-SYNTH-300-s69
static,300,retry,distance_reduction_pct,4.4450365564069605,ORTEC-SYNTH-300-s69
static,300,latest,vehicle_reduction_pct,-3.4482758620689653,ORTEC-SYNTH-300-s72
static,300,latest,distance_reduction_pct,-6.065593264992499,ORTEC-SYNTH-300-s72
static,300,retry,vehicle_reduction_pct,6.896551724137931,ORTEC-SYNTH-300-s72
static,300,retry,distance_reduction_pct,19.588168009897007,ORTEC-SYNTH-300-s72
static,300,latest,vehicle_reduction_pct,-6.451612903225806,ORTEC-SYNTH-300-s70
static,300,latest,distance_reduction_pct,20.45044445490496,ORTEC-SYNTH-300-s70
static,300,retry,vehicle_reduction_pct,6.451612903225806,ORTEC-SYNTH-300-s70
static,300,retry,distance_reduction_pct,6.673938532176109,ORTEC-SYNTH-300-s70
static,300,latest,vehicle_reduction_pct,10.344827586206897,ORTEC-SYNTH-300-s73
static,300,latest,distance_reduction_pct,1.9367440724818403,ORTEC-SYNTH-300-s73
static,300,retry,vehicle_reduction_pct,17.24137931034483,ORTEC-SYNTH-300-s73
static,300,retry,distance_reduction_pct,2.841023047341664,ORTEC-SYNTH-300-s73
static,300,latest,vehicle_reduction_pct,3.571428571428571,ORTEC-SYNTH-300-s75
static,300,latest,distance_reduction_pct,-2.235647654951796,ORTEC-SYNTH-300-s75
static,300,retry,vehicle_reduction_pct,3.571428571428571,ORTEC-SYNTH-300-s75
static,300,retry,distance_reduction_pct,-2.235647654951796,ORTEC-SYNTH-300-s75
static,300,latest,vehicle_reduction_pct,-3.4482758620689653,ORTEC-SYNTH-300-s76
static,300,latest,distance_reduction_pct,-3.4555970185483065,ORTEC-SYNTH-300-s76
static,300,retry,vehicle_reduction_pct,6.896551724137931,ORTEC-SYNTH-300-s76
static,300,retry,distance_reduction_pct,4.165682235247284,ORTEC-SYNTH-300-s76
static,300,latest,vehicle_reduction_pct,3.4482758620689653,ORTEC-SYNTH-300-s74
static,300,latest,distance_reduction_pct,3.9455111661256237,ORTEC-SYNTH-300-s74
static,300,retry,vehicle_reduction_pct,3.4482758620689653,ORTEC-SYNTH-300-s74
static,300,retry,distance_reduction_pct,3.9455111661256237,ORTEC-SYNTH-300-s74
static,300,latest,vehicle_reduction_pct,0.0,ORTEC-SYNTH-300-s79
static,300,latest,distance_reduction_pct,0.9322951032479367,ORTEC-SYNTH-300-s79
static,300,retry,vehicle_reduction_pct,7.142857142857142,ORTEC-SYNTH-300-s79
static,300,retry,distance_reduction_pct,5.15556972506005,ORTEC-SYNTH-300-s79
static,300,latest,vehicle_reduction_pct,-6.896551724137931,ORTEC-SYNTH-300-s78
static,300,latest,distance_reduction_pct,3.0530470250075887,ORTEC-SYNTH-300-s78
static,300,retry,vehicle_reduction_pct,3.4482758620689653,ORTEC-SYNTH-300-s78
static,300,retry,distance_reduction_pct,7.162494875494793,ORTEC-SYNTH-300-s78
static,300,latest,vehicle_reduction_pct,3.4482758620689653,ORTEC-SYNTH-300-s81
static,300,latest,distance_reduction_pct,2.8205496161297265,ORTEC-SYNTH-300-s81
static,300,retry,vehicle_reduction_pct,6.896551724137931,ORTEC-SYNTH-300-s81
static,300,retry,distance_reduction_pct,20.561096362201333,ORTEC-SYNTH-300-s81
static,300,latest,vehicle_reduction_pct,-3.7037037037037033,ORTEC-SYNTH-300-s80
static,300,latest,distance_reduction_pct,-3.0293666801703845,ORTEC-SYNTH-300-s80
static,300,retry,vehicle_reduction_pct,7.4074074074074066,ORTEC-SYNTH-300-s80
static,300,retry,distance_reduction_pct,1.505890494542388,ORTEC-SYNTH-300-s80
static,300,latest,vehicle_reduction_pct,-3.7037037037037033,ORTEC-SYNTH-300-s82
static,300,latest,distance_reduction_pct,-4.597980712914846,ORTEC-SYNTH-300-s82
static,300,retry,vehicle_reduction_pct,7.4074074074074066,ORTEC-SYNTH-300-s82
static,300,retry,distance_reduction_pct,6.622299940872329,ORTEC-SYNTH-300-s82
static,300,latest,vehicle_reduction_pct,3.571428571428571,ORTEC-SYNTH-300-s83
static,300,latest,distance_reduction_pct,5.357032352976831,ORTEC-SYNTH-300-s83
static,300,retry,vehicle_reduction_pct,3.571428571428571,ORTEC-SYNTH-300-s83
static,300,retry,distance_reduction_pct,5.357032352976831,ORTEC-SYNTH-300-s83
static,300,latest,vehicle_reduction_pct,3.3333333333333335,ORTEC-SYNTH-300-s85
static,300,latest,distance_reduction_pct,26.59959437998807,ORTEC-SYNTH-300-s85
static,300,retry,vehicle_reduction_pct,3.3333333333333335,ORTEC-SYNTH-300-s85
static,300,retry,distance_reduction_pct,26.59959437998807,ORTEC-SYNTH-300-s85
static,300,latest,vehicle_reduction_pct,6.666666666666667,ORTEC-SYNTH-300-s86
static,300,latest,distance_reduction_pct,8.093094682137407,ORTEC-SYNTH-300-s86
static,300,retry,vehicle_reduction_pct,6.666666666666667,ORTEC-SYNTH-300-s86
static,300,retry,distance_reduction_pct,8.093094682137407,ORTEC-SYNTH-300-s86
static,300,latest,vehicle_reduction_pct,6.896551724137931,ORTEC-SYNTH-300-s87
static,300,latest,distance_reduction_pct,-2.5319687763801104,ORTEC-SYNTH-300-s87
static,300,retry,vehicle_reduction_pct,6.896551724137931,ORTEC-SYNTH-300-s87
static,300,retry,distance_reduction_pct,-2.5319687763801104,ORTEC-SYNTH-300-s87
static,300,latest,vehicle_reduction_pct,0.0,ORTEC-SYNTH-300-s89
static,300,latest,distance_reduction_pct,-2.859744347264102,ORTEC-SYNTH-300-s89
static,300,retry,vehicle_reduction_pct,11.76470588235294,ORTEC-SYNTH-300-s89
static,300,retry,distance_reduction_pct,5.179781915239565,ORTEC-SYNTH-300-s89
static,300,latest,vehicle_reduction_pct,0.0,ORTEC-SYNTH-300-s90
static,300,latest,distance_reduction_pct,2.033061804170331,ORTEC-SYNTH-300-s90
static,300,retry,vehicle_reduction_pct,0.0,ORTEC-SYNTH-300-s90
static,300,retry,distance_reduction_pct,2.033061804170331,ORTEC-SYNTH-300-s90
static,300,latest,vehicle_reduction_pct,0.0,ORTEC-SYNTH-300-s84
static,300,latest,distance_reduction_pct,-1.3388064620334263,ORTEC-SYNTH-300-s84
static,300,retry,vehicle_reduction_pct,10.0,ORTEC-SYNTH-300-s84
static,300,retry,distance_reduction_pct,5.359032674534839,ORTEC-SYNTH-300-s84
static,300,latest,vehicle_reduction_pct,0.0,ORTEC-SYNTH-300-s92
static,300,latest,distance_reduction_pct,21.800366865839703,ORTEC-SYNTH-300-s92
static,300,retry,vehicle_reduction_pct,7.4074074074074066,ORTEC-SYNTH-300-s92
static,300,retry,distance_reduction_pct,2.446831695755612,ORTEC-SYNTH-300-s92
static,300,latest,vehicle_reduction_pct,3.7037037037037033,ORTEC-SYNTH-300-s94
static,300,latest,distance_reduction_pct,2.233937985881512,ORTEC-SYNTH-300-s94
static,300,retry,vehicle_reduction_pct,7.4074074074074066,ORTEC-SYNTH-300-s94
static,300,retry,distance_reduction_pct,1.3053644297500968,ORTEC-SYNTH-300-s94
static,300,latest,vehicle_reduction_pct,0.0,ORTEC-SYNTH-300-s93
static,300,latest,distance_reduction_pct,0.03565737409699484,ORTEC-SYNTH-300-s93
static,300,retry,vehicle_reduction_pct,10.714285714285714,ORTEC-SYNTH-300-s93
static,300,retry,distance_reduction_pct,4.787209782835539,ORTEC-SYNTH-300-s93
static,300,latest,vehicle_reduction_pct,3.125,ORTEC-SYNTH-300-s95
static,300,latest,distance_reduction_pct,0.11370967420499264,ORTEC-SYNTH-300-s95
static,300,retry,vehicle_reduction_pct,12.5,ORTEC-SYNTH-300-s95
static,300,retry,distance_reduction_pct,8.619443841826833,ORTEC-SYNTH-300-s95
static,300,latest,vehicle_reduction_pct,-6.666666666666667,ORTEC-SYNTH-300-s96
static,300,latest,distance_reduction_pct,-23.58256346809186,ORTEC-SYNTH-300-s96
static,300,retry,vehicle_reduction_pct,3.3333333333333335,ORTEC-SYNTH-300-s96
static,300,retry,distance_reduction_pct,-0.14417254325334827,ORTEC-SYNTH-300-s96
static,300,latest,vehicle_reduction_pct,3.3333333333333335,ORTEC-SYNTH-300-s98
static,300,latest,distance_reduction_pct,1.09317794414311,ORTEC-SYNTH-300-s98
static,300,retry,vehicle_reduction_pct,3.3333333333333335,ORTEC-SYNTH-300-s98
static,300,retry,distance_reduction_pct,16.816253316429712,ORTEC-SYNTH-300-s98
static,300,latest,vehicle_reduction_pct,0.0,ORTEC-SYNTH-300-s99
static,300,latest,distance_reduction_pct,2.1624874518439916,ORTEC-SYNTH-300-s99
static,300,retry,vehicle_reduction_pct,0.0,ORTEC-SYNTH-300-s99
static,300,retry,distance_reduction_pct,2.1624874518439916,ORTEC-SYNTH-300-s99
static,300,latest,vehicle_reduction_pct,3.4482758620689653,ORTEC-SYNTH-300-s97
static,300,latest,distance_reduction_pct,24.463341933221454,ORTEC-SYNTH-300-s97
static,300,retry,vehicle_reduction_pct,10.344827586206897,ORTEC-SYNTH-300-s97
static,300,retry,distance_reduction_pct,5.202514841069058,ORTEC-SYNTH-300-s97
static,500,latest,vehicle_reduction_pct,-2.2222222222222223,ORTEC-SYNTH-500-s201
static,500,latest,distance_reduction_pct,-2.6512321397057197,ORTEC-SYNTH-500-s201
static,500,retry,vehicle_reduction_pct,6.666666666666667,ORTEC-SYNTH-500-s201
static,500,retry,distance_reduction_pct,1.6044782889083558,ORTEC-SYNTH-500-s201
static,500,latest,vehicle_reduction_pct,2.127659574468085,ORTEC-SYNTH-500-s200
static,500,latest,distance_reduction_pct,23.87845434690664,ORTEC-SYNTH-500-s200
static,500,retry,vehicle_reduction_pct,2.127659574468085,ORTEC-SYNTH-500-s200
static,500,retry,distance_reduction_pct,23.87845434690664,ORTEC-SYNTH-500-s200
static,500,latest,vehicle_reduction_pct,6.521739130434782,ORTEC-SYNTH-500-s203
static,500,latest,distance_reduction_pct,22.62673400380547,ORTEC-SYNTH-500-s203
static,500,retry,vehicle_reduction_pct,10.869565217391305,ORTEC-SYNTH-500-s203
static,500,retry,distance_reduction_pct,5.940856244911065,ORTEC-SYNTH-500-s203
static,500,latest,vehicle_reduction_pct,2.2222222222222223,ORTEC-SYNTH-500-s204
static,500,latest,distance_reduction_pct,0.04152231175470964,ORTEC-SYNTH-500-s204
static,500,retry,vehicle_reduction_pct,4.444444444444445,ORTEC-SYNTH-500-s204
static,500,retry,distance_reduction_pct,3.0379873542316638,ORTEC-SYNTH-500-s204
static,500,latest,vehicle_reduction_pct,0.0,ORTEC-SYNTH-500-s205
static,500,latest,distance_reduction_pct,1.700394870140236,ORTEC-SYNTH-500-s205
static,500,retry,vehicle_reduction_pct,0.0,ORTEC-SYNTH-500-s205
static,500,retry,distance_reduction_pct,1.700394870140236,ORTEC-SYNTH-500-s205
static,500,latest,vehicle_reduction_pct,4.3478260869565215,ORTEC-SYNTH-500-s207
static,500,latest,distance_reduction_pct,2.572001766671867,ORTEC-SYNTH-500-s207
static,500,retry,vehicle_reduction_pct,4.3478260869565215,ORTEC-SYNTH-500-s207
static,500,retry,distance_reduction_pct,2.572001766671867,ORTEC-SYNTH-500-s207
static,500,latest,vehicle_reduction_pct,0.0,ORTEC-SYNTH-500-s210
static,500,latest,distance_reduction_pct,22.759618680558937,ORTEC-SYNTH-500-s210
static,500,retry,vehicle_reduction_pct,2.272727272727273,ORTEC-SYNTH-500-s210
static,500,retry,distance_reduction_pct,1.6575355995421852,ORTEC-SYNTH-500-s210
static,500,latest,vehicle_reduction_pct,-6.666666666666667,ORTEC-SYNTH-500-s211
static,500,latest,distance_reduction_pct,-2.585004329242309,ORTEC-SYNTH-500-s211
static,500,retry,vehicle_reduction_pct,4.444444444444445,ORTEC-SYNTH-500-s211
static,500,retry,distance_reduction_pct,2.7427983397699367,ORTEC-SYNTH-500-s211
static,500,latest,vehicle_reduction_pct,-12.195121951219512,ORTEC-SYNTH-500-s213
static,500,latest,distance_reduction_pct,-23.695819918077614,ORTEC-SYNTH-500-s213
static,500,retry,vehicle_reduction_pct,4.878048780487805,ORTEC-SYNTH-500-s213
static,500,retry,distance_reduction_pct,23.448749394365542,ORTEC-SYNTH-500-s213
static,500,latest,vehicle_reduction_pct,4.444444444444445,ORTEC-SYNTH-500-s212
static,500,latest,distance_reduction_pct,-1.3109449261271682,ORTEC-SYNTH-500-s212
static,500,retry,vehicle_reduction_pct,6.666666666666667,ORTEC-SYNTH-500-s212
static,500,retry,distance_reduction_pct,-0.4628161939390609,ORTEC-SYNTH-500-s212
static,500,latest,vehicle_reduction_pct,-2.380952380952381,ORTEC-SYNTH-500-s214
static,500,latest,distance_reduction_pct,-3.2808523198761397,ORTEC-SYNTH-500-s214
static,500,retry,vehicle_reduction_pct,2.380952380952381,ORTEC-SYNTH-500-s214
static,500,retry,distance_reduction_pct,-3.3293049003937467,ORTEC-SYNTH-500-s214
static,500,latest,vehicle_reduction_pct,2.083333333333333,ORTEC-SYNTH-500-s215
static,500,latest,distance_reduction_pct,-0.07357777979403067,ORTEC-SYNTH-500-s215
static,500,retry,vehicle_reduction_pct,12.5,ORTEC-SYNTH-500-s215
static,500,retry,distance_reduction_pct,36.68341423581183,ORTEC-SYNTH-500-s215
static,500,latest,vehicle_reduction_pct,0.0,ORTEC-SYNTH-500-s216
static,500,latest,distance_reduction_pct,18.217374442305857,ORTEC-SYNTH-500-s216
static,500,retry,vehicle_reduction_pct,9.523809523809524,ORTEC-SYNTH-500-s216
static,500,retry,distance_reduction_pct,-1.9285390239310811,ORTEC-SYNTH-500-s216
static,500,latest,vehicle_reduction_pct,0.0,ORTEC-SYNTH-500-s217
static,500,latest,distance_reduction_pct,1.0084939223495424,ORTEC-SYNTH-500-s217
static,500,retry,vehicle_reduction_pct,4.651162790697675,ORTEC-SYNTH-500-s217
static,500,retry,distance_reduction_pct,4.915494226614522,ORTEC-SYNTH-500-s217
static,500,latest,vehicle_reduction_pct,0.0,ORTEC-SYNTH-500-s219
static,500,latest,distance_reduction_pct,2.3991782865246845,ORTEC-SYNTH-500-s219
static,500,retry,vehicle_reduction_pct,6.25,ORTEC-SYNTH-500-s219
static,500,retry,distance_reduction_pct,4.1426059155229655,ORTEC-SYNTH-500-s219
static,500,latest,vehicle_reduction_pct,2.1739130434782608,ORTEC-SYNTH-500-s220
static,500,latest,distance_reduction_pct,0.594123969602001,ORTEC-SYNTH-500-s220
static,500,retry,vehicle_reduction_pct,13.043478260869565,ORTEC-SYNTH-500-s220
static,500,retry,distance_reduction_pct,-0.425588763821361,ORTEC-SYNTH-500-s220
static,500,latest,vehicle_reduction_pct,4.761904761904762,ORTEC-SYNTH-500-s223
static,500,latest,distance_reduction_pct,-3.228588982984966,ORTEC-SYNTH-500-s223
static,500,retry,vehicle_reduction_pct,4.761904761904762,ORTEC-SYNTH-500-s223
static,500,retry,distance_reduction_pct,-3.228588982984966,ORTEC-SYNTH-500-s223
static,500,latest,vehicle_reduction_pct,2.3255813953488373,ORTEC-SYNTH-500-s221
static,500,latest,distance_reduction_pct,3.165847120527153,ORTEC-SYNTH-500-s221
static,500,retry,vehicle_reduction_pct,9.30232558139535,ORTEC-SYNTH-500-s221
static,500,retry,distance_reduction_pct,7.045798335624615,ORTEC-SYNTH-500-s221
static,500,latest,vehicle_reduction_pct,4.545454545454546,ORTEC-SYNTH-500-s224
static,500,latest,distance_reduction_pct,1.7620264066420692,ORTEC-SYNTH-500-s224
static,500,retry,vehicle_reduction_pct,9.090909090909092,ORTEC-SYNTH-500-s224
static,500,retry,distance_reduction_pct,5.9161495623809355,ORTEC-SYNTH-500-s224
static,500,latest,vehicle_reduction_pct,4.25531914893617,ORTEC-SYNTH-500-s225
static,500,latest,distance_reduction_pct,20.745478948024182,ORTEC-SYNTH-500-s225
static,500,retry,vehicle_reduction_pct,4.25531914893617,ORTEC-SYNTH-500-s225
static,500,retry,distance_reduction_pct,20.745478948024182,ORTEC-SYNTH-500-s225
static,500,latest,vehicle_reduction_pct,0.0,ORTEC-SYNTH-500-s228
static,500,latest,distance_reduction_pct,20.27902525971239,ORTEC-SYNTH-500-s228
static,500,retry,vehicle_reduction_pct,4.444444444444445,ORTEC-SYNTH-500-s228
static,500,retry,distance_reduction_pct,-0.4043278895891215,ORTEC-SYNTH-500-s228
static,500,latest,vehicle_reduction_pct,2.4390243902439024,ORTEC-SYNTH-500-s229
static,500,latest,distance_reduction_pct,-0.1487136271253656,ORTEC-SYNTH-500-s229
static,500,retry,vehicle_reduction_pct,2.4390243902439024,ORTEC-SYNTH-500-s229
static,500,retry,distance_reduction_pct,-0.1487136271253656,ORTEC-SYNTH-500-s229
static,500,latest,vehicle_reduction_pct,0.0,ORTEC-SYNTH-500-s227
static,500,latest,distance_reduction_pct,22.794348243267706,ORTEC-SYNTH-500-s227
static,500,retry,vehicle_reduction_pct,0.0,ORTEC-SYNTH-500-s227
static,500,retry,distance_reduction_pct,22.794348243267706,ORTEC-SYNTH-500-s227
static,500,latest,vehicle_reduction_pct,4.651162790697675,ORTEC-SYNTH-500-s230
static,500,latest,distance_reduction_pct,20.917327807198514,ORTEC-SYNTH-500-s230
static,500,retry,vehicle_reduction_pct,6.976744186046512,ORTEC-SYNTH-500-s230
static,500,retry,distance_reduction_pct,2.8534221814575824,ORTEC-SYNTH-500-s230
static,500,latest,vehicle_reduction_pct,4.545454545454546,ORTEC-SYNTH-500-s232
static,500,latest,distance_reduction_pct,0.9707565078286148,ORTEC-SYNTH-500-s232
static,500,retry,vehicle_reduction_pct,11.363636363636363,ORTEC-SYNTH-500-s232
static,500,retry,distance_reduction_pct,3.194440959008576,ORTEC-SYNTH-500-s232
static,500,latest,vehicle_reduction_pct,2.3255813953488373,ORTEC-SYNTH-500-s231
static,500,latest,distance_reduction_pct,-0.3248851961433806,ORTEC-SYNTH-500-s231
static,500,retry,vehicle_reduction_pct,6.976744186046512,ORTEC-SYNTH-500-s231
static,500,retry,distance_reduction_pct,6.074635831627151,ORTEC-SYNTH-500-s231
static,500,latest,vehicle_reduction_pct,4.3478260869565215,ORTEC-SYNTH-500-s237
static,500,latest,distance_reduction_pct,27.8799560836601,ORTEC-SYNTH-500-s237
static,500,retry,vehicle_reduction_pct,10.869565217391305,ORTEC-SYNTH-500-s237
static,500,retry,distance_reduction_pct,5.751937806647463,ORTEC-SYNTH-500-s237
static,500,latest,vehicle_reduction_pct,2.2222222222222223,ORTEC-SYNTH-500-s239
static,500,latest,distance_reduction_pct,-0.51928857266355,ORTEC-SYNTH-500-s239
static,500,retry,vehicle_reduction_pct,8.88888888888889,ORTEC-SYNTH-500-s239
static,500,retry,distance_reduction_pct,3.817876514093695,ORTEC-SYNTH-500-s239
static,500,latest,vehicle_reduction_pct,0.0,ORTEC-SYNTH-500-s241
static,500,latest,distance_reduction_pct,2.300448743286289,ORTEC-SYNTH-500-s241
static,500,retry,vehicle_reduction_pct,6.666666666666667,ORTEC-SYNTH-500-s241
static,500,retry,distance_reduction_pct,0.8202934269571485,ORTEC-SYNTH-500-s241
static,500,latest,vehicle_reduction_pct,0.0,ORTEC-SYNTH-500-s243
static,500,latest,distance_reduction_pct,0.21512998586620125,ORTEC-SYNTH-500-s243
static,500,retry,vehicle_reduction_pct,0.0,ORTEC-SYNTH-500-s243
static,500,retry,distance_reduction_pct,0.21512998586620125,ORTEC-SYNTH-500-s243
static,500,latest,vehicle_reduction_pct,2.272727272727273,ORTEC-SYNTH-500-s244
static,500,latest,distance_reduction_pct,-0.3488416755966575,ORTEC-SYNTH-500-s244
static,500,retry,vehicle_reduction_pct,2.272727272727273,ORTEC-SYNTH-500-s244
static,500,retry,distance_reduction_pct,23.75071047953539,ORTEC-SYNTH-500-s244
static,500,latest,vehicle_reduction_pct,0.0,ORTEC-SYNTH-500-s245
static,500,latest,distance_reduction_pct,20.213949255331663,ORTEC-SYNTH-500-s245
static,500,retry,vehicle_reduction_pct,4.444444444444445,ORTEC-SYNTH-500-s245
static,500,retry,distance_reduction_pct,0.932614001940911,ORTEC-SYNTH-500-s245
static,500,latest,vehicle_reduction_pct,-2.380952380952381,ORTEC-SYNTH-500-s246
static,500,latest,distance_reduction_pct,-2.0552048402687446,ORTEC-SYNTH-500-s246
static,500,retry,vehicle_reduction_pct,4.761904761904762,ORTEC-SYNTH-500-s246
static,500,retry,distance_reduction_pct,4.501593135792451,ORTEC-SYNTH-500-s246
static,500,latest,vehicle_reduction_pct,0.0,ORTEC-SYNTH-500-s247
static,500,latest,distance_reduction_pct,-1.6953536136439538,ORTEC-SYNTH-500-s247
static,500,retry,vehicle_reduction_pct,4.545454545454546,ORTEC-SYNTH-500-s247
static,500,retry,distance_reduction_pct,2.9300548094682277,ORTEC-SYNTH-500-s247
static,500,latest,vehicle_reduction_pct,2.272727272727273,ORTEC-SYNTH-500-s249
static,500,latest,distance_reduction_pct,2.3097000382363997,ORTEC-SYNTH-500-s249
static,500,retry,vehicle_reduction_pct,2.272727272727273,ORTEC-SYNTH-500-s249
static,500,retry,distance_reduction_pct,2.3097000382363997,ORTEC-SYNTH-500-s249
static,500,latest,vehicle_reduction_pct,4.3478260869565215,ORTEC-SYNTH-500-s248
static,500,latest,distance_reduction_pct,26.261624319139848,ORTEC-SYNTH-500-s248
static,500,retry,vehicle_reduction_pct,10.869565217391305,ORTEC-SYNTH-500-s248
static,500,retry,distance_reduction_pct,5.480302298113557,ORTEC-SYNTH-500-s248
static,500,latest,vehicle_reduction_pct,2.3255813953488373,ORTEC-SYNTH-500-s251
static,500,latest,distance_reduction_pct,18.504475448515766,ORTEC-SYNTH-500-s251
static,500,retry,vehicle_reduction_pct,6.976744186046512,ORTEC-SYNTH-500-s251
static,500,retry,distance_reduction_pct,0.8805111110978406,ORTEC-SYNTH-500-s251
static,500,latest,vehicle_reduction_pct,2.2222222222222223,ORTEC-SYNTH-500-s254
static,500,latest,distance_reduction_pct,-3.7228549114688363,ORTEC-SYNTH-500-s254
static,500,retry,vehicle_reduction_pct,4.444444444444445,ORTEC-SYNTH-500-s254
static,500,retry,distance_reduction_pct,-3.974169182529229,ORTEC-SYNTH-500-s254
static,500,latest,vehicle_reduction_pct,4.444444444444445,ORTEC-SYNTH-500-s256
static,500,latest,distance_reduction_pct,1.0187090482690815,ORTEC-SYNTH-500-s256
static,500,retry,vehicle_reduction_pct,6.666666666666667,ORTEC-SYNTH-500-s256
static,500,retry,distance_reduction_pct,19.606926269253798,ORTEC-SYNTH-500-s256
static,500,latest,vehicle_reduction_pct,0.0,ORTEC-SYNTH-500-s260
static,500,latest,distance_reduction_pct,1.570179676471228,ORTEC-SYNTH-500-s260
static,500,retry,vehicle_reduction_pct,0.0,ORTEC-SYNTH-500-s260
static,500,retry,distance_reduction_pct,4.36435175113693,ORTEC-SYNTH-500-s260
static,500,latest,vehicle_reduction_pct,4.166666666666666,ORTEC-SYNTH-500-s258
static,500,latest,distance_reduction_pct,4.753578885287933,ORTEC-SYNTH-500-s258
static,500,retry,vehicle_reduction_pct,10.416666666666668,ORTEC-SYNTH-500-s258
static,500,retry,distance_reduction_pct,7.651959213318441,ORTEC-SYNTH-500-s258
static,500,latest,vehicle_reduction_pct,2.0408163265306123,ORTEC-SYNTH-500-s261
static,500,latest,distance_reduction_pct,1.1230345758592917,ORTEC-SYNTH-500-s261
static,500,retry,vehicle_reduction_pct,2.0408163265306123,ORTEC-SYNTH-500-s261
static,500,retry,distance_reduction_pct,1.1230345758592917,ORTEC-SYNTH-500-s261
static,500,latest,vehicle_reduction_pct,0.0,ORTEC-SYNTH-500-s259
static,500,latest,distance_reduction_pct,-6.410488369393782,ORTEC-SYNTH-500-s259
static,500,retry,vehicle_reduction_pct,8.695652173913043,ORTEC-SYNTH-500-s259
static,500,retry,distance_reduction_pct,1.8784948145316056,ORTEC-SYNTH-500-s259
static,500,latest,vehicle_reduction_pct,2.4390243902439024,ORTEC-SYNTH-500-s262
static,500,latest,distance_reduction_pct,20.87409772392985,ORTEC-SYNTH-500-s262
static,500,retry,vehicle_reduction_pct,2.4390243902439024,ORTEC-SYNTH-500-s262
static,500,retry,distance_reduction_pct,20.87409772392985,ORTEC-SYNTH-500-s262
static,500,latest,vehicle_reduction_pct,15.909090909090908,ORTEC-SYNTH-500-s264
static,500,latest,distance_reduction_pct,14.795620373033213,ORTEC-SYNTH-500-s264
static,500,retry,vehicle_reduction_pct,15.909090909090908,ORTEC-SYNTH-500-s264
static,500,retry,distance_reduction_pct,14.795620373033213,ORTEC-SYNTH-500-s264
static,500,latest,vehicle_reduction_pct,6.666666666666667,ORTEC-SYNTH-500-s263
static,500,latest,distance_reduction_pct,3.811923640381882,ORTEC-SYNTH-500-s263
static,500,retry,vehicle_reduction_pct,11.11111111111111,ORTEC-SYNTH-500-s263
static,500,retry,distance_reduction_pct,8.156280908278289,ORTEC-SYNTH-500-s263
static,500,latest,vehicle_reduction_pct,6.382978723404255,ORTEC-SYNTH-500-s267
static,500,latest,distance_reduction_pct,24.147942438778085,ORTEC-SYNTH-500-s267
static,500,retry,vehicle_reduction_pct,12.76595744680851,ORTEC-SYNTH-500-s267
static,500,retry,distance_reduction_pct,3.904447675177811,ORTEC-SYNTH-500-s267
static,500,latest,vehicle_reduction_pct,-2.380952380952381,ORTEC-SYNTH-500-s268
static,500,latest,distance_reduction_pct,18.54745505731125,ORTEC-SYNTH-500-s268
static,500,retry,vehicle_reduction_pct,4.761904761904762,ORTEC-SYNTH-500-s268
static,500,retry,distance_reduction_pct,-0.26527105955279234,ORTEC-SYNTH-500-s268
static,500,latest,vehicle_reduction_pct,-4.761904761904762,ORTEC-SYNTH-500-s45
static,500,latest,distance_reduction_pct,-29.574013769404463,ORTEC-SYNTH-500-s45
static,500,retry,vehicle_reduction_pct,4.761904761904762,ORTEC-SYNTH-500-s45
static,500,retry,distance_reduction_pct,0.07253834915509852,ORTEC-SYNTH-500-s45
static,500,latest,vehicle_reduction_pct,-2.2222222222222223,ORTEC-SYNTH-500-s46
static,500,latest,distance_reduction_pct,-2.0990114350676663,ORTEC-SYNTH-500-s46
static,500,retry,vehicle_reduction_pct,0.0,ORTEC-SYNTH-500-s46
static,500,retry,distance_reduction_pct,17.51464290411442,ORTEC-SYNTH-500-s46
static,500,latest,vehicle_reduction_pct,4.761904761904762,ORTEC-SYNTH-500-s47
static,500,latest,distance_reduction_pct,-1.1514824267454145,ORTEC-SYNTH-500-s47
static,500,retry,vehicle_reduction_pct,4.761904761904762,ORTEC-SYNTH-500-s47
static,500,retry,distance_reduction_pct,-1.1514824267454145,ORTEC-SYNTH-500-s47
static,800,latest,vehicle_reduction_pct,1.4285714285714286,ORTEC-SYNTH-800-s400
static,800,latest,distance_reduction_pct,-0.43137002525968576,ORTEC-SYNTH-800-s400
static,800,retry,vehicle_reduction_pct,4.285714285714286,ORTEC-SYNTH-800-s400
static,800,retry,distance_reduction_pct,18.81815380312299,ORTEC-SYNTH-800-s400
static,800,latest,vehicle_reduction_pct,1.4492753623188406,ORTEC-SYNTH-800-s403
static,800,latest,distance_reduction_pct,25.176886989517683,ORTEC-SYNTH-800-s403
static,800,retry,vehicle_reduction_pct,7.246376811594203,ORTEC-SYNTH-800-s403
static,800,retry,distance_reduction_pct,1.6769031435806505,ORTEC-SYNTH-800-s403
static,800,latest,vehicle_reduction_pct,6.0606060606060606,ORTEC-SYNTH-800-s406
static,800,latest,distance_reduction_pct,2.15322796050339,ORTEC-SYNTH-800-s406
static,800,retry,vehicle_reduction_pct,9.090909090909092,ORTEC-SYNTH-800-s406
static,800,retry,distance_reduction_pct,32.05759542434432,ORTEC-SYNTH-800-s406
static,800,latest,vehicle_reduction_pct,2.941176470588235,ORTEC-SYNTH-800-s408
static,800,latest,distance_reduction_pct,-1.1982671380804262,ORTEC-SYNTH-800-s408
static,800,retry,vehicle_reduction_pct,2.941176470588235,ORTEC-SYNTH-800-s408
static,800,retry,distance_reduction_pct,-1.1982671380804262,ORTEC-SYNTH-800-s408
static,800,latest,vehicle_reduction_pct,-1.3513513513513513,ORTEC-SYNTH-800-s414
static,800,latest,distance_reduction_pct,19.911369291483954,ORTEC-SYNTH-800-s414
static,800,retry,vehicle_reduction_pct,1.3513513513513513,ORTEC-SYNTH-800-s414
static,800,retry,distance_reduction_pct,3.749357147700848,ORTEC-SYNTH-800-s414
static,800,latest,vehicle_reduction_pct,14.492753623188406,ORTEC-SYNTH-800-s416
static,800,latest,distance_reduction_pct,16.271100248211127,ORTEC-SYNTH-800-s416
static,800,retry,vehicle_reduction_pct,14.492753623188406,ORTEC-SYNTH-800-s416
static,800,retry,distance_reduction_pct,16.271100248211127,ORTEC-SYNTH-800-s416
static,800,latest,vehicle_reduction_pct,2.73972602739726,ORTEC-SYNTH-800-s419
static,800,latest,distance_reduction_pct,-1.216841456660271,ORTEC-SYNTH-800-s419
static,800,retry,vehicle_reduction_pct,16.43835616438356,ORTEC-SYNTH-800-s419
static,800,retry,distance_reduction_pct,17.599109839770165,ORTEC-SYNTH-800-s419
static,800,latest,vehicle_reduction_pct,2.941176470588235,ORTEC-SYNTH-800-s421
static,800,latest,distance_reduction_pct,-5.641618430917625,ORTEC-SYNTH-800-s421
static,800,retry,vehicle_reduction_pct,5.88235294117647,ORTEC-SYNTH-800-s421
static,800,retry,distance_reduction_pct,0.6438466537373473,ORTEC-SYNTH-800-s421
static,800,latest,vehicle_reduction_pct,4.411764705882353,ORTEC-SYNTH-800-s423
static,800,latest,distance_reduction_pct,31.178727706099153,ORTEC-SYNTH-800-s423
static,800,retry,vehicle_reduction_pct,4.411764705882353,ORTEC-SYNTH-800-s423
static,800,retry,distance_reduction_pct,31.178727706099153,ORTEC-SYNTH-800-s423
static,800,latest,vehicle_reduction_pct,2.8169014084507045,ORTEC-SYNTH-800-s424
static,800,latest,distance_reduction_pct,4.781708805893178,ORTEC-SYNTH-800-s424
static,800,retry,vehicle_reduction_pct,12.676056338028168,ORTEC-SYNTH-800-s424
static,800,retry,distance_reduction_pct,10.396708315071542,ORTEC-SYNTH-800-s424
static,800,latest,vehicle_reduction_pct,1.4285714285714286,ORTEC-SYNTH-800-s425
static,800,latest,distance_reduction_pct,8.654266925814253,ORTEC-SYNTH-800-s425
static,800,retry,vehicle_reduction_pct,7.142857142857142,ORTEC-SYNTH-800-s425
static,800,retry,distance_reduction_pct,29.777613755740656,ORTEC-SYNTH-800-s425
static,800,latest,vehicle_reduction_pct,2.857142857142857,ORTEC-SYNTH-800-s430
static,800,latest,distance_reduction_pct,4.059788207295465,ORTEC-SYNTH-800-s430
static,800,retry,vehicle_reduction_pct,7.142857142857142,ORTEC-SYNTH-800-s430
static,800,retry,distance_reduction_pct,8.874555846764833,ORTEC-SYNTH-800-s430
static,800,latest,vehicle_reduction_pct,2.941176470588235,ORTEC-SYNTH-800-s439
static,800,latest,distance_reduction_pct,7.0373728818043935,ORTEC-SYNTH-800-s439
static,800,retry,vehicle_reduction_pct,8.823529411764707,ORTEC-SYNTH-800-s439
static,800,retry,distance_reduction_pct,9.964410485039046,ORTEC-SYNTH-800-s439
static,800,latest,vehicle_reduction_pct,9.333333333333334,ORTEC-SYNTH-800-s441
static,800,latest,distance_reduction_pct,6.9860245081661345,ORTEC-SYNTH-800-s441
static,800,retry,vehicle_reduction_pct,12.0,ORTEC-SYNTH-800-s441
static,800,retry,distance_reduction_pct,5.467794137246884,ORTEC-SYNTH-800-s441
static,800,latest,vehicle_reduction_pct,2.941176470588235,ORTEC-SYNTH-800-s442
static,800,latest,distance_reduction_pct,5.349766934835634,ORTEC-SYNTH-800-s442
static,800,retry,vehicle_reduction_pct,11.76470588235294,ORTEC-SYNTH-800-s442
static,800,retry,distance_reduction_pct,9.530376430677748,ORTEC-SYNTH-800-s442
static,800,latest,vehicle_reduction_pct,-1.4925373134328357,ORTEC-SYNTH-800-s445
static,800,latest,distance_reduction_pct,3.5340541837783928,ORTEC-SYNTH-800-s445
static,800,retry,vehicle_reduction_pct,1.4925373134328357,ORTEC-SYNTH-800-s445
static,800,retry,distance_reduction_pct,5.912998445806171,ORTEC-SYNTH-800-s445
static,800,latest,vehicle_reduction_pct,7.042253521126761,ORTEC-SYNTH-800-s446
static,800,latest,distance_reduction_pct,29.961437482396285,ORTEC-SYNTH-800-s446
static,800,retry,vehicle_reduction_pct,7.042253521126761,ORTEC-SYNTH-800-s446
static,800,retry,distance_reduction_pct,29.961437482396285,ORTEC-SYNTH-800-s446
static,800,latest,vehicle_reduction_pct,0.0,ORTEC-SYNTH-800-s448
static,800,latest,distance_reduction_pct,22.99225976705611,ORTEC-SYNTH-800-s448
static,800,retry,vehicle_reduction_pct,0.0,ORTEC-SYNTH-800-s448
static,800,retry,distance_reduction_pct,22.99225976705611,ORTEC-SYNTH-800-s448
static,800,latest,vehicle_reduction_pct,0.0,ORTEC-SYNTH-800-s449
static,800,latest,distance_reduction_pct,17.25021821525625,ORTEC-SYNTH-800-s449
static,800,retry,vehicle_reduction_pct,7.042253521126761,ORTEC-SYNTH-800-s449
static,800,retry,distance_reduction_pct,7.37224368634693,ORTEC-SYNTH-800-s449
static,800,latest,vehicle_reduction_pct,4.3478260869565215,ORTEC-SYNTH-800-s456
static,800,latest,distance_reduction_pct,6.1583905865212545,ORTEC-SYNTH-800-s456
static,800,retry,vehicle_reduction_pct,4.3478260869565215,ORTEC-SYNTH-800-s456
static,800,retry,distance_reduction_pct,6.1583905865212545,ORTEC-SYNTH-800-s456
static,800,latest,vehicle_reduction_pct,2.8169014084507045,ORTEC-SYNTH-800-s457
static,800,latest,distance_reduction_pct,25.584886282794518,ORTEC-SYNTH-800-s457
static,800,retry,vehicle_reduction_pct,9.859154929577464,ORTEC-SYNTH-800-s457
static,800,retry,distance_reduction_pct,13.005359239288572,ORTEC-SYNTH-800-s457
static,800,latest,vehicle_reduction_pct,2.7027027027027026,ORTEC-SYNTH-800-s459
static,800,latest,distance_reduction_pct,-2.070000998550805,ORTEC-SYNTH-800-s459
static,800,retry,vehicle_reduction_pct,12.162162162162163,ORTEC-SYNTH-800-s459
static,800,retry,distance_reduction_pct,13.494457008248654,ORTEC-SYNTH-800-s459
dynamic,300,latest,served_rate_gain_pp,0.33000000000000806,ORTEC-SYNTH-300-s101_dyn5e
dynamic,300,latest,runtime_ratio,46.28324567993989,ORTEC-SYNTH-300-s101_dyn5e
dynamic,300,retry,served_rate_gain_pp,0.33000000000000806,ORTEC-SYNTH-300-s101_dyn5e
dynamic,300,retry,runtime_ratio,42.19083395942899,ORTEC-SYNTH-300-s101_dyn5e
dynamic,300,latest,served_rate_gain_pp,0.33000000000000806,ORTEC-SYNTH-300-s100_dyn5e
dynamic,300,latest,runtime_ratio,42.20055904961565,ORTEC-SYNTH-300-s100_dyn5e
dynamic,300,retry,served_rate_gain_pp,0.33000000000000806,ORTEC-SYNTH-300-s100_dyn5e
dynamic,300,retry,runtime_ratio,39.10691823899371,ORTEC-SYNTH-300-s100_dyn5e
dynamic,300,latest,served_rate_gain_pp,0.33000000000000806,ORTEC-SYNTH-300-s103_dyn5e
dynamic,300,latest,runtime_ratio,16.442183622828786,ORTEC-SYNTH-300-s103_dyn5e
dynamic,300,retry,served_rate_gain_pp,0.33000000000000806,ORTEC-SYNTH-300-s103_dyn5e
dynamic,300,retry,runtime_ratio,14.727047146401986,ORTEC-SYNTH-300-s103_dyn5e
dynamic,300,latest,served_rate_gain_pp,0.33000000000000806,ORTEC-SYNTH-300-s102_dyn5e
dynamic,300,latest,runtime_ratio,14.713722591771372,ORTEC-SYNTH-300-s102_dyn5e
dynamic,300,retry,served_rate_gain_pp,0.33000000000000806,ORTEC-SYNTH-300-s102_dyn5e
dynamic,300,retry,runtime_ratio,14.386302044838631,ORTEC-SYNTH-300-s102_dyn5e
dynamic,300,latest,served_rate_gain_pp,0.33000000000000806,ORTEC-SYNTH-300-s104_dyn5e
dynamic,300,latest,runtime_ratio,13.400665492268544,ORTEC-SYNTH-300-s104_dyn5e
dynamic,300,retry,served_rate_gain_pp,0.33000000000000806,ORTEC-SYNTH-300-s104_dyn5e
dynamic,300,retry,runtime_ratio,10.086513994910941,ORTEC-SYNTH-300-s104_dyn5e
dynamic,300,latest,served_rate_gain_pp,0.33000000000000806,ORTEC-SYNTH-300-s105_dyn5e
dynamic,300,latest,runtime_ratio,12.71156069364162,ORTEC-SYNTH-300-s105_dyn5e
dynamic,300,retry,served_rate_gain_pp,0.33000000000000806,ORTEC-SYNTH-300-s105_dyn5e
dynamic,300,retry,runtime_ratio,11.461464354527939,ORTEC-SYNTH-300-s105_dyn5e
dynamic,300,latest,served_rate_gain_pp,0.33000000000000806,ORTEC-SYNTH-300-s106_dyn5e
dynamic,300,latest,runtime_ratio,15.655964377782984,ORTEC-SYNTH-300-s106_dyn5e
dynamic,300,retry,served_rate_gain_pp,0.33000000000000806,ORTEC-SYNTH-300-s106_dyn5e
dynamic,300,retry,runtime_ratio,13.88375908132177,ORTEC-SYNTH-300-s106_dyn5e
dynamic,300,latest,served_rate_gain_pp,0.33000000000000806,ORTEC-SYNTH-300-s107_dyn5e
dynamic,300,latest,runtime_ratio,20.335973904939422,ORTEC-SYNTH-300-s107_dyn5e
dynamic,300,retry,served_rate_gain_pp,0.33000000000000806,ORTEC-SYNTH-300-s107_dyn5e
dynamic,300,retry,runtime_ratio,14.346225535880707,ORTEC-SYNTH-300-s107_dyn5e
dynamic,300,latest,served_rate_gain_pp,0.33000000000000806,ORTEC-SYNTH-300-s108_dyn5e
dynamic,300,latest,runtime_ratio,14.853018372703414,ORTEC-SYNTH-300-s108_dyn5e
dynamic,300,retry,served_rate_gain_pp,0.33000000000000806,ORTEC-SYNTH-300-s108_dyn5e
dynamic,300,retry,runtime_ratio,14.853018372703414,ORTEC-SYNTH-300-s108_dyn5e
dynamic,300,latest,served_rate_gain_pp,0.33000000000000806,ORTEC-SYNTH-300-s109_dyn5e
dynamic,300,latest,runtime_ratio,12.564465408805031,ORTEC-SYNTH-300-s109_dyn5e
dynamic,300,retry,served_rate_gain_pp,0.33000000000000806,ORTEC-SYNTH-300-s109_dyn5e
dynamic,300,retry,runtime_ratio,11.644654088050313,ORTEC-SYNTH-300-s109_dyn5e
dynamic,300,latest,served_rate_gain_pp,-17.669999999999998,ORTEC-SYNTH-300-s111_dyn5e
dynamic,300,latest,runtime_ratio,18.49473941766577,ORTEC-SYNTH-300-s111_dyn5e
dynamic,300,retry,served_rate_gain_pp,0.33000000000000806,ORTEC-SYNTH-300-s111_dyn5e
dynamic,300,retry,runtime_ratio,16.410080743821872,ORTEC-SYNTH-300-s111_dyn5e
dynamic,300,latest,served_rate_gain_pp,0.33000000000000806,ORTEC-SYNTH-300-s110_dyn5e
dynamic,300,latest,runtime_ratio,16.070328660078143,ORTEC-SYNTH-300-s110_dyn5e
dynamic,300,retry,served_rate_gain_pp,0.33000000000000806,ORTEC-SYNTH-300-s110_dyn5e
dynamic,300,retry,runtime_ratio,16.070328660078143,ORTEC-SYNTH-300-s110_dyn5e
dynamic,300,latest,served_rate_gain_pp,0.33000000000000806,ORTEC-SYNTH-300-s42_dyn5e
dynamic,300,latest,runtime_ratio,14.22967951695309,ORTEC-SYNTH-300-s42_dyn5e
dynamic,300,retry,served_rate_gain_pp,0.33000000000000806,ORTEC-SYNTH-300-s42_dyn5e
dynamic,300,retry,runtime_ratio,14.22967951695309,ORTEC-SYNTH-300-s42_dyn5e
dynamic,300,latest,served_rate_gain_pp,0.33000000000000806,ORTEC-SYNTH-300-s43_dyn5e
dynamic,300,latest,runtime_ratio,11.821958456973293,ORTEC-SYNTH-300-s43_dyn5e
dynamic,300,retry,served_rate_gain_pp,0.33000000000000806,ORTEC-SYNTH-300-s43_dyn5e
dynamic,300,retry,runtime_ratio,11.821958456973293,ORTEC-SYNTH-300-s43_dyn5e
dynamic,300,latest,served_rate_gain_pp,0.33000000000000806,ORTEC-SYNTH-300-s44_dyn5e
dynamic,300,latest,runtime_ratio,14.65615141955836,ORTEC-SYNTH-300-s44_dyn5e
dynamic,300,retry,served_rate_gain_pp,0.33000000000000806,ORTEC-SYNTH-300-s44_dyn5e
dynamic,300,retry,runtime_ratio,13.190851735015771,ORTEC-SYNTH-300-s44_dyn5e
dynamic,300,latest,served_rate_gain_pp,0.33000000000000806,ORTEC-SYNTH-300-s45_dyn5e
dynamic,300,latest,runtime_ratio,18.08171206225681,ORTEC-SYNTH-300-s45_dyn5e
dynamic,300,retry,served_rate_gain_pp,0.33000000000000806,ORTEC-SYNTH-300-s45_dyn5e
dynamic,300,retry,runtime_ratio,13.467612726024262,ORTEC-SYNTH-300-s45_dyn5e
dynamic,300,latest,served_rate_gain_pp,0.33000000000000806,ORTEC-SYNTH-300-s46_dyn5e
dynamic,300,latest,runtime_ratio,13.908809891808346,ORTEC-SYNTH-300-s46_dyn5e
dynamic,300,retry,served_rate_gain_pp,0.33000000000000806,ORTEC-SYNTH-300-s46_dyn5e
dynamic,300,retry,runtime_ratio,13.908809891808346,ORTEC-SYNTH-300-s46_dyn5e
dynamic,300,latest,served_rate_gain_pp,0.33000000000000806,ORTEC-SYNTH-300-s47_dyn5e
dynamic,300,latest,runtime_ratio,20.422431865828095,ORTEC-SYNTH-300-s47_dyn5e
dynamic,300,retry,served_rate_gain_pp,0.33000000000000806,ORTEC-SYNTH-300-s47_dyn5e
dynamic,300,retry,runtime_ratio,20.422431865828095,ORTEC-SYNTH-300-s47_dyn5e
dynamic,300,latest,served_rate_gain_pp,0.33000000000000806,ORTEC-SYNTH-300-s49_dyn5e
dynamic,300,latest,runtime_ratio,17.90731102850062,ORTEC-SYNTH-300-s49_dyn5e
dynamic,300,retry,served_rate_gain_pp,0.33000000000000806,ORTEC-SYNTH-300-s49_dyn5e
dynamic,300,retry,runtime_ratio,17.719454770755885,ORTEC-SYNTH-300-s49_dyn5e
dynamic,300,latest,served_rate_gain_pp,0.33000000000000806,ORTEC-SYNTH-300-s48_dyn5e
dynamic,300,latest,runtime_ratio,13.504894496410705,ORTEC-SYNTH-300-s48_dyn5e
dynamic,300,retry,served_rate_gain_pp,0.33000000000000806,ORTEC-SYNTH-300-s48_dyn5e
dynamic,300,retry,runtime_ratio,12.350445943006308,ORTEC-SYNTH-300-s48_dyn5e
dynamic,300,latest,served_rate_gain_pp,0.33000000000000806,ORTEC-SYNTH-300-s50_dyn5e
dynamic,300,latest,runtime_ratio,18.087886538014416,ORTEC-SYNTH-300-s50_dyn5e
dynamic,300,retry,served_rate_gain_pp,0.33000000000000806,ORTEC-SYNTH-300-s50_dyn5e
dynamic,300,retry,runtime_ratio,18.087886538014416,ORTEC-SYNTH-300-s50_dyn5e
dynamic,300,latest,served_rate_gain_pp,0.33000000000000806,ORTEC-SYNTH-300-s51_dyn5e
dynamic,300,latest,runtime_ratio,16.126076396555533,ORTEC-SYNTH-300-s51_dyn5e
dynamic,300,retry,served_rate_gain_pp,0.33000000000000806,ORTEC-SYNTH-300-s51_dyn5e
dynamic,300,retry,runtime_ratio,15.089423713844116,ORTEC-SYNTH-300-s51_dyn5e
dynamic,300,latest,served_rate_gain_pp,0.33000000000000806,ORTEC-SYNTH-300-s52_dyn5e
dynamic,300,latest,runtime_ratio,17.693138979643127,ORTEC-SYNTH-300-s52_dyn5e
dynamic,300,retry,served_rate_gain_pp,0.33000000000000806,ORTEC-SYNTH-300-s52_dyn5e
dynamic,300,retry,runtime_ratio,17.693138979643127,ORTEC-SYNTH-300-s52_dyn5e
dynamic,300,latest,served_rate_gain_pp,0.33000000000000806,ORTEC-SYNTH-300-s53_dyn5e
dynamic,300,latest,runtime_ratio,14.332346096890204,ORTEC-SYNTH-300-s53_dyn5e
dynamic,300,retry,served_rate_gain_pp,0.33000000000000806,ORTEC-SYNTH-300-s53_dyn5e
dynamic,300,retry,runtime_ratio,13.102390522530145,ORTEC-SYNTH-300-s53_dyn5e
dynamic,300,latest,served_rate_gain_pp,0.33000000000000806,ORTEC-SYNTH-300-s54_dyn5e
dynamic,300,latest,runtime_ratio,13.747650036153289,ORTEC-SYNTH-300-s54_dyn5e
dynamic,300,retry,served_rate_gain_pp,0.33000000000000806,ORTEC-SYNTH-300-s54_dyn5e
dynamic,300,retry,runtime_ratio,13.747650036153289,ORTEC-SYNTH-300-s54_dyn5e
dynamic,300,latest,served_rate_gain_pp,0.33000000000000806,ORTEC-SYNTH-300-s55_dyn5e
dynamic,300,latest,runtime_ratio,14.434320425208808,ORTEC-SYNTH-300-s55_dyn5e
dynamic,300,retry,served_rate_gain_pp,0.33000000000000806,ORTEC-SYNTH-300-s55_dyn5e
dynamic,300,retry,runtime_ratio,10.996393318147303,ORTEC-SYNTH-300-s55_dyn5e
dynamic,300,latest,served_rate_gain_pp,0.33000000000000806,ORTEC-SYNTH-300-s56_dyn5e
dynamic,300,latest,runtime_ratio,16.668629298162976,ORTEC-SYNTH-300-s56_dyn5e
dynamic,300,retry,served_rate_gain_pp,0.33000000000000806,ORTEC-SYNTH-300-s56_dyn5e
dynamic,300,retry,runtime_ratio,14.393311351860573,ORTEC-SYNTH-300-s56_dyn5e
dynamic,300,latest,served_rate_gain_pp,0.33000000000000806,ORTEC-SYNTH-300-s57_dyn5e
dynamic,300,latest,runtime_ratio,17.242058165548098,ORTEC-SYNTH-300-s57_dyn5e
dynamic,300,retry,served_rate_gain_pp,0.33000000000000806,ORTEC-SYNTH-300-s57_dyn5e
dynamic,300,retry,runtime_ratio,17.242058165548098,ORTEC-SYNTH-300-s57_dyn5e
dynamic,300,latest,served_rate_gain_pp,0.33000000000000806,ORTEC-SYNTH-300-s58_dyn5e
dynamic,300,latest,runtime_ratio,15.76282880551962,ORTEC-SYNTH-300-s58_dyn5e
dynamic,300,retry,served_rate_gain_pp,0.33000000000000806,ORTEC-SYNTH-300-s58_dyn5e
dynamic,300,retry,runtime_ratio,12.541612764122466,ORTEC-SYNTH-300-s58_dyn5e
dynamic,300,latest,served_rate_gain_pp,0.33000000000000806,ORTEC-SYNTH-300-s60_dyn5e
dynamic,300,latest,runtime_ratio,15.12882147024504,ORTEC-SYNTH-300-s60_dyn5e
dynamic,300,retry,served_rate_gain_pp,0.33000000000000806,ORTEC-SYNTH-300-s60_dyn5e
dynamic,300,retry,runtime_ratio,14.735122520420068,ORTEC-SYNTH-300-s60_dyn5e
dynamic,300,latest,served_rate_gain_pp,0.33000000000000806,ORTEC-SYNTH-300-s61_dyn5e
dynamic,300,latest,runtime_ratio,19.29310344827586,ORTEC-SYNTH-300-s61_dyn5e
dynamic,300,retry,served_rate_gain_pp,0.33000000000000806,ORTEC-SYNTH-300-s61_dyn5e
dynamic,300,retry,runtime_ratio,19.29310344827586,ORTEC-SYNTH-300-s61_dyn5e
dynamic,300,latest,served_rate_gain_pp,0.33000000000000806,ORTEC-SYNTH-300-s62_dyn5e
dynamic,300,latest,runtime_ratio,12.528703504622664,ORTEC-SYNTH-300-s62_dyn5e
dynamic,300,retry,served_rate_gain_pp,0.33000000000000806,ORTEC-SYNTH-300-s62_dyn5e
dynamic,300,retry,runtime_ratio,12.528703504622664,ORTEC-SYNTH-300-s62_dyn5e
dynamic,300,latest,served_rate_gain_pp,0.33000000000000806,ORTEC-SYNTH-300-s63_dyn5e
dynamic,300,latest,runtime_ratio,14.996515679442508,ORTEC-SYNTH-300-s63_dyn5e
dynamic,300,retry,served_rate_gain_pp,0.33000000000000806,ORTEC-SYNTH-300-s63_dyn5e
dynamic,300,retry,runtime_ratio,13.971627675460429,ORTEC-SYNTH-300-s63_dyn5e
dynamic,300,latest,served_rate_gain_pp,0.33000000000000806,ORTEC-SYNTH-300-s64_dyn5e
dynamic,300,latest,runtime_ratio,14.797731958762888,ORTEC-SYNTH-300-s64_dyn5e
dynamic,300,retry,served_rate_gain_pp,0.33000000000000806,ORTEC-SYNTH-300-s64_dyn5e
dynamic,300,retry,runtime_ratio,14.797731958762888,ORTEC-SYNTH-300-s64_dyn5e
dynamic,300,latest,served_rate_gain_pp,0.33000000000000806,ORTEC-SYNTH-300-s65_dyn5e
dynamic,300,latest,runtime_ratio,17.409401898035753,ORTEC-SYNTH-300-s65_dyn5e
dynamic,300,retry,served_rate_gain_pp,0.33000000000000806,ORTEC-SYNTH-300-s65_dyn5e
dynamic,300,retry,runtime_ratio,12.353343632752152,ORTEC-SYNTH-300-s65_dyn5e
dynamic,300,latest,served_rate_gain_pp,0.33000000000000806,ORTEC-SYNTH-300-s66_dyn5e
dynamic,300,latest,runtime_ratio,19.712811011116994,ORTEC-SYNTH-300-s66_dyn5e
dynamic,300,retry,served_rate_gain_pp,0.33000000000000806,ORTEC-SYNTH-300-s66_dyn5e
dynamic,300,retry,runtime_ratio,14.345950238221281,ORTEC-SYNTH-300-s66_dyn5e
dynamic,300,latest,served_rate_gain_pp,0.33000000000000806,ORTEC-SYNTH-300-s67_dyn5e
dynamic,300,latest,runtime_ratio,15.460302891234512,ORTEC-SYNTH-300-s67_dyn5e
dynamic,300,retry,served_rate_gain_pp,0.33000000000000806,ORTEC-SYNTH-300-s67_dyn5e
dynamic,300,retry,runtime_ratio,13.39008719596145,ORTEC-SYNTH-300-s67_dyn5e
dynamic,300,latest,served_rate_gain_pp,0.33000000000000806,ORTEC-SYNTH-300-s69_dyn5e
dynamic,300,latest,runtime_ratio,17.548049745618993,ORTEC-SYNTH-300-s69_dyn5e
dynamic,300,retry,served_rate_gain_pp,0.33000000000000806,ORTEC-SYNTH-300-s69_dyn5e
dynamic,300,retry,runtime_ratio,17.548049745618993,ORTEC-SYNTH-300-s69_dyn5e
dynamic,300,latest,served_rate_gain_pp,0.33000000000000806,ORTEC-SYNTH-300-s70_dyn5e
dynamic,300,latest,runtime_ratio,18.328703703703706,ORTEC-SYNTH-300-s70_dyn5e
dynamic,300,retry,served_rate_gain_pp,0.33000000000000806,ORTEC-SYNTH-300-s70_dyn5e
dynamic,300,retry,runtime_ratio,18.328703703703706,ORTEC-SYNTH-300-s70_dyn5e
dynamic,300,latest,served_rate_gain_pp,0.33000000000000806,ORTEC-SYNTH-300-s72_dyn5e
dynamic,300,latest,runtime_ratio,16.26519567027477,ORTEC-SYNTH-300-s72_dyn5e
dynamic,300,retry,served_rate_gain_pp,0.33000000000000806,ORTEC-SYNTH-300-s72_dyn5e
dynamic,300,retry,runtime_ratio,14.056827643630308,ORTEC-SYNTH-300-s72_dyn5e
dynamic,300,latest,served_rate_gain_pp,0.32999999999999696,ORTEC-SYNTH-300-s59_dyn5e
dynamic,300,latest,runtime_ratio,4.427057309410251,ORTEC-SYNTH-300-s59_dyn5e
dynamic,300,retry,served_rate_gain_pp,40.33000000000001,ORTEC-SYNTH-300-s59_dyn5e
dynamic,300,retry,runtime_ratio,2.98005148005148,ORTEC-SYNTH-300-s59_dyn5e
dynamic,300,latest,served_rate_gain_pp,0.33000000000000806,ORTEC-SYNTH-300-s73_dyn5e
dynamic,300,latest,runtime_ratio,16.640705363703162,ORTEC-SYNTH-300-s73_dyn5e
dynamic,300,retry,served_rate_gain_pp,0.33000000000000806,ORTEC-SYNTH-300-s73_dyn5e
dynamic,300,retry,runtime_ratio,13.619397501836886,ORTEC-SYNTH-300-s73_dyn5e
dynamic,300,latest,served_rate_gain_pp,0.33000000000000806,ORTEC-SYNTH-300-s74_dyn5e
dynamic,300,latest,runtime_ratio,17.889659392208852,ORTEC-SYNTH-300-s74_dyn5e
dynamic,300,retry,served_rate_gain_pp,0.33000000000000806,ORTEC-SYNTH-300-s74_dyn5e
dynamic,300,retry,runtime_ratio,12.116459310626148,ORTEC-SYNTH-300-s74_dyn5e
dynamic,300,latest,served_rate_gain_pp,0.33000000000000806,ORTEC-SYNTH-300-s75_dyn5e
dynamic,300,latest,runtime_ratio,13.711549190998698,ORTEC-SYNTH-300-s75_dyn5e
dynamic,300,retry,served_rate_gain_pp,0.33000000000000806,ORTEC-SYNTH-300-s75_dyn5e
dynamic,300,retry,runtime_ratio,9.599590849916309,ORTEC-SYNTH-300-s75_dyn5e
dynamic,300,latest,served_rate_gain_pp,0.33000000000000806,ORTEC-SYNTH-300-s76_dyn5e
dynamic,300,latest,runtime_ratio,16.00297210791038,ORTEC-SYNTH-300-s76_dyn5e
dynamic,300,retry,served_rate_gain_pp,0.33000000000000806,ORTEC-SYNTH-300-s76_dyn5e
dynamic,300,retry,runtime_ratio,16.00297210791038,ORTEC-SYNTH-300-s76_dyn5e
dynamic,300,latest,served_rate_gain_pp,0.33000000000000806,ORTEC-SYNTH-300-s78_dyn5e
dynamic,300,latest,runtime_ratio,16.950271625574594,ORTEC-SYNTH-300-s78_dyn5e
dynamic,300,retry,served_rate_gain_pp,0.33000000000000806,ORTEC-SYNTH-300-s78_dyn5e
dynamic,300,retry,runtime_ratio,15.338696197241957,ORTEC-SYNTH-300-s78_dyn5e
dynamic,300,latest,served_rate_gain_pp,0.32999999999999696,ORTEC-SYNTH-300-s71_dyn5e
dynamic,300,latest,runtime_ratio,5.1256303933654594,ORTEC-SYNTH-300-s71_dyn5e
dynamic,300,retry,served_rate_gain_pp,0.32999999999999696,ORTEC-SYNTH-300-s71_dyn5e
dynamic,300,retry,runtime_ratio,5.1256303933654594,ORTEC-SYNTH-300-s71_dyn5e
dynamic,300,latest,served_rate_gain_pp,0.33000000000000806,ORTEC-SYNTH-300-s79_dyn5e
dynamic,300,latest,runtime_ratio,17.66948234784492,ORTEC-SYNTH-300-s79_dyn5e
dynamic,300,retry,served_rate_gain_pp,0.33000000000000806,ORTEC-SYNTH-300-s79_dyn5e
dynamic,300,retry,runtime_ratio,13.65843621399177,ORTEC-SYNTH-300-s79_dyn5e
dynamic,300,latest,served_rate_gain_pp,0.33000000000000806,ORTEC-SYNTH-300-s80_dyn5e
dynamic,300,latest,runtime_ratio,14.966060871469235,ORTEC-SYNTH-300-s80_dyn5e
dynamic,300,retry,served_rate_gain_pp,0.33000000000000806,ORTEC-SYNTH-300-s80_dyn5e
dynamic,300,retry,runtime_ratio,11.90891175826582,ORTEC-SYNTH-300-s80_dyn5e
dynamic,300,latest,served_rate_gain_pp,0.33000000000000806,ORTEC-SYNTH-300-s81_dyn5e
dynamic,300,latest,runtime_ratio,15.621867881548976,ORTEC-SYNTH-300-s81_dyn5e
dynamic,300,retry,served_rate_gain_pp,0.33000000000000806,ORTEC-SYNTH-300-s81_dyn5e
dynamic,300,retry,runtime_ratio,14.719311566691976,ORTEC-SYNTH-300-s81_dyn5e
dynamic,300,latest,served_rate_gain_pp,0.32999999999999696,ORTEC-SYNTH-300-s68_dyn5e
dynamic,300,latest,runtime_ratio,3.705527976005792,ORTEC-SYNTH-300-s68_dyn5e
dynamic,300,retry,served_rate_gain_pp,60.330000000000005,ORTEC-SYNTH-300-s68_dyn5e
dynamic,300,retry,runtime_ratio,2.369324645775158,ORTEC-SYNTH-300-s68_dyn5e
dynamic,300,latest,served_rate_gain_pp,0.33000000000000806,ORTEC-SYNTH-300-s82_dyn5e
dynamic,300,latest,runtime_ratio,13.199259716224551,ORTEC-SYNTH-300-s82_dyn5e
dynamic,300,retry,served_rate_gain_pp,0.33000000000000806,ORTEC-SYNTH-300-s82_dyn5e
dynamic,300,retry,runtime_ratio,13.199259716224551,ORTEC-SYNTH-300-s82_dyn5e
dynamic,300,latest,served_rate_gain_pp,0.33000000000000806,ORTEC-SYNTH-300-s83_dyn5e
dynamic,300,latest,runtime_ratio,14.357627118644066,ORTEC-SYNTH-300-s83_dyn5e
dynamic,300,retry,served_rate_gain_pp,0.33000000000000806,ORTEC-SYNTH-300-s83_dyn5e
dynamic,300,retry,runtime_ratio,12.201271186440676,ORTEC-SYNTH-300-s83_dyn5e
dynamic,300,latest,served_rate_gain_pp,0.33000000000000806,ORTEC-SYNTH-300-s84_dyn5e
dynamic,300,latest,runtime_ratio,15.197155468366846,ORTEC-SYNTH-300-s84_dyn5e
dynamic,300,retry,served_rate_gain_pp,0.33000000000000806,ORTEC-SYNTH-300-s84_dyn5e
dynamic,300,retry,runtime_ratio,15.106669936243255,ORTEC-SYNTH-300-s84_dyn5e
dynamic,300,latest,served_rate_gain_pp,0.33000000000000806,ORTEC-SYNTH-300-s85_dyn5e
dynamic,300,latest,runtime_ratio,16.23932384341637,ORTEC-SYNTH-300-s85_dyn5e
dynamic,300,retry,served_rate_gain_pp,0.33000000000000806,ORTEC-SYNTH-300-s85_dyn5e
dynamic,300,retry,runtime_ratio,14.367660142348754,ORTEC-SYNTH-300-s85_dyn5e
dynamic,300,latest,served_rate_gain_pp,0.33000000000000806,ORTEC-SYNTH-300-s86_dyn5e
dynamic,300,latest,runtime_ratio,15.24161368121026,ORTEC-SYNTH-300-s86_dyn5e
dynamic,300,retry,served_rate_gain_pp,0.33000000000000806,ORTEC-SYNTH-300-s86_dyn5e
dynamic,300,retry,runtime_ratio,15.24161368121026,ORTEC-SYNTH-300-s86_dyn5e
dynamic,300,latest,served_rate_gain_pp,0.33000000000000806,ORTEC-SYNTH-300-s87_dyn5e
dynamic,300,latest,runtime_ratio,14.690715434083602,ORTEC-SYNTH-300-s87_dyn5e
dynamic,300,retry,served_rate_gain_pp,0.33000000000000806,ORTEC-SYNTH-300-s87_dyn5e
dynamic,300,retry,runtime_ratio,11.83380225080386,ORTEC-SYNTH-300-s87_dyn5e
dynamic,300,latest,served_rate_gain_pp,0.33000000000000806,ORTEC-SYNTH-300-s89_dyn5e
dynamic,300,latest,runtime_ratio,12.974207811348563,ORTEC-SYNTH-300-s89_dyn5e
dynamic,300,retry,served_rate_gain_pp,0.33000000000000806,ORTEC-SYNTH-300-s89_dyn5e
dynamic,300,retry,runtime_ratio,12.974207811348563,ORTEC-SYNTH-300-s89_dyn5e
dynamic,300,latest,served_rate_gain_pp,0.33000000000000806,ORTEC-SYNTH-300-s90_dyn5e
dynamic,300,latest,runtime_ratio,17.445435827041866,ORTEC-SYNTH-300-s90_dyn5e
dynamic,300,retry,served_rate_gain_pp,0.33000000000000806,ORTEC-SYNTH-300-s90_dyn5e
dynamic,300,retry,runtime_ratio,13.605582246625486,ORTEC-SYNTH-300-s90_dyn5e
dynamic,300,latest,served_rate_gain_pp,0.33000000000000806,ORTEC-SYNTH-300-s92_dyn5e
dynamic,300,latest,runtime_ratio,12.03659268146371,ORTEC-SYNTH-300-s92_dyn5e
dynamic,300,retry,served_rate_gain_pp,0.33000000000000806,ORTEC-SYNTH-300-s92_dyn5e
dynamic,300,retry,runtime_ratio,12.03659268146371,ORTEC-SYNTH-300-s92_dyn5e
dynamic,300,latest,served_rate_gain_pp,0.33000000000000806,ORTEC-SYNTH-300-s93_dyn5e
dynamic,300,latest,runtime_ratio,20.836550207671635,ORTEC-SYNTH-300-s93_dyn5e
dynamic,300,retry,served_rate_gain_pp,0.33000000000000806,ORTEC-SYNTH-300-s93_dyn5e
dynamic,300,retry,runtime_ratio,15.137796237478623,ORTEC-SYNTH-300-s93_dyn5e
dynamic,300,latest,served_rate_gain_pp,0.33000000000000806,ORTEC-SYNTH-300-s94_dyn5e
dynamic,300,latest,runtime_ratio,12.838140082401413,ORTEC-SYNTH-300-s94_dyn5e
dynamic,300,retry,served_rate_gain_pp,0.33000000000000806,ORTEC-SYNTH-300-s94_dyn5e
dynamic,300,retry,runtime_ratio,12.838140082401413,ORTEC-SYNTH-300-s94_dyn5e
dynamic,300,latest,served_rate_gain_pp,0.32999999999999974,ORTEC-SYNTH-300-s77_dyn5e
dynamic,300,latest,runtime_ratio,3.728959941198089,ORTEC-SYNTH-300-s77_dyn5e
dynamic,300,retry,served_rate_gain_pp,0.32999999999999974,ORTEC-SYNTH-300-s77_dyn5e
dynamic,300,retry,runtime_ratio,3.728959941198089,ORTEC-SYNTH-300-s77_dyn5e
dynamic,300,latest,served_rate_gain_pp,0.33000000000000806,ORTEC-SYNTH-300-s95_dyn5e
dynamic,300,latest,runtime_ratio,18.494897959183675,ORTEC-SYNTH-300-s95_dyn5e
dynamic,300,retry,served_rate_gain_pp,0.33000000000000806,ORTEC-SYNTH-300-s95_dyn5e
dynamic,300,retry,runtime_ratio,15.834285714285715,ORTEC-SYNTH-300-s95_dyn5e
dynamic,300,latest,served_rate_gain_pp,0.32999999999999696,ORTEC-SYNTH-300-s88_dyn5e
dynamic,300,latest,runtime_ratio,5.7419121565045295,ORTEC-SYNTH-300-s88_dyn5e
dynamic,300,retry,served_rate_gain_pp,0.32999999999999696,ORTEC-SYNTH-300-s88_dyn5e
dynamic,300,retry,runtime_ratio,5.7419121565045295,ORTEC-SYNTH-300-s88_dyn5e
dynamic,300,latest,served_rate_gain_pp,0.33000000000000806,ORTEC-SYNTH-300-s96_dyn5e
dynamic,300,latest,runtime_ratio,18.779843893480255,ORTEC-SYNTH-300-s96_dyn5e
dynamic,300,retry,served_rate_gain_pp,0.33000000000000806,ORTEC-SYNTH-300-s96_dyn5e
dynamic,300,retry,runtime_ratio,12.947887970615243,ORTEC-SYNTH-300-s96_dyn5e
dynamic,300,latest,served_rate_gain_pp,0.33000000000000806,ORTEC-SYNTH-300-s97_dyn5e
dynamic,300,latest,runtime_ratio,21.60642680582258,ORTEC-SYNTH-300-s97_dyn5e
dynamic,300,retry,served_rate_gain_pp,0.33000000000000806,ORTEC-SYNTH-300-s97_dyn5e
dynamic,300,retry,runtime_ratio,15.032683328755839,ORTEC-SYNTH-300-s97_dyn5e
dynamic,300,latest,served_rate_gain_pp,0.33000000000000806,ORTEC-SYNTH-300-s98_dyn5e
dynamic,300,latest,runtime_ratio,17.701260693381357,ORTEC-SYNTH-300-s98_dyn5e
dynamic,300,retry,served_rate_gain_pp,0.33000000000000806,ORTEC-SYNTH-300-s98_dyn5e
dynamic,300,retry,runtime_ratio,15.352994146780729,ORTEC-SYNTH-300-s98_dyn5e
dynamic,300,latest,served_rate_gain_pp,0.33000000000000806,ORTEC-SYNTH-300-s99_dyn5e
dynamic,300,latest,runtime_ratio,19.76240391334731,ORTEC-SYNTH-300-s99_dyn5e
dynamic,300,retry,served_rate_gain_pp,0.33000000000000806,ORTEC-SYNTH-300-s99_dyn5e
dynamic,300,retry,runtime_ratio,13.825995807127882,ORTEC-SYNTH-300-s99_dyn5e
dynamic,500,latest,served_rate_gain_pp,0.20000000000000018,ORTEC-SYNTH-500-s200_dyn5e
dynamic,500,latest,runtime_ratio,10.807796360059028,ORTEC-SYNTH-500-s200_dyn5e
dynamic,500,retry,served_rate_gain_pp,0.20000000000000018,ORTEC-SYNTH-500-s200_dyn5e
dynamic,500,retry,runtime_ratio,8.935194294146582,ORTEC-SYNTH-500-s200_dyn5e
dynamic,500,latest,served_rate_gain_pp,0.20000000000000018,ORTEC-SYNTH-500-s201_dyn5e
dynamic,500,latest,runtime_ratio,9.504565898868748,ORTEC-SYNTH-500-s201_dyn5e
dynamic,500,retry,served_rate_gain_pp,0.20000000000000018,ORTEC-SYNTH-500-s201_dyn5e
dynamic,500,retry,runtime_ratio,9.150879105901593,ORTEC-SYNTH-500-s201_dyn5e
dynamic,500,latest,served_rate_gain_pp,0.20000000000000018,ORTEC-SYNTH-500-s202_dyn5e
dynamic,500,latest,runtime_ratio,9.83883221185153,ORTEC-SYNTH-500-s202_dyn5e
dynamic,500,retry,served_rate_gain_pp,0.20000000000000018,ORTEC-SYNTH-500-s202_dyn5e
dynamic,500,retry,runtime_ratio,8.364228348165835,ORTEC-SYNTH-500-s202_dyn5e
dynamic,500,latest,served_rate_gain_pp,0.20000000000000018,ORTEC-SYNTH-500-s204_dyn5e
dynamic,500,latest,runtime_ratio,13.10862988042069,ORTEC-SYNTH-500-s204_dyn5e
dynamic,500,retry,served_rate_gain_pp,0.20000000000000018,ORTEC-SYNTH-500-s204_dyn5e
dynamic,500,retry,runtime_ratio,10.586082697017721,ORTEC-SYNTH-500-s204_dyn5e
dynamic,500,latest,served_rate_gain_pp,0.20000000000000018,ORTEC-SYNTH-500-s203_dyn5e
dynamic,500,latest,runtime_ratio,9.825592764605231,ORTEC-SYNTH-500-s203_dyn5e
dynamic,500,retry,served_rate_gain_pp,0.20000000000000018,ORTEC-SYNTH-500-s203_dyn5e
dynamic,500,retry,runtime_ratio,8.863603031043755,ORTEC-SYNTH-500-s203_dyn5e
dynamic,500,latest,served_rate_gain_pp,0.20000000000000018,ORTEC-SYNTH-500-s205_dyn5e
dynamic,500,latest,runtime_ratio,12.398810328511559,ORTEC-SYNTH-500-s205_dyn5e
dynamic,500,retry,served_rate_gain_pp,0.20000000000000018,ORTEC-SYNTH-500-s205_dyn5e
dynamic,500,retry,runtime_ratio,9.581451939975667,ORTEC-SYNTH-500-s205_dyn5e
dynamic,500,latest,served_rate_gain_pp,0.20000000000000018,ORTEC-SYNTH-500-s207_dyn5e
dynamic,500,latest,runtime_ratio,10.69649411466903,ORTEC-SYNTH-500-s207_dyn5e
dynamic,500,retry,served_rate_gain_pp,0.20000000000000018,ORTEC-SYNTH-500-s207_dyn5e
dynamic,500,retry,runtime_ratio,8.119984812049106,ORTEC-SYNTH-500-s207_dyn5e
dynamic,500,latest,served_rate_gain_pp,0.20000000000000018,ORTEC-SYNTH-500-s208_dyn5e
dynamic,500,latest,runtime_ratio,9.185857893534383,ORTEC-SYNTH-500-s208_dyn5e
dynamic,500,retry,served_rate_gain_pp,0.20000000000000018,ORTEC-SYNTH-500-s208_dyn5e
dynamic,500,retry,runtime_ratio,6.256339958875941,ORTEC-SYNTH-500-s208_dyn5e
dynamic,500,latest,served_rate_gain_pp,0.20000000000000018,ORTEC-SYNTH-500-s210_dyn5e
dynamic,500,latest,runtime_ratio,9.503387300493742,ORTEC-SYNTH-500-s210_dyn5e
dynamic,500,retry,served_rate_gain_pp,0.20000000000000018,ORTEC-SYNTH-500-s210_dyn5e
dynamic,500,retry,runtime_ratio,8.465036169479848,ORTEC-SYNTH-500-s210_dyn5e
dynamic,500,latest,served_rate_gain_pp,0.20000000000000018,ORTEC-SYNTH-500-s206_dyn5e
dynamic,500,latest,runtime_ratio,5.834457779987217,ORTEC-SYNTH-500-s206_dyn5e
dynamic,500,retry,served_rate_gain_pp,0.20000000000000018,ORTEC-SYNTH-500-s206_dyn5e
dynamic,500,retry,runtime_ratio,5.834457779987217,ORTEC-SYNTH-500-s206_dyn5e
dynamic,500,latest,served_rate_gain_pp,0.20000000000000018,ORTEC-SYNTH-500-s211_dyn5e
dynamic,500,latest,runtime_ratio,10.897624082597337,ORTEC-SYNTH-500-s211_dyn5e
dynamic,500,retry,served_rate_gain_pp,0.20000000000000018,ORTEC-SYNTH-500-s211_dyn5e
dynamic,500,retry,runtime_ratio,7.703818882945639,ORTEC-SYNTH-500-s211_dyn5e
dynamic,300,latest,served_rate_gain_pp,80.0,ORTEC-SYNTH-300-s91_dyn5e
dynamic,300,latest,runtime_ratio,2.815109096687717,ORTEC-SYNTH-300-s91_dyn5e
dynamic,300,retry,served_rate_gain_pp,100.33000000000001,ORTEC-SYNTH-300-s91_dyn5e
dynamic,300,retry,runtime_ratio,0.8734229690328466,ORTEC-SYNTH-300-s91_dyn5e
dynamic,500,latest,served_rate_gain_pp,0.20000000000000018,ORTEC-SYNTH-500-s212_dyn5e
dynamic,500,latest,runtime_ratio,9.67717684021544,ORTEC-SYNTH-500-s212_dyn5e
dynamic,500,retry,served_rate_gain_pp,0.20000000000000018,ORTEC-SYNTH-500-s212_dyn5e
dynamic,500,retry,runtime_ratio,7.078657989228007,ORTEC-SYNTH-500-s212_dyn5e
dynamic,500,latest,served_rate_gain_pp,0.20000000000000018,ORTEC-SYNTH-500-s213_dyn5e
dynamic,500,latest,runtime_ratio,11.715748031496062,ORTEC-SYNTH-500-s213_dyn5e
dynamic,500,retry,served_rate_gain_pp,0.20000000000000018,ORTEC-SYNTH-500-s213_dyn5e
dynamic,500,retry,runtime_ratio,7.501443569553806,ORTEC-SYNTH-500-s213_dyn5e
dynamic,500,latest,served_rate_gain_pp,0.20000000000000018,ORTEC-SYNTH-500-s214_dyn5e
dynamic,500,latest,runtime_ratio,12.586503067484662,ORTEC-SYNTH-500-s214_dyn5e
dynamic,500,retry,served_rate_gain_pp,0.20000000000000018,ORTEC-SYNTH-500-s214_dyn5e
dynamic,500,retry,runtime_ratio,7.269325153374234,ORTEC-SYNTH-500-s214_dyn5e
dynamic,500,latest,served_rate_gain_pp,0.20000000000000018,ORTEC-SYNTH-500-s215_dyn5e
dynamic,500,latest,runtime_ratio,9.357142857142858,ORTEC-SYNTH-500-s215_dyn5e
dynamic,500,retry,served_rate_gain_pp,0.20000000000000018,ORTEC-SYNTH-500-s215_dyn5e
dynamic,500,retry,runtime_ratio,9.326479076479076,ORTEC-SYNTH-500-s215_dyn5e
dynamic,500,latest,served_rate_gain_pp,0.20000000000000018,ORTEC-SYNTH-500-s216_dyn5e
dynamic,500,latest,runtime_ratio,11.481333517013361,ORTEC-SYNTH-500-s216_dyn5e
dynamic,500,retry,served_rate_gain_pp,0.20000000000000018,ORTEC-SYNTH-500-s216_dyn5e
dynamic,500,retry,runtime_ratio,7.853561096569775,ORTEC-SYNTH-500-s216_dyn5e
dynamic,500,latest,served_rate_gain_pp,0.20000000000000018,ORTEC-SYNTH-500-s217_dyn5e
dynamic,500,latest,runtime_ratio,8.803295112991206,ORTEC-SYNTH-500-s217_dyn5e
dynamic,500,retry,served_rate_gain_pp,0.20000000000000018,ORTEC-SYNTH-500-s217_dyn5e
dynamic,500,retry,runtime_ratio,8.803295112991206,ORTEC-SYNTH-500-s217_dyn5e
dynamic,500,latest,served_rate_gain_pp,0.20000000000000018,ORTEC-SYNTH-500-s219_dyn5e
dynamic,500,latest,runtime_ratio,10.223560079443892,ORTEC-SYNTH-500-s219_dyn5e
dynamic,500,retry,served_rate_gain_pp,0.20000000000000018,ORTEC-SYNTH-500-s219_dyn5e
dynamic,500,retry,runtime_ratio,6.762040714995035,ORTEC-SYNTH-500-s219_dyn5e
dynamic,500,latest,served_rate_gain_pp,0.20000000000000018,ORTEC-SYNTH-500-s220_dyn5e
dynamic,500,latest,runtime_ratio,10.545889228317172,ORTEC-SYNTH-500-s220_dyn5e
dynamic,500,retry,served_rate_gain_pp,0.20000000000000018,ORTEC-SYNTH-500-s220_dyn5e
dynamic,500,retry,runtime_ratio,8.946872094567672,ORTEC-SYNTH-500-s220_dyn5e
dynamic,500,latest,served_rate_gain_pp,0.20000000000000018,ORTEC-SYNTH-500-s221_dyn5e
dynamic,500,latest,runtime_ratio,10.26317186463172,ORTEC-SYNTH-500-s221_dyn5e
dynamic,500,retry,served_rate_gain_pp,0.20000000000000018,ORTEC-SYNTH-500-s221_dyn5e
dynamic,500,retry,runtime_ratio,8.734306569343067,ORTEC-SYNTH-500-s221_dyn5e
dynamic,500,latest,served_rate_gain_pp,0.20000000000000018,ORTEC-SYNTH-500-s218_dyn5e
dynamic,500,latest,runtime_ratio,7.213308064855759,ORTEC-SYNTH-500-s218_dyn5e
dynamic,500,retry,served_rate_gain_pp,20.199999999999996,ORTEC-SYNTH-500-s218_dyn5e
dynamic,500,retry,runtime_ratio,3.2964308275426406,ORTEC-SYNTH-500-s218_dyn5e
dynamic,500,latest,served_rate_gain_pp,0.20000000000000018,ORTEC-SYNTH-500-s222_dyn5e
dynamic,500,latest,runtime_ratio,9.484022762092362,ORTEC-SYNTH-500-s222_dyn5e
dynamic,500,retry,served_rate_gain_pp,0.20000000000000018,ORTEC-SYNTH-500-s222_dyn5e
dynamic,500,retry,runtime_ratio,7.7542131757496175,ORTEC-SYNTH-500-s222_dyn5e
dynamic,500,latest,served_rate_gain_pp,0.20000000000000018,ORTEC-SYNTH-500-s223_dyn5e
dynamic,500,latest,runtime_ratio,10.05877279448004,ORTEC-SYNTH-500-s223_dyn5e
dynamic,500,retry,served_rate_gain_pp,0.20000000000000018,ORTEC-SYNTH-500-s223_dyn5e
dynamic,500,retry,runtime_ratio,10.05877279448004,ORTEC-SYNTH-500-s223_dyn5e
dynamic,500,latest,served_rate_gain_pp,0.20000000000000018,ORTEC-SYNTH-500-s224_dyn5e
dynamic,500,latest,runtime_ratio,10.751602564102564,ORTEC-SYNTH-500-s224_dyn5e
dynamic,500,retry,served_rate_gain_pp,0.20000000000000018,ORTEC-SYNTH-500-s224_dyn5e
dynamic,500,retry,runtime_ratio,10.751602564102564,ORTEC-SYNTH-500-s224_dyn5e
dynamic,500,latest,served_rate_gain_pp,0.20000000000000018,ORTEC-SYNTH-500-s225_dyn5e
dynamic,500,latest,runtime_ratio,10.029178632969558,ORTEC-SYNTH-500-s225_dyn5e
dynamic,500,retry,served_rate_gain_pp,0.20000000000000018,ORTEC-SYNTH-500-s225_dyn5e
dynamic,500,retry,runtime_ratio,6.562550258472142,ORTEC-SYNTH-500-s225_dyn5e
dynamic,500,latest,served_rate_gain_pp,0.20000000000000018,ORTEC-SYNTH-500-s226_dyn5e
dynamic,500,latest,runtime_ratio,10.373323579614729,ORTEC-SYNTH-500-s226_dyn5e
dynamic,500,retry,served_rate_gain_pp,0.20000000000000018,ORTEC-SYNTH-500-s226_dyn5e
dynamic,500,retry,runtime_ratio,9.483784442818825,ORTEC-SYNTH-500-s226_dyn5e
dynamic,500,latest,served_rate_gain_pp,0.20000000000000018,ORTEC-SYNTH-500-s227_dyn5e
dynamic,500,latest,runtime_ratio,10.65829518743041,ORTEC-SYNTH-500-s227_dyn5e
dynamic,500,retry,served_rate_gain_pp,0.20000000000000018,ORTEC-SYNTH-500-s227_dyn5e
dynamic,500,retry,runtime_ratio,8.960287022145243,ORTEC-SYNTH-500-s227_dyn5e
dynamic,500,latest,served_rate_gain_pp,0.0,ORTEC-SYNTH-500-s209_dyn5e
dynamic,500,latest,runtime_ratio,3.060851310664862,ORTEC-SYNTH-500-s209_dyn5e
dynamic,500,retry,served_rate_gain_pp,0.0,ORTEC-SYNTH-500-s209_dyn5e
dynamic,500,retry,runtime_ratio,3.060851310664862,ORTEC-SYNTH-500-s209_dyn5e
dynamic,500,latest,served_rate_gain_pp,0.20000000000000018,ORTEC-SYNTH-500-s228_dyn5e
dynamic,500,latest,runtime_ratio,11.372069825436409,ORTEC-SYNTH-500-s228_dyn5e
dynamic,500,retry,served_rate_gain_pp,0.20000000000000018,ORTEC-SYNTH-500-s228_dyn5e
dynamic,500,retry,runtime_ratio,8.241895261845386,ORTEC-SYNTH-500-s228_dyn5e
dynamic,500,latest,served_rate_gain_pp,0.20000000000000018,ORTEC-SYNTH-500-s229_dyn5e
dynamic,500,latest,runtime_ratio,9.885778275475923,ORTEC-SYNTH-500-s229_dyn5e
dynamic,500,retry,served_rate_gain_pp,0.20000000000000018,ORTEC-SYNTH-500-s229_dyn5e
dynamic,500,retry,runtime_ratio,9.32387706855792,ORTEC-SYNTH-500-s229_dyn5e
dynamic,500,latest,served_rate_gain_pp,0.20000000000000018,ORTEC-SYNTH-500-s230_dyn5e
dynamic,500,latest,runtime_ratio,8.99442863916548,ORTEC-SYNTH-500-s230_dyn5e
dynamic,500,retry,served_rate_gain_pp,0.20000000000000018,ORTEC-SYNTH-500-s230_dyn5e
dynamic,500,retry,runtime_ratio,8.371621621621621,ORTEC-SYNTH-500-s230_dyn5e
dynamic,500,latest,served_rate_gain_pp,0.20000000000000018,ORTEC-SYNTH-500-s231_dyn5e
dynamic,500,latest,runtime_ratio,9.678427542424613,ORTEC-SYNTH-500-s231_dyn5e
dynamic,500,retry,served_rate_gain_pp,0.20000000000000018,ORTEC-SYNTH-500-s231_dyn5e
dynamic,500,retry,runtime_ratio,8.023196190941277,ORTEC-SYNTH-500-s231_dyn5e
dynamic,500,latest,served_rate_gain_pp,0.20000000000000018,ORTEC-SYNTH-500-s233_dyn5e
dynamic,500,latest,runtime_ratio,12.327282960461519,ORTEC-SYNTH-500-s233_dyn5e
dynamic,500,retry,served_rate_gain_pp,0.20000000000000018,ORTEC-SYNTH-500-s233_dyn5e
dynamic,500,retry,runtime_ratio,8.568453637259042,ORTEC-SYNTH-500-s233_dyn5e
dynamic,500,latest,served_rate_gain_pp,0.20000000000000018,ORTEC-SYNTH-500-s232_dyn5e
dynamic,500,latest,runtime_ratio,9.381546134663342,ORTEC-SYNTH-500-s232_dyn5e
dynamic,500,retry,served_rate_gain_pp,0.20000000000000018,ORTEC-SYNTH-500-s232_dyn5e
dynamic,500,retry,runtime_ratio,8.262604358668545,ORTEC-SYNTH-500-s232_dyn5e
dynamic,500,latest,served_rate_gain_pp,0.20000000000000018,ORTEC-SYNTH-500-s234_dyn5e
dynamic,500,latest,runtime_ratio,11.003136369338854,ORTEC-SYNTH-500-s234_dyn5e
dynamic,500,retry,served_rate_gain_pp,0.20000000000000018,ORTEC-SYNTH-500-s234_dyn5e
dynamic,500,retry,runtime_ratio,9.200978547233722,ORTEC-SYNTH-500-s234_dyn5e
dynamic,500,latest,served_rate_gain_pp,0.20000000000000018,ORTEC-SYNTH-500-s235_dyn5e
dynamic,500,latest,runtime_ratio,9.468433104350671,ORTEC-SYNTH-500-s235_dyn5e
dynamic,500,retry,served_rate_gain_pp,0.20000000000000018,ORTEC-SYNTH-500-s235_dyn5e
dynamic,500,retry,runtime_ratio,8.718896521644314,ORTEC-SYNTH-500-s235_dyn5e
dynamic,500,latest,served_rate_gain_pp,0.20000000000000018,ORTEC-SYNTH-500-s236_dyn5e
dynamic,500,latest,runtime_ratio,10.340264187866927,ORTEC-SYNTH-500-s236_dyn5e
dynamic,500,retry,served_rate_gain_pp,0.20000000000000018,ORTEC-SYNTH-500-s236_dyn5e
dynamic,500,retry,runtime_ratio,8.010885518590998,ORTEC-SYNTH-500-s236_dyn5e
dynamic,500,latest,served_rate_gain_pp,0.20000000000000018,ORTEC-SYNTH-500-s237_dyn5e
dynamic,500,latest,runtime_ratio,10.319428643660725,ORTEC-SYNTH-500-s237_dyn5e
dynamic,500,retry,served_rate_gain_pp,0.20000000000000018,ORTEC-SYNTH-500-s237_dyn5e
dynamic,500,retry,runtime_ratio,7.52774617621034,ORTEC-SYNTH-500-s237_dyn5e
dynamic,500,latest,served_rate_gain_pp,0.20000000000000018,ORTEC-SYNTH-500-s239_dyn5e
dynamic,500,latest,runtime_ratio,9.987637698898409,ORTEC-SYNTH-500-s239_dyn5e
dynamic,500,retry,served_rate_gain_pp,0.20000000000000018,ORTEC-SYNTH-500-s239_dyn5e
dynamic,500,retry,runtime_ratio,7.5100367197062425,ORTEC-SYNTH-500-s239_dyn5e
dynamic,500,latest,served_rate_gain_pp,0.20000000000000018,ORTEC-SYNTH-500-s240_dyn5e
dynamic,500,latest,runtime_ratio,10.92523897845627,ORTEC-SYNTH-500-s240_dyn5e
dynamic,500,retry,served_rate_gain_pp,0.20000000000000018,ORTEC-SYNTH-500-s240_dyn5e
dynamic,500,retry,runtime_ratio,8.064203167356256,ORTEC-SYNTH-500-s240_dyn5e
dynamic,500,latest,served_rate_gain_pp,0.20000000000000018,ORTEC-SYNTH-500-s241_dyn5e
dynamic,500,latest,runtime_ratio,8.38453299057412,ORTEC-SYNTH-500-s241_dyn5e
dynamic,500,retry,served_rate_gain_pp,0.20000000000000018,ORTEC-SYNTH-500-s241_dyn5e
dynamic,500,retry,runtime_ratio,7.699764353041989,ORTEC-SYNTH-500-s241_dyn5e
dynamic,500,latest,served_rate_gain_pp,0.20000000000000018,ORTEC-SYNTH-500-s242_dyn5e
dynamic,500,latest,runtime_ratio,11.21241177253962,ORTEC-SYNTH-500-s242_dyn5e
dynamic,500,retry,served_rate_gain_pp,0.20000000000000018,ORTEC-SYNTH-500-s242_dyn5e
dynamic,500,retry,runtime_ratio,8.09628445864962,ORTEC-SYNTH-500-s242_dyn5e
dynamic,500,latest,served_rate_gain_pp,0.20000000000000018,ORTEC-SYNTH-500-s238_dyn5e
dynamic,500,latest,runtime_ratio,6.35047420645798,ORTEC-SYNTH-500-s238_dyn5e
dynamic,500,retry,served_rate_gain_pp,20.199999999999996,ORTEC-SYNTH-500-s238_dyn5e
dynamic,500,retry,runtime_ratio,3.5894961899018694,ORTEC-SYNTH-500-s238_dyn5e
dynamic,500,latest,served_rate_gain_pp,0.20000000000000018,ORTEC-SYNTH-500-s243_dyn5e
dynamic,500,latest,runtime_ratio,11.075813128326434,ORTEC-SYNTH-500-s243_dyn5e
dynamic,500,retry,served_rate_gain_pp,0.20000000000000018,ORTEC-SYNTH-500-s243_dyn5e
dynamic,500,retry,runtime_ratio,8.316972205795388,ORTEC-SYNTH-500-s243_dyn5e
dynamic,500,latest,served_rate_gain_pp,0.20000000000000018,ORTEC-SYNTH-500-s244_dyn5e
dynamic,500,latest,runtime_ratio,8.983525708289612,ORTEC-SYNTH-500-s244_dyn5e
dynamic,500,retry,served_rate_gain_pp,0.20000000000000018,ORTEC-SYNTH-500-s244_dyn5e
dynamic,500,retry,runtime_ratio,6.840923399790137,ORTEC-SYNTH-500-s244_dyn5e
dynamic,500,latest,served_rate_gain_pp,0.20000000000000018,ORTEC-SYNTH-500-s245_dyn5e
dynamic,500,latest,runtime_ratio,8.915972830850132,ORTEC-SYNTH-500-s245_dyn5e
dynamic,500,retry,served_rate_gain_pp,0.20000000000000018,ORTEC-SYNTH-500-s245_dyn5e
dynamic,500,retry,runtime_ratio,6.348269062226118,ORTEC-SYNTH-500-s245_dyn5e
dynamic,500,latest,served_rate_gain_pp,0.20000000000000018,ORTEC-SYNTH-500-s246_dyn5e
dynamic,500,latest,runtime_ratio,10.257233592095979,ORTEC-SYNTH-500-s246_dyn5e
dynamic,500,retry,served_rate_gain_pp,0.20000000000000018,ORTEC-SYNTH-500-s246_dyn5e
dynamic,500,retry,runtime_ratio,8.363208656786638,ORTEC-SYNTH-500-s246_dyn5e
dynamic,500,latest,served_rate_gain_pp,0.20000000000000018,ORTEC-SYNTH-500-s247_dyn5e
dynamic,500,latest,runtime_ratio,8.295191664276837,ORTEC-SYNTH-500-s247_dyn5e
dynamic,500,retry,served_rate_gain_pp,0.20000000000000018,ORTEC-SYNTH-500-s247_dyn5e
dynamic,500,retry,runtime_ratio,5.894943122072459,ORTEC-SYNTH-500-s247_dyn5e
dynamic,500,latest,served_rate_gain_pp,0.20000000000000018,ORTEC-SYNTH-500-s248_dyn5e
dynamic,500,latest,runtime_ratio,9.064345884502183,ORTEC-SYNTH-500-s248_dyn5e
dynamic,500,retry,served_rate_gain_pp,0.20000000000000018,ORTEC-SYNTH-500-s248_dyn5e
dynamic,500,retry,runtime_ratio,5.993200040596772,ORTEC-SYNTH-500-s248_dyn5e
dynamic,500,latest,served_rate_gain_pp,0.20000000000000018,ORTEC-SYNTH-500-s249_dyn5e
dynamic,500,latest,runtime_ratio,8.59196848670533,ORTEC-SYNTH-500-s249_dyn5e
dynamic,500,retry,served_rate_gain_pp,0.20000000000000018,ORTEC-SYNTH-500-s249_dyn5e
dynamic,500,retry,runtime_ratio,8.316883685304738,ORTEC-SYNTH-500-s249_dyn5e
dynamic,500,latest,served_rate_gain_pp,0.20000000000000018,ORTEC-SYNTH-500-s251_dyn5e
dynamic,500,latest,runtime_ratio,9.109779792746114,ORTEC-SYNTH-500-s251_dyn5e
dynamic,500,retry,served_rate_gain_pp,0.20000000000000018,ORTEC-SYNTH-500-s251_dyn5e
dynamic,500,retry,runtime_ratio,6.598553540587219,ORTEC-SYNTH-500-s251_dyn5e
dynamic,500,latest,served_rate_gain_pp,0.20000000000000018,ORTEC-SYNTH-500-s253_dyn5e
dynamic,500,latest,runtime_ratio,9.307648916967509,ORTEC-SYNTH-500-s253_dyn5e
dynamic,500,retry,served_rate_gain_pp,0.20000000000000018,ORTEC-SYNTH-500-s253_dyn5e
dynamic,500,retry,runtime_ratio,9.307648916967509,ORTEC-SYNTH-500-s253_dyn5e
dynamic,500,latest,served_rate_gain_pp,0.20000000000000018,ORTEC-SYNTH-500-s254_dyn5e
dynamic,500,latest,runtime_ratio,9.667886550777677,ORTEC-SYNTH-500-s254_dyn5e
dynamic,500,retry,served_rate_gain_pp,0.20000000000000018,ORTEC-SYNTH-500-s254_dyn5e
dynamic,500,retry,runtime_ratio,9.07788197621226,ORTEC-SYNTH-500-s254_dyn5e
dynamic,500,latest,served_rate_gain_pp,0.20000000000000018,ORTEC-SYNTH-500-s256_dyn5e
dynamic,500,latest,runtime_ratio,9.37941787941788,ORTEC-SYNTH-500-s256_dyn5e
dynamic,500,retry,served_rate_gain_pp,0.20000000000000018,ORTEC-SYNTH-500-s256_dyn5e
dynamic,500,retry,runtime_ratio,7.3481173481173485,ORTEC-SYNTH-500-s256_dyn5e
dynamic,500,latest,served_rate_gain_pp,0.20000000000000018,ORTEC-SYNTH-500-s257_dyn5e
dynamic,500,latest,runtime_ratio,10.674765912054047,ORTEC-SYNTH-500-s257_dyn5e
dynamic,500,retry,served_rate_gain_pp,0.20000000000000018,ORTEC-SYNTH-500-s257_dyn5e
dynamic,500,retry,runtime_ratio,9.422899134763542,ORTEC-SYNTH-500-s257_dyn5e
dynamic,500,latest,served_rate_gain_pp,0.20000000000000018,ORTEC-SYNTH-500-s252_dyn5e
dynamic,500,latest,runtime_ratio,5.433194101957627,ORTEC-SYNTH-500-s252_dyn5e
dynamic,500,retry,served_rate_gain_pp,60.199999999999996,ORTEC-SYNTH-500-s252_dyn5e
dynamic,500,retry,runtime_ratio,2.476800362337074,ORTEC-SYNTH-500-s252_dyn5e
dynamic,500,latest,served_rate_gain_pp,0.20000000000000018,ORTEC-SYNTH-500-s258_dyn5e
dynamic,500,latest,runtime_ratio,9.83845173252984,ORTEC-SYNTH-500-s258_dyn5e
dynamic,500,retry,served_rate_gain_pp,0.20000000000000018,ORTEC-SYNTH-500-s258_dyn5e
dynamic,500,retry,runtime_ratio,9.83845173252984,ORTEC-SYNTH-500-s258_dyn5e
dynamic,500,latest,served_rate_gain_pp,0.20000000000000018,ORTEC-SYNTH-500-s259_dyn5e
dynamic,500,latest,runtime_ratio,10.662692043109379,ORTEC-SYNTH-500-s259_dyn5e
dynamic,500,retry,served_rate_gain_pp,0.20000000000000018,ORTEC-SYNTH-500-s259_dyn5e
dynamic,500,retry,runtime_ratio,9.116831002063746,ORTEC-SYNTH-500-s259_dyn5e
dynamic,500,latest,served_rate_gain_pp,0.20000000000000018,ORTEC-SYNTH-500-s260_dyn5e
dynamic,500,latest,runtime_ratio,8.62050466918339,ORTEC-SYNTH-500-s260_dyn5e
dynamic,500,retry,served_rate_gain_pp,0.20000000000000018,ORTEC-SYNTH-500-s260_dyn5e
dynamic,500,retry,runtime_ratio,5.76624279753626,ORTEC-SYNTH-500-s260_dyn5e
dynamic,500,latest,served_rate_gain_pp,0.20000000000000018,ORTEC-SYNTH-500-s255_dyn5e
dynamic,500,latest,runtime_ratio,4.724259431706642,ORTEC-SYNTH-500-s255_dyn5e
dynamic,500,retry,served_rate_gain_pp,60.199999999999996,ORTEC-SYNTH-500-s255_dyn5e
dynamic,500,retry,runtime_ratio,1.5807515163717818,ORTEC-SYNTH-500-s255_dyn5e
dynamic,500,latest,served_rate_gain_pp,0.20000000000000018,ORTEC-SYNTH-500-s261_dyn5e
dynamic,500,latest,runtime_ratio,9.587582651574582,ORTEC-SYNTH-500-s261_dyn5e
dynamic,500,retry,served_rate_gain_pp,0.20000000000000018,ORTEC-SYNTH-500-s261_dyn5e
dynamic,500,retry,runtime_ratio,8.173372184242966,ORTEC-SYNTH-500-s261_dyn5e
dynamic,500,latest,served_rate_gain_pp,0.20000000000000018,ORTEC-SYNTH-500-s262_dyn5e
dynamic,500,latest,runtime_ratio,11.946090588695993,ORTEC-SYNTH-500-s262_dyn5e
dynamic,500,retry,served_rate_gain_pp,0.20000000000000018,ORTEC-SYNTH-500-s262_dyn5e
dynamic,500,retry,runtime_ratio,8.825871296175434,ORTEC-SYNTH-500-s262_dyn5e
dynamic,500,latest,served_rate_gain_pp,0.20000000000000018,ORTEC-SYNTH-500-s263_dyn5e
dynamic,500,latest,runtime_ratio,9.168839495618721,ORTEC-SYNTH-500-s263_dyn5e
dynamic,500,retry,served_rate_gain_pp,0.20000000000000018,ORTEC-SYNTH-500-s263_dyn5e
dynamic,500,retry,runtime_ratio,8.580252190639026,ORTEC-SYNTH-500-s263_dyn5e
dynamic,500,latest,served_rate_gain_pp,38.6,ORTEC-SYNTH-500-s250_dyn5e
dynamic,500,latest,runtime_ratio,2.569225043420726,ORTEC-SYNTH-500-s250_dyn5e
dynamic,500,retry,served_rate_gain_pp,100.2,ORTEC-SYNTH-500-s250_dyn5e
dynamic,500,retry,runtime_ratio,0.991563973203209,ORTEC-SYNTH-500-s250_dyn5e
dynamic,500,latest,served_rate_gain_pp,0.20000000000000018,ORTEC-SYNTH-500-s264_dyn5e
dynamic,500,latest,runtime_ratio,9.315941385435169,ORTEC-SYNTH-500-s264_dyn5e
dynamic,500,retry,served_rate_gain_pp,0.20000000000000018,ORTEC-SYNTH-500-s264_dyn5e
dynamic,500,retry,runtime_ratio,7.871003552397869,ORTEC-SYNTH-500-s264_dyn5e
dynamic,500,latest,served_rate_gain_pp,0.20000000000000018,ORTEC-SYNTH-500-s265_dyn5e
dynamic,500,latest,runtime_ratio,9.716917375190757,ORTEC-SYNTH-500-s265_dyn5e
dynamic,500,retry,served_rate_gain_pp,0.20000000000000018,ORTEC-SYNTH-500-s265_dyn5e
dynamic,500,retry,runtime_ratio,8.22640069762372,ORTEC-SYNTH-500-s265_dyn5e
dynamic,500,latest,served_rate_gain_pp,0.20000000000000018,ORTEC-SYNTH-500-s266_dyn5e
dynamic,500,latest,runtime_ratio,9.80154207173986,ORTEC-SYNTH-500-s266_dyn5e
dynamic,500,retry,served_rate_gain_pp,0.20000000000000018,ORTEC-SYNTH-500-s266_dyn5e
dynamic,500,retry,runtime_ratio,8.762096323611578,ORTEC-SYNTH-500-s266_dyn5e
dynamic,500,latest,served_rate_gain_pp,0.20000000000000018,ORTEC-SYNTH-500-s268_dyn5e
dynamic,500,latest,runtime_ratio,11.205317389645083,ORTEC-SYNTH-500-s268_dyn5e
dynamic,500,retry,served_rate_gain_pp,0.20000000000000018,ORTEC-SYNTH-500-s268_dyn5e
dynamic,500,retry,runtime_ratio,8.745961073654751,ORTEC-SYNTH-500-s268_dyn5e
dynamic,500,latest,served_rate_gain_pp,0.20000000000000018,ORTEC-SYNTH-500-s267_dyn5e
dynamic,500,latest,runtime_ratio,9.393039443155452,ORTEC-SYNTH-500-s267_dyn5e
dynamic,500,retry,served_rate_gain_pp,0.20000000000000018,ORTEC-SYNTH-500-s267_dyn5e
dynamic,500,retry,runtime_ratio,7.160556844547564,ORTEC-SYNTH-500-s267_dyn5e
dynamic,500,latest,served_rate_gain_pp,0.20000000000000018,ORTEC-SYNTH-500-s269_dyn5e
dynamic,500,latest,runtime_ratio,8.207914151576123,ORTEC-SYNTH-500-s269_dyn5e
dynamic,500,retry,served_rate_gain_pp,0.20000000000000018,ORTEC-SYNTH-500-s269_dyn5e
dynamic,500,retry,runtime_ratio,6.526300661109514,ORTEC-SYNTH-500-s269_dyn5e
dynamic,500,latest,served_rate_gain_pp,0.20000000000000018,ORTEC-SYNTH-500-s45_dyn5e
dynamic,500,latest,runtime_ratio,8.739139603542808,ORTEC-SYNTH-500-s45_dyn5e
dynamic,500,retry,served_rate_gain_pp,0.20000000000000018,ORTEC-SYNTH-500-s45_dyn5e
dynamic,500,retry,runtime_ratio,7.448861239983129,ORTEC-SYNTH-500-s45_dyn5e
dynamic,500,latest,served_rate_gain_pp,0.20000000000000018,ORTEC-SYNTH-500-s46_dyn5e
dynamic,500,latest,runtime_ratio,9.602498786996604,ORTEC-SYNTH-500-s46_dyn5e
dynamic,500,retry,served_rate_gain_pp,0.20000000000000018,ORTEC-SYNTH-500-s46_dyn5e
dynamic,500,retry,runtime_ratio,8.613779718583212,ORTEC-SYNTH-500-s46_dyn5e
dynamic,500,latest,served_rate_gain_pp,0.20000000000000018,ORTEC-SYNTH-500-s47_dyn5e
dynamic,500,latest,runtime_ratio,11.58424047501237,ORTEC-SYNTH-500-s47_dyn5e
dynamic,500,retry,served_rate_gain_pp,0.20000000000000018,ORTEC-SYNTH-500-s47_dyn5e
dynamic,500,retry,runtime_ratio,8.896956952003958,ORTEC-SYNTH-500-s47_dyn5e
dynamic,800,latest,served_rate_gain_pp,0.12000000000000899,ORTEC-SYNTH-800-s400_dyn5e
dynamic,800,latest,runtime_ratio,5.548640069708098,ORTEC-SYNTH-800-s400_dyn5e
dynamic,800,retry,served_rate_gain_pp,0.12000000000000899,ORTEC-SYNTH-800-s400_dyn5e
dynamic,800,retry,runtime_ratio,5.548640069708098,ORTEC-SYNTH-800-s400_dyn5e
dynamic,800,latest,served_rate_gain_pp,0.12000000000000899,ORTEC-SYNTH-800-s401_dyn5e
dynamic,800,latest,runtime_ratio,5.660368128172201,ORTEC-SYNTH-800-s401_dyn5e
dynamic,800,retry,served_rate_gain_pp,0.12000000000000899,ORTEC-SYNTH-800-s401_dyn5e
dynamic,800,retry,runtime_ratio,5.255732893047147,ORTEC-SYNTH-800-s401_dyn5e
dynamic,800,latest,served_rate_gain_pp,-1.6199999999999992,ORTEC-SYNTH-800-s403_dyn5e
dynamic,800,latest,runtime_ratio,4.967946267678698,ORTEC-SYNTH-800-s403_dyn5e
dynamic,800,retry,served_rate_gain_pp,0.12000000000000899,ORTEC-SYNTH-800-s403_dyn5e
dynamic,800,retry,runtime_ratio,4.517938076776061,ORTEC-SYNTH-800-s403_dyn5e
dynamic,800,latest,served_rate_gain_pp,0.12000000000000899,ORTEC-SYNTH-800-s405_dyn5e
dynamic,800,latest,runtime_ratio,5.985082610246048,ORTEC-SYNTH-800-s405_dyn5e
dynamic,800,retry,served_rate_gain_pp,0.12000000000000899,ORTEC-SYNTH-800-s405_dyn5e
dynamic,800,retry,runtime_ratio,4.245156305717342,ORTEC-SYNTH-800-s405_dyn5e
dynamic,800,latest,served_rate_gain_pp,0.12000000000000899,ORTEC-SYNTH-800-s406_dyn5e
dynamic,800,latest,runtime_ratio,6.6679760181930945,ORTEC-SYNTH-800-s406_dyn5e
dynamic,800,retry,served_rate_gain_pp,0.12000000000000899,ORTEC-SYNTH-800-s406_dyn5e
dynamic,800,retry,runtime_ratio,5.700640893115567,ORTEC-SYNTH-800-s406_dyn5e
dynamic,800,latest,served_rate_gain_pp,0.12000000000000899,ORTEC-SYNTH-800-s408_dyn5e
dynamic,800,latest,runtime_ratio,5.434031674772416,ORTEC-SYNTH-800-s408_dyn5e
dynamic,800,retry,served_rate_gain_pp,0.12000000000000899,ORTEC-SYNTH-800-s408_dyn5e
dynamic,800,retry,runtime_ratio,5.434031674772416,ORTEC-SYNTH-800-s408_dyn5e
dynamic,800,latest,served_rate_gain_pp,0.12999999999999956,ORTEC-SYNTH-800-s402_dyn5e
dynamic,800,latest,runtime_ratio,4.121357545974584,ORTEC-SYNTH-800-s402_dyn5e
dynamic,800,retry,served_rate_gain_pp,80.12000000000002,ORTEC-SYNTH-800-s402_dyn5e
dynamic,800,retry,runtime_ratio,1.6482896302837176,ORTEC-SYNTH-800-s402_dyn5e
dynamic,800,latest,served_rate_gain_pp,0.11999999999999789,ORTEC-SYNTH-800-s407_dyn5e
dynamic,800,latest,runtime_ratio,4.741166380789022,ORTEC-SYNTH-800-s407_dyn5e
dynamic,800,retry,served_rate_gain_pp,40.12000000000001,ORTEC-SYNTH-800-s407_dyn5e
dynamic,800,retry,runtime_ratio,2.220926243567753,ORTEC-SYNTH-800-s407_dyn5e
dynamic,800,latest,served_rate_gain_pp,0.12000000000000899,ORTEC-SYNTH-800-s409_dyn5e
dynamic,800,latest,runtime_ratio,6.866519127410686,ORTEC-SYNTH-800-s409_dyn5e
dynamic,800,retry,served_rate_gain_pp,0.12000000000000899,ORTEC-SYNTH-800-s409_dyn5e
dynamic,800,retry,runtime_ratio,5.211760986405311,ORTEC-SYNTH-800-s409_dyn5e
dynamic,800,latest,served_rate_gain_pp,0.12000000000000899,ORTEC-SYNTH-800-s411_dyn5e
dynamic,800,latest,runtime_ratio,6.705776949541284,ORTEC-SYNTH-800-s411_dyn5e
dynamic,800,retry,served_rate_gain_pp,0.12000000000000899,ORTEC-SYNTH-800-s411_dyn5e
dynamic,800,retry,runtime_ratio,4.241900802752293,ORTEC-SYNTH-800-s411_dyn5e
dynamic,800,latest,served_rate_gain_pp,0.12000000000000899,ORTEC-SYNTH-800-s412_dyn5e
dynamic,800,latest,runtime_ratio,5.302776788892845,ORTEC-SYNTH-800-s412_dyn5e
dynamic,800,retry,served_rate_gain_pp,0.12000000000000899,ORTEC-SYNTH-800-s412_dyn5e
dynamic,800,retry,runtime_ratio,4.2312210751157,ORTEC-SYNTH-800-s412_dyn5e
dynamic,800,latest,served_rate_gain_pp,91.0,ORTEC-SYNTH-800-s404_dyn5e
dynamic,800,latest,runtime_ratio,2.3691915103787955,ORTEC-SYNTH-800-s404_dyn5e
dynamic,800,retry,served_rate_gain_pp,100.12,ORTEC-SYNTH-800-s404_dyn5e
dynamic,800,retry,runtime_ratio,1.4105283376092412,ORTEC-SYNTH-800-s404_dyn5e
dynamic,800,latest,served_rate_gain_pp,0.12000000000000899,ORTEC-SYNTH-800-s413_dyn5e
dynamic,800,latest,runtime_ratio,5.86217008797654,ORTEC-SYNTH-800-s413_dyn5e
dynamic,800,retry,served_rate_gain_pp,0.12000000000000899,ORTEC-SYNTH-800-s413_dyn5e
dynamic,800,retry,runtime_ratio,5.578299120234605,ORTEC-SYNTH-800-s413_dyn5e
dynamic,800,latest,served_rate_gain_pp,0.12000000000000899,ORTEC-SYNTH-800-s414_dyn5e
dynamic,800,latest,runtime_ratio,5.724546863418907,ORTEC-SYNTH-800-s414_dyn5e
dynamic,800,retry,served_rate_gain_pp,0.12000000000000899,ORTEC-SYNTH-800-s414_dyn5e
dynamic,800,retry,runtime_ratio,4.7795970621925745,ORTEC-SYNTH-800-s414_dyn5e
dynamic,800,latest,served_rate_gain_pp,0.12000000000000899,ORTEC-SYNTH-800-s415_dyn5e
dynamic,800,latest,runtime_ratio,5.707541548036814,ORTEC-SYNTH-800-s415_dyn5e
dynamic,800,retry,served_rate_gain_pp,0.12000000000000899,ORTEC-SYNTH-800-s415_dyn5e
dynamic,800,retry,runtime_ratio,5.455604846719195,ORTEC-SYNTH-800-s415_dyn5e
dynamic,800,latest,served_rate_gain_pp,80.0,ORTEC-SYNTH-800-s410_dyn5e
dynamic,800,latest,runtime_ratio,4.478390723822909,ORTEC-SYNTH-800-s410_dyn5e
dynamic,800,retry,served_rate_gain_pp,80.0,ORTEC-SYNTH-800-s410_dyn5e
dynamic,800,retry,runtime_ratio,4.478390723822909,ORTEC-SYNTH-800-s410_dyn5e
dynamic,800,latest,served_rate_gain_pp,-0.7499999999999951,ORTEC-SYNTH-800-s416_dyn5e
dynamic,800,latest,runtime_ratio,5.7776595744680845,ORTEC-SYNTH-800-s416_dyn5e
dynamic,800,retry,served_rate_gain_pp,0.12000000000000899,ORTEC-SYNTH-800-s416_dyn5e
dynamic,800,retry,runtime_ratio,5.827346683354192,ORTEC-SYNTH-800-s416_dyn5e
dynamic,800,latest,served_rate_gain_pp,0.12000000000000899,ORTEC-SYNTH-800-s419_dyn5e
dynamic,800,latest,runtime_ratio,5.960151570712627,ORTEC-SYNTH-800-s419_dyn5e
dynamic,800,retry,served_rate_gain_pp,0.12000000000000899,ORTEC-SYNTH-800-s419_dyn5e
dynamic,800,retry,runtime_ratio,3.7838895000611172,ORTEC-SYNTH-800-s419_dyn5e
dynamic,800,latest,served_rate_gain_pp,0.12000000000000899,ORTEC-SYNTH-800-s420_dyn5e
dynamic,800,latest,runtime_ratio,4.816073632250103,ORTEC-SYNTH-800-s420_dyn5e
dynamic,800,retry,served_rate_gain_pp,0.12000000000000899,ORTEC-SYNTH-800-s420_dyn5e
dynamic,800,retry,runtime_ratio,3.9265734265734267,ORTEC-SYNTH-800-s420_dyn5e
dynamic,800,latest,served_rate_gain_pp,0.12000000000000899,ORTEC-SYNTH-800-s421_dyn5e
dynamic,800,latest,runtime_ratio,4.973210523147312,ORTEC-SYNTH-800-s421_dyn5e
dynamic,800,retry,served_rate_gain_pp,0.12000000000000899,ORTEC-SYNTH-800-s421_dyn5e
dynamic,800,retry,runtime_ratio,4.973210523147312,ORTEC-SYNTH-800-s421_dyn5e
dynamic,800,latest,served_rate_gain_pp,0.12000000000000899,ORTEC-SYNTH-800-s422_dyn5e
dynamic,800,latest,runtime_ratio,5.147284680404398,ORTEC-SYNTH-800-s422_dyn5e
dynamic,800,retry,served_rate_gain_pp,0.12000000000000899,ORTEC-SYNTH-800-s422_dyn5e
dynamic,800,retry,runtime_ratio,4.242859510524281,ORTEC-SYNTH-800-s422_dyn5e
dynamic,800,latest,served_rate_gain_pp,0.12999999999999956,ORTEC-SYNTH-800-s418_dyn5e
dynamic,800,latest,runtime_ratio,4.102356406480118,ORTEC-SYNTH-800-s418_dyn5e
dynamic,800,retry,served_rate_gain_pp,0.12999999999999956,ORTEC-SYNTH-800-s418_dyn5e
dynamic,800,retry,runtime_ratio,4.102356406480118,ORTEC-SYNTH-800-s418_dyn5e
dynamic,800,latest,served_rate_gain_pp,0.12000000000000899,ORTEC-SYNTH-800-s423_dyn5e
dynamic,800,latest,runtime_ratio,4.721617231213525,ORTEC-SYNTH-800-s423_dyn5e
dynamic,800,retry,served_rate_gain_pp,0.12000000000000899,ORTEC-SYNTH-800-s423_dyn5e
dynamic,800,retry,runtime_ratio,4.721617231213525,ORTEC-SYNTH-800-s423_dyn5e
dynamic,800,latest,served_rate_gain_pp,0.12000000000000899,ORTEC-SYNTH-800-s424_dyn5e
dynamic,800,latest,runtime_ratio,5.64980049731105,ORTEC-SYNTH-800-s424_dyn5e
dynamic,800,retry,served_rate_gain_pp,0.12000000000000899,ORTEC-SYNTH-800-s424_dyn5e
dynamic,800,retry,runtime_ratio,3.7429595790204124,ORTEC-SYNTH-800-s424_dyn5e
dynamic,800,latest,served_rate_gain_pp,0.12000000000000899,ORTEC-SYNTH-800-s425_dyn5e
dynamic,800,latest,runtime_ratio,5.92195499464222,ORTEC-SYNTH-800-s425_dyn5e
dynamic,800,retry,served_rate_gain_pp,0.12000000000000899,ORTEC-SYNTH-800-s425_dyn5e
dynamic,800,retry,runtime_ratio,5.33920704845815,ORTEC-SYNTH-800-s425_dyn5e
dynamic,800,latest,served_rate_gain_pp,0.0,ORTEC-SYNTH-800-s417_dyn5e
dynamic,800,latest,runtime_ratio,3.04545579502969,ORTEC-SYNTH-800-s417_dyn5e
dynamic,800,retry,served_rate_gain_pp,0.0,ORTEC-SYNTH-800-s417_dyn5e
dynamic,800,retry,runtime_ratio,3.04545579502969,ORTEC-SYNTH-800-s417_dyn5e
dynamic,800,latest,served_rate_gain_pp,0.12000000000000899,ORTEC-SYNTH-800-s427_dyn5e
dynamic,800,latest,runtime_ratio,5.037791382152108,ORTEC-SYNTH-800-s427_dyn5e
dynamic,800,retry,served_rate_gain_pp,0.12000000000000899,ORTEC-SYNTH-800-s427_dyn5e
dynamic,800,retry,runtime_ratio,4.884330115375559,ORTEC-SYNTH-800-s427_dyn5e
dynamic,800,latest,served_rate_gain_pp,0.12000000000000899,ORTEC-SYNTH-800-s430_dyn5e
dynamic,800,latest,runtime_ratio,4.853521596531214,ORTEC-SYNTH-800-s430_dyn5e
dynamic,800,retry,served_rate_gain_pp,0.12000000000000899,ORTEC-SYNTH-800-s430_dyn5e
dynamic,800,retry,runtime_ratio,4.194674523319807,ORTEC-SYNTH-800-s430_dyn5e
dynamic,800,latest,served_rate_gain_pp,0.12999999999999956,ORTEC-SYNTH-800-s426_dyn5e
dynamic,800,latest,runtime_ratio,3.712165246055121,ORTEC-SYNTH-800-s426_dyn5e
dynamic,800,retry,served_rate_gain_pp,80.12000000000002,ORTEC-SYNTH-800-s426_dyn5e
dynamic,800,retry,runtime_ratio,1.7889367844116324,ORTEC-SYNTH-800-s426_dyn5e
dynamic,800,latest,served_rate_gain_pp,0.12999999999999956,ORTEC-SYNTH-800-s429_dyn5e
dynamic,800,latest,runtime_ratio,4.838402569347531,ORTEC-SYNTH-800-s429_dyn5e
dynamic,800,retry,served_rate_gain_pp,80.12000000000002,ORTEC-SYNTH-800-s429_dyn5e
dynamic,800,retry,runtime_ratio,2.325718327630044,ORTEC-SYNTH-800-s429_dyn5e
dynamic,800,latest,served_rate_gain_pp,0.12000000000000899,ORTEC-SYNTH-800-s432_dyn5e
dynamic,800,latest,runtime_ratio,5.311049011177987,ORTEC-SYNTH-800-s432_dyn5e
dynamic,800,retry,served_rate_gain_pp,0.12000000000000899,ORTEC-SYNTH-800-s432_dyn5e
dynamic,800,retry,runtime_ratio,3.506771281169389,ORTEC-SYNTH-800-s432_dyn5e
dynamic,800,latest,served_rate_gain_pp,0.12000000000000899,ORTEC-SYNTH-800-s434_dyn5e
dynamic,800,latest,runtime_ratio,6.122784630653622,ORTEC-SYNTH-800-s434_dyn5e
dynamic,800,retry,served_rate_gain_pp,0.12000000000000899,ORTEC-SYNTH-800-s434_dyn5e
dynamic,800,retry,runtime_ratio,6.122784630653622,ORTEC-SYNTH-800-s434_dyn5e
dynamic,800,latest,served_rate_gain_pp,2.13,ORTEC-SYNTH-800-s428_dyn5e
dynamic,800,latest,runtime_ratio,3.2781801223493265,ORTEC-SYNTH-800-s428_dyn5e
dynamic,800,retry,served_rate_gain_pp,100.12,ORTEC-SYNTH-800-s428_dyn5e
dynamic,800,retry,runtime_ratio,1.5509560255671688,ORTEC-SYNTH-800-s428_dyn5e
dynamic,800,latest,served_rate_gain_pp,0.12999999999999678,ORTEC-SYNTH-800-s433_dyn5e
dynamic,800,latest,runtime_ratio,5.935385002938954,ORTEC-SYNTH-800-s433_dyn5e
dynamic,800,retry,served_rate_gain_pp,20.120000000000005,ORTEC-SYNTH-800-s433_dyn5e
dynamic,800,retry,runtime_ratio,3.4248887396086993,ORTEC-SYNTH-800-s433_dyn5e
dynamic,800,latest,served_rate_gain_pp,0.12999999999999956,ORTEC-SYNTH-800-s431_dyn5e
dynamic,800,latest,runtime_ratio,5.328782751619453,ORTEC-SYNTH-800-s431_dyn5e
dynamic,800,retry,served_rate_gain_pp,80.12000000000002,ORTEC-SYNTH-800-s431_dyn5e
dynamic,800,retry,runtime_ratio,1.5295755583486417,ORTEC-SYNTH-800-s431_dyn5e
dynamic,800,latest,served_rate_gain_pp,0.12000000000000899,ORTEC-SYNTH-800-s438_dyn5e
dynamic,800,latest,runtime_ratio,5.3854140761004725,ORTEC-SYNTH-800-s438_dyn5e
dynamic,800,retry,served_rate_gain_pp,0.12000000000000899,ORTEC-SYNTH-800-s438_dyn5e
dynamic,800,retry,runtime_ratio,5.3854140761004725,ORTEC-SYNTH-800-s438_dyn5e
dynamic,800,latest,served_rate_gain_pp,0.11999999999999789,ORTEC-SYNTH-800-s435_dyn5e
dynamic,800,latest,runtime_ratio,4.135333973807959,ORTEC-SYNTH-800-s435_dyn5e
dynamic,800,retry,served_rate_gain_pp,60.120000000000005,ORTEC-SYNTH-800-s435_dyn5e
dynamic,800,retry,runtime_ratio,2.0328917429337108,ORTEC-SYNTH-800-s435_dyn5e
dynamic,800,latest,served_rate_gain_pp,0.12000000000000899,ORTEC-SYNTH-800-s439_dyn5e
dynamic,800,latest,runtime_ratio,5.274108565126823,ORTEC-SYNTH-800-s439_dyn5e
dynamic,800,retry,served_rate_gain_pp,0.12000000000000899,ORTEC-SYNTH-800-s439_dyn5e
dynamic,800,retry,runtime_ratio,5.274108565126823,ORTEC-SYNTH-800-s439_dyn5e
dynamic,800,latest,served_rate_gain_pp,0.12000000000000899,ORTEC-SYNTH-800-s441_dyn5e
dynamic,800,latest,runtime_ratio,4.989616613418531,ORTEC-SYNTH-800-s441_dyn5e
dynamic,800,retry,served_rate_gain_pp,0.12000000000000899,ORTEC-SYNTH-800-s441_dyn5e
dynamic,800,retry,runtime_ratio,4.989616613418531,ORTEC-SYNTH-800-s441_dyn5e
dynamic,800,latest,served_rate_gain_pp,0.12999999999999678,ORTEC-SYNTH-800-s440_dyn5e
dynamic,800,latest,runtime_ratio,4.9504250483966,ORTEC-SYNTH-800-s440_dyn5e
dynamic,800,retry,served_rate_gain_pp,20.120000000000005,ORTEC-SYNTH-800-s440_dyn5e
dynamic,800,retry,runtime_ratio,2.8663412170692704,ORTEC-SYNTH-800-s440_dyn5e
dynamic,800,latest,served_rate_gain_pp,0.0,ORTEC-SYNTH-800-s436_dyn5e
dynamic,800,latest,runtime_ratio,3.0803103835924435,ORTEC-SYNTH-800-s436_dyn5e
dynamic,800,retry,served_rate_gain_pp,0.0,ORTEC-SYNTH-800-s436_dyn5e
dynamic,800,retry,runtime_ratio,3.0803103835924435,ORTEC-SYNTH-800-s436_dyn5e
dynamic,800,latest,served_rate_gain_pp,0.12000000000000899,ORTEC-SYNTH-800-s442_dyn5e
dynamic,800,latest,runtime_ratio,5.483045466090933,ORTEC-SYNTH-800-s442_dyn5e
dynamic,800,retry,served_rate_gain_pp,0.12000000000000899,ORTEC-SYNTH-800-s442_dyn5e
dynamic,800,retry,runtime_ratio,4.527241554483109,ORTEC-SYNTH-800-s442_dyn5e
dynamic,800,latest,served_rate_gain_pp,0.0,ORTEC-SYNTH-800-s437_dyn5e
dynamic,800,latest,runtime_ratio,2.9562988348183685,ORTEC-SYNTH-800-s437_dyn5e
dynamic,800,retry,served_rate_gain_pp,0.0,ORTEC-SYNTH-800-s437_dyn5e
dynamic,800,retry,runtime_ratio,2.9562988348183685,ORTEC-SYNTH-800-s437_dyn5e
dynamic,800,latest,served_rate_gain_pp,0.12000000000000899,ORTEC-SYNTH-800-s445_dyn5e
dynamic,800,latest,runtime_ratio,5.600153984344924,ORTEC-SYNTH-800-s445_dyn5e
dynamic,800,retry,served_rate_gain_pp,0.12000000000000899,ORTEC-SYNTH-800-s445_dyn5e
dynamic,800,retry,runtime_ratio,4.3417810855896315,ORTEC-SYNTH-800-s445_dyn5e
dynamic,800,latest,served_rate_gain_pp,0.12000000000000899,ORTEC-SYNTH-800-s444_dyn5e
dynamic,800,latest,runtime_ratio,4.56232014895898,ORTEC-SYNTH-800-s444_dyn5e
dynamic,800,retry,served_rate_gain_pp,0.12000000000000899,ORTEC-SYNTH-800-s444_dyn5e
dynamic,800,retry,runtime_ratio,4.316368560627434,ORTEC-SYNTH-800-s444_dyn5e
dynamic,800,latest,served_rate_gain_pp,0.12000000000000899,ORTEC-SYNTH-800-s446_dyn5e
dynamic,800,latest,runtime_ratio,5.72640427970959,ORTEC-SYNTH-800-s446_dyn5e
dynamic,800,retry,served_rate_gain_pp,0.12000000000000899,ORTEC-SYNTH-800-s446_dyn5e
dynamic,800,retry,runtime_ratio,4.2276780028021905,ORTEC-SYNTH-800-s446_dyn5e
dynamic,800,latest,served_rate_gain_pp,0.12000000000000899,ORTEC-SYNTH-800-s447_dyn5e
dynamic,800,latest,runtime_ratio,5.637891570204696,ORTEC-SYNTH-800-s447_dyn5e
dynamic,800,retry,served_rate_gain_pp,0.12000000000000899,ORTEC-SYNTH-800-s447_dyn5e
dynamic,800,retry,runtime_ratio,5.637891570204696,ORTEC-SYNTH-800-s447_dyn5e
dynamic,800,latest,served_rate_gain_pp,0.12000000000000899,ORTEC-SYNTH-800-s448_dyn5e
dynamic,800,latest,runtime_ratio,5.6640691586509195,ORTEC-SYNTH-800-s448_dyn5e
dynamic,800,retry,served_rate_gain_pp,0.12000000000000899,ORTEC-SYNTH-800-s448_dyn5e
dynamic,800,retry,runtime_ratio,4.927614757092415,ORTEC-SYNTH-800-s448_dyn5e
dynamic,800,latest,served_rate_gain_pp,0.12000000000000899,ORTEC-SYNTH-800-s449_dyn5e
dynamic,800,latest,runtime_ratio,5.906532066508313,ORTEC-SYNTH-800-s449_dyn5e
dynamic,800,retry,served_rate_gain_pp,0.12000000000000899,ORTEC-SYNTH-800-s449_dyn5e
dynamic,800,retry,runtime_ratio,5.075890736342043,ORTEC-SYNTH-800-s449_dyn5e
dynamic,800,latest,served_rate_gain_pp,0.12000000000000899,ORTEC-SYNTH-800-s452_dyn5e
dynamic,800,latest,runtime_ratio,6.209676310906468,ORTEC-SYNTH-800-s452_dyn5e
dynamic,800,retry,served_rate_gain_pp,0.12000000000000899,ORTEC-SYNTH-800-s452_dyn5e
dynamic,800,retry,runtime_ratio,4.496804343344101,ORTEC-SYNTH-800-s452_dyn5e
dynamic,800,latest,served_rate_gain_pp,0.12000000000000899,ORTEC-SYNTH-800-s450_dyn5e
dynamic,800,latest,runtime_ratio,4.8139392078599945,ORTEC-SYNTH-800-s450_dyn5e
dynamic,800,retry,served_rate_gain_pp,0.12000000000000899,ORTEC-SYNTH-800-s450_dyn5e
dynamic,800,retry,runtime_ratio,4.257343158325658,ORTEC-SYNTH-800-s450_dyn5e
dynamic,800,latest,served_rate_gain_pp,100.0,ORTEC-SYNTH-800-s443_dyn5e
dynamic,800,latest,runtime_ratio,2.569656266670314,ORTEC-SYNTH-800-s443_dyn5e
dynamic,800,retry,served_rate_gain_pp,100.0,ORTEC-SYNTH-800-s443_dyn5e
dynamic,800,retry,runtime_ratio,2.569656266670314,ORTEC-SYNTH-800-s443_dyn5e
dynamic,800,latest,served_rate_gain_pp,0.12000000000000899,ORTEC-SYNTH-800-s454_dyn5e
dynamic,800,latest,runtime_ratio,6.41634481693187,ORTEC-SYNTH-800-s454_dyn5e
dynamic,800,retry,served_rate_gain_pp,0.12000000000000899,ORTEC-SYNTH-800-s454_dyn5e
dynamic,800,retry,runtime_ratio,5.298547813996601,ORTEC-SYNTH-800-s454_dyn5e
dynamic,800,latest,served_rate_gain_pp,0.12000000000000899,ORTEC-SYNTH-800-s453_dyn5e
dynamic,800,latest,runtime_ratio,5.2003640700521,ORTEC-SYNTH-800-s453_dyn5e
dynamic,800,retry,served_rate_gain_pp,0.12000000000000899,ORTEC-SYNTH-800-s453_dyn5e
dynamic,800,retry,runtime_ratio,4.386165338020212,ORTEC-SYNTH-800-s453_dyn5e
dynamic,800,latest,served_rate_gain_pp,0.12000000000000899,ORTEC-SYNTH-800-s455_dyn5e
dynamic,800,latest,runtime_ratio,9.247097371607666,ORTEC-SYNTH-800-s455_dyn5e
dynamic,800,retry,served_rate_gain_pp,0.12000000000000899,ORTEC-SYNTH-800-s455_dyn5e
dynamic,800,retry,runtime_ratio,5.963245245387848,ORTEC-SYNTH-800-s455_dyn5e
dynamic,800,latest,served_rate_gain_pp,0.12000000000000899,ORTEC-SYNTH-800-s456_dyn5e
dynamic,800,latest,runtime_ratio,5.120166060054595,ORTEC-SYNTH-800-s456_dyn5e
dynamic,800,retry,served_rate_gain_pp,0.12000000000000899,ORTEC-SYNTH-800-s456_dyn5e
dynamic,800,retry,runtime_ratio,3.910600545950864,ORTEC-SYNTH-800-s456_dyn5e
dynamic,800,latest,served_rate_gain_pp,0.12000000000000899,ORTEC-SYNTH-800-s457_dyn5e
dynamic,800,latest,runtime_ratio,5.816926732164644,ORTEC-SYNTH-800-s457_dyn5e
dynamic,800,retry,served_rate_gain_pp,0.12000000000000899,ORTEC-SYNTH-800-s457_dyn5e
dynamic,800,retry,runtime_ratio,5.446221023566429,ORTEC-SYNTH-800-s457_dyn5e
dynamic,800,latest,served_rate_gain_pp,0.12999999999999678,ORTEC-SYNTH-800-s458_dyn5e
dynamic,800,latest,runtime_ratio,4.924183729939126,ORTEC-SYNTH-800-s458_dyn5e
dynamic,800,retry,served_rate_gain_pp,20.120000000000005,ORTEC-SYNTH-800-s458_dyn5e
dynamic,800,retry,runtime_ratio,3.2078820460115423,ORTEC-SYNTH-800-s458_dyn5e
dynamic,800,latest,served_rate_gain_pp,0.12000000000000899,ORTEC-SYNTH-800-s48_dyn5e
dynamic,800,latest,runtime_ratio,5.379142049833034,ORTEC-SYNTH-800-s48_dyn5e
dynamic,800,retry,served_rate_gain_pp,0.12000000000000899,ORTEC-SYNTH-800-s48_dyn5e
dynamic,800,retry,runtime_ratio,4.354225533007963,ORTEC-SYNTH-800-s48_dyn5e
dynamic,800,latest,served_rate_gain_pp,0.12000000000000899,ORTEC-SYNTH-800-s459_dyn5e
dynamic,800,latest,runtime_ratio,4.510658324566745,ORTEC-SYNTH-800-s459_dyn5e
dynamic,800,retry,served_rate_gain_pp,0.12000000000000899,ORTEC-SYNTH-800-s459_dyn5e
dynamic,800,retry,runtime_ratio,3.644482586789214,ORTEC-SYNTH-800-s459_dyn5e
dynamic,800,latest,served_rate_gain_pp,0.0,ORTEC-SYNTH-800-s451_dyn5e
dynamic,800,latest,runtime_ratio,2.8346736564747217,ORTEC-SYNTH-800-s451_dyn5e
dynamic,800,retry,served_rate_gain_pp,0.0,ORTEC-SYNTH-800-s451_dyn5e
dynamic,800,retry,runtime_ratio,2.8346736564747217,ORTEC-SYNTH-800-s451_dyn5e
dynamic,800,latest,served_rate_gain_pp,0.12000000000000899,ORTEC-SYNTH-800-s50_dyn5e
dynamic,800,latest,runtime_ratio,7.65313718539525,ORTEC-SYNTH-800-s50_dyn5e
dynamic,800,retry,served_rate_gain_pp,0.12000000000000899,ORTEC-SYNTH-800-s50_dyn5e
dynamic,800,retry,runtime_ratio,6.54563984402694,ORTEC-SYNTH-800-s50_dyn5e
dynamic,800,latest,served_rate_gain_pp,-1.8800000000000012,ORTEC-SYNTH-800-s49_dyn5e
dynamic,800,latest,runtime_ratio,4.017086557669557,ORTEC-SYNTH-800-s49_dyn5e
dynamic,800,retry,served_rate_gain_pp,80.12000000000002,ORTEC-SYNTH-800-s49_dyn5e
dynamic,800,retry,runtime_ratio,1.7050871782936714,ORTEC-SYNTH-800-s49_dyn5e
static,300,latest,runtime_ratio,5.894161829976101,ORTEC-SYNTH-300-s100
static,300,retry,runtime_ratio,5.201433936497098,ORTEC-SYNTH-300-s100
static,300,latest,runtime_ratio,5.946034879894702,ORTEC-SYNTH-300-s101
static,300,retry,runtime_ratio,5.035208950312603,ORTEC-SYNTH-300-s101
static,300,latest,runtime_ratio,6.626251788268956,ORTEC-SYNTH-300-s102
static,300,retry,runtime_ratio,6.405937052932761,ORTEC-SYNTH-300-s102
static,300,latest,runtime_ratio,6.01434626671014,ORTEC-SYNTH-300-s104
static,300,retry,runtime_ratio,5.077274209325073,ORTEC-SYNTH-300-s104
static,300,latest,runtime_ratio,4.483986747653231,ORTEC-SYNTH-300-s103
static,300,retry,runtime_ratio,4.8666482606294865,ORTEC-SYNTH-300-s103
static,300,latest,runtime_ratio,4.201256066228946,ORTEC-SYNTH-300-s106
static,300,retry,runtime_ratio,4.873536968312875,ORTEC-SYNTH-300-s106
static,300,latest,runtime_ratio,4.963098591549295,ORTEC-SYNTH-300-s107
static,300,retry,runtime_ratio,2.6307042253521127,ORTEC-SYNTH-300-s107
static,300,latest,runtime_ratio,2.982923906530856,ORTEC-SYNTH-300-s108
static,300,retry,runtime_ratio,5.41222288795686,ORTEC-SYNTH-300-s108
static,300,latest,runtime_ratio,2.0561367982900216,ORTEC-SYNTH-300-s105
static,300,retry,runtime_ratio,1.9097761277984024,ORTEC-SYNTH-300-s105
static,300,latest,runtime_ratio,4.625342090859332,ORTEC-SYNTH-300-s109
static,300,retry,runtime_ratio,2.5580186097427475,ORTEC-SYNTH-300-s109
static,300,latest,runtime_ratio,4.814534231200898,ORTEC-SYNTH-300-s110
static,300,retry,runtime_ratio,4.814534231200898,ORTEC-SYNTH-300-s110
static,300,latest,runtime_ratio,2.743841059602649,ORTEC-SYNTH-300-s111
static,300,retry,runtime_ratio,4.47841059602649,ORTEC-SYNTH-300-s111
static,300,latest,runtime_ratio,5.372486434727099,ORTEC-SYNTH-300-s44
static,300,retry,runtime_ratio,4.4883498244494096,ORTEC-SYNTH-300-s44
static,300,latest,runtime_ratio,6.441919191919192,ORTEC-SYNTH-300-s45
static,300,retry,runtime_ratio,6.94877344877345,ORTEC-SYNTH-300-s45
static,300,latest,runtime_ratio,3.8172757475083055,ORTEC-SYNTH-300-s43
static,300,retry,runtime_ratio,3.7027685492801776,ORTEC-SYNTH-300-s43
static,300,latest,runtime_ratio,2.4416464272018406,ORTEC-SYNTH-300-s42
static,300,retry,runtime_ratio,2.045634667007542,ORTEC-SYNTH-300-s42
static,300,latest,runtime_ratio,3.186915887850467,ORTEC-SYNTH-300-s47
static,300,retry,runtime_ratio,4.63613707165109,ORTEC-SYNTH-300-s47
static,300,latest,runtime_ratio,4.595892105914378,ORTEC-SYNTH-300-s46
static,300,retry,runtime_ratio,3.4971541697599604,ORTEC-SYNTH-300-s46
static,300,latest,runtime_ratio,5.022388059701493,ORTEC-SYNTH-300-s48
static,300,retry,runtime_ratio,5.022388059701493,ORTEC-SYNTH-300-s48
static,300,latest,runtime_ratio,5.783018867924529,ORTEC-SYNTH-300-s51
static,300,retry,runtime_ratio,4.8584905660377355,ORTEC-SYNTH-300-s51
static,300,latest,runtime_ratio,7.770512496844232,ORTEC-SYNTH-300-s50
static,300,retry,runtime_ratio,5.500126230749811,ORTEC-SYNTH-300-s50
static,300,latest,runtime_ratio,3.566792452830189,ORTEC-SYNTH-300-s52
static,300,retry,runtime_ratio,3.8664150943396227,ORTEC-SYNTH-300-s52
static,300,latest,runtime_ratio,5.299964751498061,ORTEC-SYNTH-300-s53
static,300,retry,runtime_ratio,5.248149453648219,ORTEC-SYNTH-300-s53
static,300,latest,runtime_ratio,4.801689083515796,ORTEC-SYNTH-300-s54
static,300,retry,runtime_ratio,5.966843916171411,ORTEC-SYNTH-300-s54
static,300,latest,runtime_ratio,2.4745955510616784,ORTEC-SYNTH-300-s49
static,300,retry,runtime_ratio,2.351112234580384,ORTEC-SYNTH-300-s49
static,300,latest,runtime_ratio,5.028053624627606,ORTEC-SYNTH-300-s55
static,300,retry,runtime_ratio,4.281032770605759,ORTEC-SYNTH-300-s55
static,300,latest,runtime_ratio,4.916577253218883,ORTEC-SYNTH-300-s57
static,300,retry,runtime_ratio,4.733100858369098,ORTEC-SYNTH-300-s57
static,300,latest,runtime_ratio,3.4366744366744366,ORTEC-SYNTH-300-s56
static,300,retry,runtime_ratio,3.20979020979021,ORTEC-SYNTH-300-s56
static,300,latest,runtime_ratio,2.972732181425486,ORTEC-SYNTH-300-s60
static,300,retry,runtime_ratio,2.972732181425486,ORTEC-SYNTH-300-s60
static,300,latest,runtime_ratio,3.411663807890223,ORTEC-SYNTH-300-s61
static,300,retry,runtime_ratio,5.5379073756432255,ORTEC-SYNTH-300-s61
static,300,latest,runtime_ratio,1.4714389009399855,ORTEC-SYNTH-300-s58
static,300,retry,runtime_ratio,1.2559652928416485,ORTEC-SYNTH-300-s58
static,300,latest,runtime_ratio,3.531510503501167,ORTEC-SYNTH-300-s62
static,300,retry,runtime_ratio,5.050350116705569,ORTEC-SYNTH-300-s62
static,300,latest,runtime_ratio,3.7204051487655625,ORTEC-SYNTH-300-s63
static,300,retry,runtime_ratio,3.497573327706267,ORTEC-SYNTH-300-s63
static,300,latest,runtime_ratio,6.952647278150634,ORTEC-SYNTH-300-s65
static,300,retry,runtime_ratio,6.952647278150634,ORTEC-SYNTH-300-s65
static,300,latest,runtime_ratio,1.6371181938911024,ORTEC-SYNTH-300-s59
static,300,retry,runtime_ratio,1.6371181938911024,ORTEC-SYNTH-300-s59
static,300,latest,runtime_ratio,6.03983101991551,ORTEC-SYNTH-300-s66
static,300,retry,runtime_ratio,4.855763427881714,ORTEC-SYNTH-300-s66
static,300,latest,runtime_ratio,2.144535182906365,ORTEC-SYNTH-300-s64
static,300,retry,runtime_ratio,2.144535182906365,ORTEC-SYNTH-300-s64
static,300,latest,runtime_ratio,4.691933418693982,ORTEC-SYNTH-300-s67
static,300,retry,runtime_ratio,3.9265044814340597,ORTEC-SYNTH-300-s67
static,300,latest,runtime_ratio,5.990394170255051,ORTEC-SYNTH-300-s69
static,300,retry,runtime_ratio,6.0271613116926135,ORTEC-SYNTH-300-s69
static,300,latest,runtime_ratio,5.194561933534743,ORTEC-SYNTH-300-s72
static,300,retry,runtime_ratio,4.580664652567976,ORTEC-SYNTH-300-s72
static,300,latest,runtime_ratio,3.162108672184239,ORTEC-SYNTH-300-s70
static,300,retry,runtime_ratio,3.781756027347967,ORTEC-SYNTH-300-s70
static,300,latest,runtime_ratio,7.9441991168205535,ORTEC-SYNTH-300-s73
static,300,retry,runtime_ratio,7.785226816539542,ORTEC-SYNTH-300-s73
static,300,latest,runtime_ratio,2.4919870464170057,ORTEC-SYNTH-300-s68
static,300,retry,runtime_ratio,2.4919870464170057,ORTEC-SYNTH-300-s68
static,300,latest,runtime_ratio,5.12478386167147,ORTEC-SYNTH-300-s75
static,300,retry,runtime_ratio,5.12478386167147,ORTEC-SYNTH-300-s75
static,300,latest,runtime_ratio,2.050642353916287,ORTEC-SYNTH-300-s71
static,300,retry,runtime_ratio,2.050642353916287,ORTEC-SYNTH-300-s71
static,300,latest,runtime_ratio,7.199594046008119,ORTEC-SYNTH-300-s76
static,300,retry,runtime_ratio,5.332205683355887,ORTEC-SYNTH-300-s76
static,300,latest,runtime_ratio,2.4970059880239517,ORTEC-SYNTH-300-s74
static,300,retry,runtime_ratio,2.4970059880239517,ORTEC-SYNTH-300-s74
static,300,latest,runtime_ratio,5.300906344410876,ORTEC-SYNTH-300-s79
static,300,retry,runtime_ratio,5.82809667673716,ORTEC-SYNTH-300-s79
static,300,latest,runtime_ratio,5.992807671816729,ORTEC-SYNTH-300-s78
static,300,retry,runtime_ratio,4.2189664358018115,ORTEC-SYNTH-300-s78
static,300,latest,runtime_ratio,6.679684566278633,ORTEC-SYNTH-300-s81
static,300,retry,runtime_ratio,3.425084491175366,ORTEC-SYNTH-300-s81
static,300,latest,runtime_ratio,2.401574803149606,ORTEC-SYNTH-300-s80
static,300,retry,runtime_ratio,0.9956255468066492,ORTEC-SYNTH-300-s80
static,300,latest,runtime_ratio,4.5124364047484455,ORTEC-SYNTH-300-s82
static,300,retry,runtime_ratio,4.630299604296212,ORTEC-SYNTH-300-s82
static,300,latest,runtime_ratio,5.518923713778829,ORTEC-SYNTH-300-s83
static,300,retry,runtime_ratio,5.518923713778829,ORTEC-SYNTH-300-s83
static,300,latest,runtime_ratio,2.8634891638296107,ORTEC-SYNTH-300-s77
static,300,retry,runtime_ratio,1.0950759777464085,ORTEC-SYNTH-300-s77
static,300,latest,runtime_ratio,3.521288578508673,ORTEC-SYNTH-300-s85
static,300,retry,runtime_ratio,3.521288578508673,ORTEC-SYNTH-300-s85
static,300,latest,runtime_ratio,5.051871500147362,ORTEC-SYNTH-300-s86
static,300,retry,runtime_ratio,5.051871500147362,ORTEC-SYNTH-300-s86
static,300,latest,runtime_ratio,5.613934164269735,ORTEC-SYNTH-300-s87
static,300,retry,runtime_ratio,5.613934164269735,ORTEC-SYNTH-300-s87
static,300,latest,runtime_ratio,4.243543326092204,ORTEC-SYNTH-300-s89
static,300,retry,runtime_ratio,4.66642529567946,ORTEC-SYNTH-300-s89
static,300,latest,runtime_ratio,3.408521303258145,ORTEC-SYNTH-300-s90
static,300,retry,runtime_ratio,3.408521303258145,ORTEC-SYNTH-300-s90
static,300,latest,runtime_ratio,1.53337914784999,ORTEC-SYNTH-300-s84
static,300,retry,runtime_ratio,1.9314745729432556,ORTEC-SYNTH-300-s84
static,300,latest,runtime_ratio,4.099923722349351,ORTEC-SYNTH-300-s92
static,300,retry,runtime_ratio,6.745232646834478,ORTEC-SYNTH-300-s92
static,300,latest,runtime_ratio,5.635598705501618,ORTEC-SYNTH-300-s94
static,300,retry,runtime_ratio,5.204530744336569,ORTEC-SYNTH-300-s94
static,300,latest,runtime_ratio,2.670429081251556,ORTEC-SYNTH-300-s88
static,300,retry,runtime_ratio,1.2436716739978422,ORTEC-SYNTH-300-s88
static,300,latest,runtime_ratio,2.2778761061946904,ORTEC-SYNTH-300-s93
static,300,retry,runtime_ratio,1.8690265486725666,ORTEC-SYNTH-300-s93
static,300,latest,runtime_ratio,5.130409694171957,ORTEC-SYNTH-300-s95
static,300,retry,runtime_ratio,5.0008655510675135,ORTEC-SYNTH-300-s95
static,300,latest,runtime_ratio,4.911032028469751,ORTEC-SYNTH-300-s96
static,300,retry,runtime_ratio,6.855871886120997,ORTEC-SYNTH-300-s96
static,300,latest,runtime_ratio,2.6083817427385894,ORTEC-SYNTH-300-s91
static,300,retry,runtime_ratio,1.127883817427386,ORTEC-SYNTH-300-s91
static,300,latest,runtime_ratio,4.787488775815624,ORTEC-SYNTH-300-s98
static,300,retry,runtime_ratio,5.36126908111344,ORTEC-SYNTH-300-s98
static,300,latest,runtime_ratio,5.435640732265446,ORTEC-SYNTH-300-s99
static,300,retry,runtime_ratio,5.435640732265446,ORTEC-SYNTH-300-s99
static,300,latest,runtime_ratio,1.8154792414146592,ORTEC-SYNTH-300-s97
static,300,retry,runtime_ratio,2.8047155304971807,ORTEC-SYNTH-300-s97
static,500,latest,runtime_ratio,2.7428112879497126,ORTEC-SYNTH-500-s201
static,500,retry,runtime_ratio,2.333422495653337,ORTEC-SYNTH-500-s201
static,500,latest,runtime_ratio,1.9294197488971838,ORTEC-SYNTH-500-s200
static,500,retry,runtime_ratio,1.9294197488971838,ORTEC-SYNTH-500-s200
static,500,latest,runtime_ratio,2.1638244874497032,ORTEC-SYNTH-500-s202
static,500,retry,runtime_ratio,2.1638244874497032,ORTEC-SYNTH-500-s202
static,500,latest,runtime_ratio,1.445953686277719,ORTEC-SYNTH-500-s203
static,500,retry,runtime_ratio,1.3410522870468864,ORTEC-SYNTH-500-s203
static,500,latest,runtime_ratio,2.107673267326733,ORTEC-SYNTH-500-s204
static,500,retry,runtime_ratio,1.9889851485148518,ORTEC-SYNTH-500-s204
static,500,latest,runtime_ratio,3.17088184129533,ORTEC-SYNTH-500-s205
static,500,retry,runtime_ratio,3.17088184129533,ORTEC-SYNTH-500-s205
static,500,latest,runtime_ratio,3.266539703568767,ORTEC-SYNTH-500-s206
static,500,retry,runtime_ratio,1.153018133642461,ORTEC-SYNTH-500-s206
static,500,latest,runtime_ratio,1.775900900900901,ORTEC-SYNTH-500-s208
static,500,retry,runtime_ratio,2.0012512512512513,ORTEC-SYNTH-500-s208
static,500,latest,runtime_ratio,1.4755737704918033,ORTEC-SYNTH-500-s207
static,500,retry,runtime_ratio,1.4755737704918033,ORTEC-SYNTH-500-s207
static,500,latest,runtime_ratio,1.1954146664459528,ORTEC-SYNTH-500-s209
static,500,retry,runtime_ratio,1.2214037411024665,ORTEC-SYNTH-500-s209
static,500,latest,runtime_ratio,2.6758383490971624,ORTEC-SYNTH-500-s210
static,500,retry,runtime_ratio,2.387646890226426,ORTEC-SYNTH-500-s210
static,500,latest,runtime_ratio,1.9475017735887301,ORTEC-SYNTH-500-s211
static,500,retry,runtime_ratio,1.9103070842201277,ORTEC-SYNTH-500-s211
static,500,latest,runtime_ratio,1.5251688821093918,ORTEC-SYNTH-500-s213
static,500,retry,runtime_ratio,2.7849204619742864,ORTEC-SYNTH-500-s213
static,500,latest,runtime_ratio,1.282396694214876,ORTEC-SYNTH-500-s212
static,500,retry,runtime_ratio,1.4583471074380165,ORTEC-SYNTH-500-s212
static,500,latest,runtime_ratio,1.7029097874669343,ORTEC-SYNTH-500-s214
static,500,retry,runtime_ratio,1.6478153790020982,ORTEC-SYNTH-500-s214
static,500,latest,runtime_ratio,1.9794598275079436,ORTEC-SYNTH-500-s215
static,500,retry,runtime_ratio,1.9235133908306854,ORTEC-SYNTH-500-s215
static,500,latest,runtime_ratio,2.3885309278350517,ORTEC-SYNTH-500-s216
static,500,retry,runtime_ratio,3.3712628865979384,ORTEC-SYNTH-500-s216
static,500,latest,runtime_ratio,1.745374521150868,ORTEC-SYNTH-500-s217
static,500,retry,runtime_ratio,1.6754421713261065,ORTEC-SYNTH-500-s217
static,500,latest,runtime_ratio,2.011959315971834,ORTEC-SYNTH-500-s219
static,500,retry,runtime_ratio,1.8824186878283222,ORTEC-SYNTH-500-s219
static,500,latest,runtime_ratio,1.4679688793246153,ORTEC-SYNTH-500-s218
static,500,retry,runtime_ratio,1.4679688793246153,ORTEC-SYNTH-500-s218
static,500,latest,runtime_ratio,1.5239274744872684,ORTEC-SYNTH-500-s220
static,500,retry,runtime_ratio,1.6805706925591994,ORTEC-SYNTH-500-s220
static,500,latest,runtime_ratio,2.3091162143354214,ORTEC-SYNTH-500-s222
static,500,retry,runtime_ratio,2.22713987473904,ORTEC-SYNTH-500-s222
static,500,latest,runtime_ratio,2.3773418835659497,ORTEC-SYNTH-500-s223
static,500,retry,runtime_ratio,2.3773418835659497,ORTEC-SYNTH-500-s223
static,500,latest,runtime_ratio,1.4961049610496104,ORTEC-SYNTH-500-s221
static,500,retry,runtime_ratio,1.50569905699057,ORTEC-SYNTH-500-s221
static,500,latest,runtime_ratio,1.9514770182361099,ORTEC-SYNTH-500-s224
static,500,retry,runtime_ratio,1.8721339447584517,ORTEC-SYNTH-500-s224
static,500,latest,runtime_ratio,2.5264966301044005,ORTEC-SYNTH-500-s225
static,500,retry,runtime_ratio,2.5264966301044005,ORTEC-SYNTH-500-s225
static,500,latest,runtime_ratio,2.4593905222177472,ORTEC-SYNTH-500-s226
static,500,retry,runtime_ratio,1.8819975835682643,ORTEC-SYNTH-500-s226
static,500,latest,runtime_ratio,1.8462612163509473,ORTEC-SYNTH-500-s228
static,500,retry,runtime_ratio,2.564307078763709,ORTEC-SYNTH-500-s228
static,500,latest,runtime_ratio,2.1227541569021313,ORTEC-SYNTH-500-s229
static,500,retry,runtime_ratio,2.1227541569021313,ORTEC-SYNTH-500-s229
static,500,latest,runtime_ratio,1.582559087204564,ORTEC-SYNTH-500-s227
static,500,retry,runtime_ratio,1.582559087204564,ORTEC-SYNTH-500-s227
static,500,latest,runtime_ratio,2.2927847346452,ORTEC-SYNTH-500-s230
static,500,retry,runtime_ratio,2.098389982110912,ORTEC-SYNTH-500-s230
static,500,latest,runtime_ratio,2.5457271364317844,ORTEC-SYNTH-500-s232
static,500,retry,runtime_ratio,4.086356821589205,ORTEC-SYNTH-500-s232
static,500,latest,runtime_ratio,2.0121225983531565,ORTEC-SYNTH-500-s231
static,500,retry,runtime_ratio,1.920402561756633,ORTEC-SYNTH-500-s231
static,500,latest,runtime_ratio,1.6934023285899096,ORTEC-SYNTH-500-s234
static,500,retry,runtime_ratio,2.035575679172057,ORTEC-SYNTH-500-s234
static,500,latest,runtime_ratio,1.1558036447217208,ORTEC-SYNTH-500-s233
static,500,retry,runtime_ratio,1.1635199474634708,ORTEC-SYNTH-500-s233
static,500,latest,runtime_ratio,1.619003796157828,ORTEC-SYNTH-500-s235
static,500,retry,runtime_ratio,2.112734383987116,ORTEC-SYNTH-500-s235
static,500,latest,runtime_ratio,2.160622396471453,ORTEC-SYNTH-500-s236
static,500,retry,runtime_ratio,2.160622396471453,ORTEC-SYNTH-500-s236
static,500,latest,runtime_ratio,1.8552225650066108,ORTEC-SYNTH-500-s237
static,500,retry,runtime_ratio,1.9303657999118553,ORTEC-SYNTH-500-s237
static,500,latest,runtime_ratio,2.329368594204732,ORTEC-SYNTH-500-s239
static,500,retry,runtime_ratio,1.423763127926104,ORTEC-SYNTH-500-s239
static,500,latest,runtime_ratio,1.9001576458223854,ORTEC-SYNTH-500-s240
static,500,retry,runtime_ratio,1.7184708355228586,ORTEC-SYNTH-500-s240
static,500,latest,runtime_ratio,1.302766476810415,ORTEC-SYNTH-500-s238
static,500,retry,runtime_ratio,1.0558991049633848,ORTEC-SYNTH-500-s238
static,500,latest,runtime_ratio,1.7569204152249134,ORTEC-SYNTH-500-s241
static,500,retry,runtime_ratio,1.8804065743944636,ORTEC-SYNTH-500-s241
static,500,latest,runtime_ratio,1.6990010831628353,ORTEC-SYNTH-500-s242
static,500,retry,runtime_ratio,1.6686725237694067,ORTEC-SYNTH-500-s242
static,500,latest,runtime_ratio,1.935645933014354,ORTEC-SYNTH-500-s243
static,500,retry,runtime_ratio,1.935645933014354,ORTEC-SYNTH-500-s243
static,500,latest,runtime_ratio,1.536234268322777,ORTEC-SYNTH-500-s244
static,500,retry,runtime_ratio,1.387595623920375,ORTEC-SYNTH-500-s244
static,500,latest,runtime_ratio,2.039534138262635,ORTEC-SYNTH-500-s245
static,500,retry,runtime_ratio,2.031947857677102,ORTEC-SYNTH-500-s245
static,500,latest,runtime_ratio,1.9940092686786481,ORTEC-SYNTH-500-s246
static,500,retry,runtime_ratio,2.342262913982141,ORTEC-SYNTH-500-s246
static,500,latest,runtime_ratio,1.8032691749685656,ORTEC-SYNTH-500-s247
static,500,retry,runtime_ratio,1.6091498210658672,ORTEC-SYNTH-500-s247
static,500,latest,runtime_ratio,2.431418830317335,ORTEC-SYNTH-500-s249
static,500,retry,runtime_ratio,2.431418830317335,ORTEC-SYNTH-500-s249
static,500,latest,runtime_ratio,1.547391805167023,ORTEC-SYNTH-500-s248
static,500,retry,runtime_ratio,1.3586473588941912,ORTEC-SYNTH-500-s248
static,500,latest,runtime_ratio,2.9711927496358634,ORTEC-SYNTH-500-s251
static,500,retry,runtime_ratio,5.604304903706102,ORTEC-SYNTH-500-s251
static,500,latest,runtime_ratio,2.8470831609433183,ORTEC-SYNTH-500-s250
static,500,retry,runtime_ratio,1.267025237898221,ORTEC-SYNTH-500-s250
static,500,latest,runtime_ratio,3.3141651497600533,ORTEC-SYNTH-500-s252
static,500,retry,runtime_ratio,1.539798113519775,ORTEC-SYNTH-500-s252
static,500,latest,runtime_ratio,1.8179382644146769,ORTEC-SYNTH-500-s254
static,500,retry,runtime_ratio,2.201980198019802,ORTEC-SYNTH-500-s254
static,500,latest,runtime_ratio,1.3182416858742179,ORTEC-SYNTH-500-s253
static,500,retry,runtime_ratio,1.3182416858742179,ORTEC-SYNTH-500-s253
static,500,latest,runtime_ratio,2.6213565409586956,ORTEC-SYNTH-500-s256
static,500,retry,runtime_ratio,3.5049039922641247,ORTEC-SYNTH-500-s256
static,500,latest,runtime_ratio,2.1973531844499585,ORTEC-SYNTH-500-s255
static,500,retry,runtime_ratio,1.2272125723738627,ORTEC-SYNTH-500-s255
static,500,latest,runtime_ratio,1.9082476811230886,ORTEC-SYNTH-500-s257
static,500,retry,runtime_ratio,1.9082476811230886,ORTEC-SYNTH-500-s257
static,500,latest,runtime_ratio,2.664690103063674,ORTEC-SYNTH-500-s260
static,500,retry,runtime_ratio,2.5890159536919386,ORTEC-SYNTH-500-s260
static,500,latest,runtime_ratio,1.4532568619418271,ORTEC-SYNTH-500-s258
static,500,retry,runtime_ratio,1.6680868496517822,ORTEC-SYNTH-500-s258
static,500,latest,runtime_ratio,1.9935476933003549,ORTEC-SYNTH-500-s261
static,500,retry,runtime_ratio,1.9935476933003549,ORTEC-SYNTH-500-s261
static,500,latest,runtime_ratio,1.908044901777362,ORTEC-SYNTH-500-s259
static,500,retry,runtime_ratio,1.525070159027128,ORTEC-SYNTH-500-s259
static,500,latest,runtime_ratio,3.3341798625634897,ORTEC-SYNTH-500-s262
static,500,retry,runtime_ratio,3.3341798625634897,ORTEC-SYNTH-500-s262
static,500,latest,runtime_ratio,2.674236944886446,ORTEC-SYNTH-500-s264
static,500,retry,runtime_ratio,2.674236944886446,ORTEC-SYNTH-500-s264
static,500,latest,runtime_ratio,1.514165559982293,ORTEC-SYNTH-500-s265
static,500,retry,runtime_ratio,1.514165559982293,ORTEC-SYNTH-500-s265
static,500,latest,runtime_ratio,1.4866384226820923,ORTEC-SYNTH-500-s263
static,500,retry,runtime_ratio,1.3124490793547336,ORTEC-SYNTH-500-s263
static,500,latest,runtime_ratio,1.848572213069742,ORTEC-SYNTH-500-s266
static,500,retry,runtime_ratio,1.879873695771554,ORTEC-SYNTH-500-s266
static,500,latest,runtime_ratio,1.8211285933987933,ORTEC-SYNTH-500-s267
static,500,retry,runtime_ratio,2.17733349106826,ORTEC-SYNTH-500-s267
static,500,latest,runtime_ratio,2.428149606299213,ORTEC-SYNTH-500-s268
static,500,retry,runtime_ratio,2.4279035433070866,ORTEC-SYNTH-500-s268
static,500,latest,runtime_ratio,1.614151272220286,ORTEC-SYNTH-500-s45
static,500,retry,runtime_ratio,1.9686301847333567,ORTEC-SYNTH-500-s45
static,500,latest,runtime_ratio,2.36927520286068,ORTEC-SYNTH-500-s46
static,500,retry,runtime_ratio,2.366387016916518,ORTEC-SYNTH-500-s46
static,500,latest,runtime_ratio,1.1215397215397216,ORTEC-SYNTH-500-s269
static,500,retry,runtime_ratio,1.4343161343161344,ORTEC-SYNTH-500-s269
static,500,latest,runtime_ratio,2.2291876347951116,ORTEC-SYNTH-500-s47
static,500,retry,runtime_ratio,2.2291876347951116,ORTEC-SYNTH-500-s47
static,800,latest,runtime_ratio,1.5289432629936777,ORTEC-SYNTH-800-s400
static,800,retry,runtime_ratio,0.8789720009853025,ORTEC-SYNTH-800-s400
static,800,latest,runtime_ratio,1.5318903793926424,ORTEC-SYNTH-800-s401
static,800,retry,runtime_ratio,1.5318903793926424,ORTEC-SYNTH-800-s401
static,800,latest,runtime_ratio,2.7563031893740555,ORTEC-SYNTH-800-s402
static,800,retry,runtime_ratio,1.245526127415891,ORTEC-SYNTH-800-s402
static,800,latest,runtime_ratio,1.6466590239109073,ORTEC-SYNTH-800-s403
static,800,retry,runtime_ratio,0.9412053717654765,ORTEC-SYNTH-800-s403
static,800,latest,runtime_ratio,3.032062320623206,ORTEC-SYNTH-800-s404
static,800,retry,runtime_ratio,1.361049610496105,ORTEC-SYNTH-800-s404
static,800,latest,runtime_ratio,1.2432365759394786,ORTEC-SYNTH-800-s405
static,800,retry,runtime_ratio,1.3975002055751993,ORTEC-SYNTH-800-s405
static,800,latest,runtime_ratio,1.4406614785992218,ORTEC-SYNTH-800-s406
static,800,retry,runtime_ratio,0.8139591439688716,ORTEC-SYNTH-800-s406
static,800,latest,runtime_ratio,1.2356839005235603,ORTEC-SYNTH-800-s407
static,800,retry,runtime_ratio,1.2356839005235603,ORTEC-SYNTH-800-s407
static,800,latest,runtime_ratio,1.4955570182655915,ORTEC-SYNTH-800-s408
static,800,retry,runtime_ratio,1.4955570182655915,ORTEC-SYNTH-800-s408
static,800,latest,runtime_ratio,1.2838614349039568,ORTEC-SYNTH-800-s409
static,800,retry,runtime_ratio,1.2285339024790676,ORTEC-SYNTH-800-s409
static,800,latest,runtime_ratio,3.1014998809618284,ORTEC-SYNTH-800-s410
static,800,retry,runtime_ratio,1.4285374176652645,ORTEC-SYNTH-800-s410
static,800,latest,runtime_ratio,1.4060988605623412,ORTEC-SYNTH-800-s411
static,800,retry,runtime_ratio,1.3766702188703992,ORTEC-SYNTH-800-s411
static,800,latest,runtime_ratio,1.2182116488925347,ORTEC-SYNTH-800-s412
static,800,retry,runtime_ratio,0.8287120590648072,ORTEC-SYNTH-800-s412
static,800,latest,runtime_ratio,1.431894504054386,ORTEC-SYNTH-800-s413
static,800,retry,runtime_ratio,1.1883856171676632,ORTEC-SYNTH-800-s413
static,800,latest,runtime_ratio,1.536854646544877,ORTEC-SYNTH-800-s414
static,800,retry,runtime_ratio,1.9856235107227957,ORTEC-SYNTH-800-s414
static,800,latest,runtime_ratio,1.447908994189377,ORTEC-SYNTH-800-s415
static,800,retry,runtime_ratio,1.447908994189377,ORTEC-SYNTH-800-s415
static,800,latest,runtime_ratio,1.5146865769609454,ORTEC-SYNTH-800-s416
static,800,retry,runtime_ratio,1.5146865769609454,ORTEC-SYNTH-800-s416
static,800,latest,runtime_ratio,0.9555555555555556,ORTEC-SYNTH-800-s417
static,800,retry,runtime_ratio,1.470048309178744,ORTEC-SYNTH-800-s417
static,800,latest,runtime_ratio,2.931955070812307,ORTEC-SYNTH-800-s418
static,800,retry,runtime_ratio,1.422920397200065,ORTEC-SYNTH-800-s418
static,800,latest,runtime_ratio,1.7036827653044742,ORTEC-SYNTH-800-s419
static,800,retry,runtime_ratio,0.9340978840251979,ORTEC-SYNTH-800-s419
static,800,latest,runtime_ratio,1.384776480064438,ORTEC-SYNTH-800-s420
static,800,retry,runtime_ratio,1.7783326621022955,ORTEC-SYNTH-800-s420
static,800,latest,runtime_ratio,1.4800929263798766,ORTEC-SYNTH-800-s421
static,800,retry,runtime_ratio,1.3632139710005606,ORTEC-SYNTH-800-s421
static,800,latest,runtime_ratio,1.3661057692307694,ORTEC-SYNTH-800-s422
static,800,retry,runtime_ratio,1.3661057692307694,ORTEC-SYNTH-800-s422
static,800,latest,runtime_ratio,1.407676348547718,ORTEC-SYNTH-800-s423
static,800,retry,runtime_ratio,1.407676348547718,ORTEC-SYNTH-800-s423
static,800,latest,runtime_ratio,1.8126111560226355,ORTEC-SYNTH-800-s424
static,800,retry,runtime_ratio,0.9061438965238481,ORTEC-SYNTH-800-s424
static,800,latest,runtime_ratio,1.3534406080698633,ORTEC-SYNTH-800-s425
static,800,retry,runtime_ratio,0.8703808522681329,ORTEC-SYNTH-800-s425
static,800,latest,runtime_ratio,1.1613816534541335,ORTEC-SYNTH-800-s426
static,800,retry,runtime_ratio,1.154263064229089,ORTEC-SYNTH-800-s426
static,800,latest,runtime_ratio,1.5615956511311855,ORTEC-SYNTH-800-s427
static,800,retry,runtime_ratio,1.2032936285874172,ORTEC-SYNTH-800-s427
static,800,latest,runtime_ratio,2.529580609153245,ORTEC-SYNTH-800-s428
static,800,retry,runtime_ratio,1.7024398022643916,ORTEC-SYNTH-800-s428
static,800,latest,runtime_ratio,3.1410412112379564,ORTEC-SYNTH-800-s429
static,800,retry,runtime_ratio,2.09699619464011,ORTEC-SYNTH-800-s429
static,800,latest,runtime_ratio,1.6365178066704353,ORTEC-SYNTH-800-s430
static,800,retry,runtime_ratio,1.4187192118226601,ORTEC-SYNTH-800-s430
static,800,latest,runtime_ratio,3.1029970110671297,ORTEC-SYNTH-800-s431
static,800,retry,runtime_ratio,0.8214718474836415,ORTEC-SYNTH-800-s431
static,800,latest,runtime_ratio,1.4447353804649687,ORTEC-SYNTH-800-s432
static,800,retry,runtime_ratio,1.8697135602634292,ORTEC-SYNTH-800-s432
static,800,latest,runtime_ratio,3.4729189966448315,ORTEC-SYNTH-800-s433
static,800,retry,runtime_ratio,1.2895031155136603,ORTEC-SYNTH-800-s433
static,800,latest,runtime_ratio,1.1625373254781697,ORTEC-SYNTH-800-s434
static,800,retry,runtime_ratio,1.1625373254781697,ORTEC-SYNTH-800-s434
static,800,latest,runtime_ratio,3.3516492422400517,ORTEC-SYNTH-800-s435
static,800,retry,runtime_ratio,1.3437879893022124,ORTEC-SYNTH-800-s435
static,800,latest,runtime_ratio,2.881127352014859,ORTEC-SYNTH-800-s436
static,800,retry,runtime_ratio,1.53000080755875,ORTEC-SYNTH-800-s436
static,800,latest,runtime_ratio,1.4587059866247682,ORTEC-SYNTH-800-s437
static,800,retry,runtime_ratio,1.4587059866247682,ORTEC-SYNTH-800-s437
static,800,latest,runtime_ratio,1.514441906005222,ORTEC-SYNTH-800-s438
static,800,retry,runtime_ratio,1.514441906005222,ORTEC-SYNTH-800-s438
static,800,latest,runtime_ratio,1.4605835885861678,ORTEC-SYNTH-800-s439
static,800,retry,runtime_ratio,0.8633725616637111,ORTEC-SYNTH-800-s439
static,800,latest,runtime_ratio,1.9725994567822336,ORTEC-SYNTH-800-s440
static,800,retry,runtime_ratio,1.9725994567822336,ORTEC-SYNTH-800-s440
static,800,latest,runtime_ratio,1.490275856456994,ORTEC-SYNTH-800-s441
static,800,retry,runtime_ratio,1.451542029457238,ORTEC-SYNTH-800-s441
static,800,latest,runtime_ratio,1.5681818181818183,ORTEC-SYNTH-800-s442
static,800,retry,runtime_ratio,1.3039974210186978,ORTEC-SYNTH-800-s442
static,800,latest,runtime_ratio,3.027163461538462,ORTEC-SYNTH-800-s443
static,800,retry,runtime_ratio,1.267548076923077,ORTEC-SYNTH-800-s443
static,800,latest,runtime_ratio,1.3484228268721405,ORTEC-SYNTH-800-s444
static,800,retry,runtime_ratio,1.43719399630789,ORTEC-SYNTH-800-s444
static,800,latest,runtime_ratio,1.6776230569948187,ORTEC-SYNTH-800-s445
static,800,retry,runtime_ratio,1.356136658031088,ORTEC-SYNTH-800-s445
static,800,latest,runtime_ratio,0.8363370677057963,ORTEC-SYNTH-800-s446
static,800,retry,runtime_ratio,0.8363370677057963,ORTEC-SYNTH-800-s446
static,800,latest,runtime_ratio,1.5940184794942454,ORTEC-SYNTH-800-s447
static,800,retry,runtime_ratio,1.5940184794942454,ORTEC-SYNTH-800-s447
static,800,latest,runtime_ratio,1.2894482090997097,ORTEC-SYNTH-800-s448
static,800,retry,runtime_ratio,1.2894482090997097,ORTEC-SYNTH-800-s448
static,800,latest,runtime_ratio,2.2167995490053958,ORTEC-SYNTH-800-s449
static,800,retry,runtime_ratio,1.5453813320447771,ORTEC-SYNTH-800-s449
static,800,latest,runtime_ratio,1.392581888246628,ORTEC-SYNTH-800-s450
static,800,retry,runtime_ratio,1.4060693641618496,ORTEC-SYNTH-800-s450
static,800,latest,runtime_ratio,2.9237994979350557,ORTEC-SYNTH-800-s451
static,800,retry,runtime_ratio,1.3719329500364401,ORTEC-SYNTH-800-s451
static,800,latest,runtime_ratio,1.1448575567358763,ORTEC-SYNTH-800-s452
static,800,retry,runtime_ratio,1.1448575567358763,ORTEC-SYNTH-800-s452
static,800,latest,runtime_ratio,1.2285018270401948,ORTEC-SYNTH-800-s453
static,800,retry,runtime_ratio,1.2285018270401948,ORTEC-SYNTH-800-s453
static,800,latest,runtime_ratio,1.2438945756427824,ORTEC-SYNTH-800-s454
static,800,retry,runtime_ratio,1.2438945756427824,ORTEC-SYNTH-800-s454
static,800,latest,runtime_ratio,1.2992747784045127,ORTEC-SYNTH-800-s455
static,800,retry,runtime_ratio,1.2992747784045127,ORTEC-SYNTH-800-s455
static,800,latest,runtime_ratio,1.3409309791332265,ORTEC-SYNTH-800-s456
static,800,retry,runtime_ratio,1.3409309791332265,ORTEC-SYNTH-800-s456
static,800,latest,runtime_ratio,1.460714860730961,ORTEC-SYNTH-800-s457
static,800,retry,runtime_ratio,1.1490098212848172,ORTEC-SYNTH-800-s457
static,800,latest,runtime_ratio,3.3116234080283733,ORTEC-SYNTH-800-s458
static,800,retry,runtime_ratio,1.3211349347090118,ORTEC-SYNTH-800-s458
static,800,latest,runtime_ratio,1.3423759008826628,ORTEC-SYNTH-800-s459
static,800,retry,runtime_ratio,1.1771803384889465,ORTEC-SYNTH-800-s459
static,800,latest,runtime_ratio,1.4787047375977032,ORTEC-SYNTH-800-s48
static,800,retry,runtime_ratio,1.4787047375977032,ORTEC-SYNTH-800-s48
static,800,latest,runtime_ratio,2.905115907274181,ORTEC-SYNTH-800-s49
static,800,retry,runtime_ratio,1.3253397282174262,ORTEC-SYNTH-800-s49
static,800,latest,runtime_ratio,1.4712326543861074,ORTEC-SYNTH-800-s50
static,800,retry,runtime_ratio,0.8647244989044875,ORTEC-SYNTH-800-s50
